2026-09-02 11:00:20,969 [Worker-1: Loading available Gradle versions] INFO  o.e.b.c.i.u.g.PublishedGradleVersions - Gradle version information cache is not available. Remote download required.
2026-09-02 11:02:34,722 [Worker-6: Import Getting Started Content] INFO  o.e.m.c.i.l.LifecycleMappingFactory - Using org.eclipse.m2e.jdt.JarLifecycleMapping lifecycle mapping for MavenProject: com.info:StudentManagement:0.0.1-SNAPSHOT @ D:\RestAPI\StudentManagement\pom.xml.
2026-09-02 11:02:40,667 [Worker-6: Import Getting Started Content] INFO  o.e.m.j.i.AbstractJavaProjectConfigurator - Adding source folder /StudentManagement/src/main/java
2026-09-02 11:02:40,667 [Worker-6: Import Getting Started Content] INFO  o.e.m.j.i.AbstractJavaProjectConfigurator - Adding resource folder /StudentManagement/src/main/resources
2026-09-02 11:02:40,683 [Worker-6: Import Getting Started Content] INFO  o.e.m.j.i.AbstractJavaProjectConfigurator - Adding resource folder /StudentManagement/src/main/resources
2026-09-02 11:02:40,698 [Worker-6: Import Getting Started Content] INFO  o.e.m.j.i.AbstractJavaProjectConfigurator - Adding source folder /StudentManagement/src/test/java
2026-09-02 11:02:40,698 [Worker-6: Import Getting Started Content] INFO  o.e.m.j.i.AbstractJavaProjectConfigurator - Adding resource folder /StudentManagement/src/test/resources
2026-09-02 11:02:45,991 [Worker-6: Import Getting Started Content] WARN  o.apache.maven.project.MavenProject - Direct modification of compileSourceRoots through clear() is deprecated and will not work in Maven 4.0.0. Please use the add/remove methods instead. If you're using a plugin that causes this warning, please upgrade to the latest version and report an issue if the warning persists. To disable these warnings, set -Dmaven.project.sourceRoots.warningsDisabled=true on the command line, in the .mvn/maven.config file, or in project POM properties.
2026-09-02 11:02:46,007 [Worker-6: Import Getting Started Content] WARN  o.apache.maven.project.MavenProject - Direct modification of compileSourceRoots through add() is deprecated and will not work in Maven 4.0.0. Please use the add/remove methods instead. If you're using a plugin that causes this warning, please upgrade to the latest version and report an issue if the warning persists. To disable these warnings, set -Dmaven.project.sourceRoots.warningsDisabled=true on the command line, in the .mvn/maven.config file, or in project POM properties.
2026-09-02 11:02:46,007 [Worker-6: Import Getting Started Content] WARN  o.apache.maven.project.MavenProject - Direct modification of testCompileSourceRoots through clear() is deprecated and will not work in Maven 4.0.0. Please use the add/remove methods instead. If you're using a plugin that causes this warning, please upgrade to the latest version and report an issue if the warning persists. To disable these warnings, set -Dmaven.project.sourceRoots.warningsDisabled=true on the command line, in the .mvn/maven.config file, or in project POM properties.
2026-09-02 11:02:46,007 [Worker-6: Import Getting Started Content] WARN  o.apache.maven.project.MavenProject - Direct modification of testCompileSourceRoots through add() is deprecated and will not work in Maven 4.0.0. Please use the add/remove methods instead. If you're using a plugin that causes this warning, please upgrade to the latest version and report an issue if the warning persists. To disable these warnings, set -Dmaven.project.sourceRoots.warningsDisabled=true on the command line, in the .mvn/maven.config file, or in project POM properties.
2026-09-02 11:02:46,007 [Worker-6: Import Getting Started Content] INFO  o.e.m.c.i.p.ProjectConfigurationManager - Imported and configured 1 project(s) in 17 sec
2026-09-02 11:02:46,022 [Worker-6: Import Getting Started Content] INFO  o.e.m.c.i.p.ProjectConfigurationManager - Update started
2026-09-02 11:02:46,446 [Worker-6: Import Getting Started Content] INFO  o.e.m.c.i.l.LifecycleMappingFactory - Using org.eclipse.m2e.jdt.JarLifecycleMapping lifecycle mapping for MavenProject: com.info:StudentManagement:0.0.1-SNAPSHOT @ D:\RestAPI\StudentManagement\pom.xml.
2026-09-02 11:02:47,171 [Worker-6: Import Getting Started Content] INFO  o.e.m.j.i.AbstractJavaProjectConfigurator - Adding source folder /StudentManagement/src/main/java
2026-09-02 11:02:47,172 [Worker-6: Import Getting Started Content] INFO  o.e.m.j.i.AbstractJavaProjectConfigurator - Adding resource folder /StudentManagement/src/main/resources
2026-09-02 11:02:47,174 [Worker-6: Import Getting Started Content] INFO  o.e.m.j.i.AbstractJavaProjectConfigurator - Adding resource folder /StudentManagement/src/main/resources
2026-09-02 11:02:47,176 [Worker-6: Import Getting Started Content] INFO  o.e.m.j.i.AbstractJavaProjectConfigurator - Adding source folder /StudentManagement/src/test/java
2026-09-02 11:02:47,177 [Worker-6: Import Getting Started Content] INFO  o.e.m.j.i.AbstractJavaProjectConfigurator - Adding resource folder /StudentManagement/src/test/resources
2026-09-02 11:02:47,378 [Worker-6: Import Getting Started Content] WARN  o.apache.maven.project.MavenProject - Direct modification of compileSourceRoots through clear() is deprecated and will not work in Maven 4.0.0. Please use the add/remove methods instead. If you're using a plugin that causes this warning, please upgrade to the latest version and report an issue if the warning persists. To disable these warnings, set -Dmaven.project.sourceRoots.warningsDisabled=true on the command line, in the .mvn/maven.config file, or in project POM properties.
2026-09-02 11:02:47,379 [Worker-6: Import Getting Started Content] WARN  o.apache.maven.project.MavenProject - Direct modification of compileSourceRoots through add() is deprecated and will not work in Maven 4.0.0. Please use the add/remove methods instead. If you're using a plugin that causes this warning, please upgrade to the latest version and report an issue if the warning persists. To disable these warnings, set -Dmaven.project.sourceRoots.warningsDisabled=true on the command line, in the .mvn/maven.config file, or in project POM properties.
2026-09-02 11:02:47,380 [Worker-6: Import Getting Started Content] WARN  o.apache.maven.project.MavenProject - Direct modification of testCompileSourceRoots through clear() is deprecated and will not work in Maven 4.0.0. Please use the add/remove methods instead. If you're using a plugin that causes this warning, please upgrade to the latest version and report an issue if the warning persists. To disable these warnings, set -Dmaven.project.sourceRoots.warningsDisabled=true on the command line, in the .mvn/maven.config file, or in project POM properties.
2026-09-02 11:02:47,380 [Worker-6: Import Getting Started Content] WARN  o.apache.maven.project.MavenProject - Direct modification of testCompileSourceRoots through add() is deprecated and will not work in Maven 4.0.0. Please use the add/remove methods instead. If you're using a plugin that causes this warning, please upgrade to the latest version and report an issue if the warning persists. To disable these warnings, set -Dmaven.project.sourceRoots.warningsDisabled=true on the command line, in the .mvn/maven.config file, or in project POM properties.
2026-09-02 11:02:47,612 [Worker-6: Import Getting Started Content] INFO  o.e.m.c.i.p.ProjectConfigurationManager - Update completed for 1 poms: local refresh takes 0.00 sec, refresh facades takes 1.00 sec, update config takes 0.00 sec 
2026-09-02 11:02:48,314 [Worker-16: Building] INFO  o.a.m.s.f.DefaultMavenResourcesFiltering - Copying 1 resource from src\main\resources to target\classes
2026-09-02 11:02:48,325 [Worker-16: Building] INFO  o.a.m.s.f.DefaultMavenResourcesFiltering - Copying 0 resource from src\main\resources to target\classes
2026-09-02 11:02:48,328 [Worker-16: Building] INFO  o.a.m.s.f.DefaultMavenResourcesFiltering - skip non existing resourceDirectory D:\RestAPI\StudentManagement\src\test\resources
2026-09-02 11:02:49,017 [Worker-16: Building] WARN  Sisu - Error injecting: org.apache.maven.plugins.jar.JarMojo
com.google.inject.ProvisionException: Unable to provision, see the following errors:

1) [Guice/ErrorInCustomProvider]: OutOfScopeException: Cannot access session scope outside of a scoping block
  at SessionScopeModule.configure(SessionScopeModule.java:55)
      \_ installed by: WireModule -> SessionScopeModule
  at JarMojo.<init>(JarMojo.java:72)
      \_ for 2nd parameter
  while locating JarMojo

Learn more:
  https://github.com/google/guice/wiki/ERROR_IN_CUSTOM_PROVIDER

1 error

======================
Full classname legend:
======================
JarMojo:             "org.apache.maven.plugins.jar.JarMojo"
OutOfScopeException: "com.google.inject.OutOfScopeException"
SessionScopeModule:  "org.apache.maven.session.scope.internal.SessionScopeModule"
WireModule:          "org.eclipse.sisu.wire.WireModule"
========================
End of classname legend:
========================

	at com.google.inject.internal.InternalProvisionException.toProvisionException(InternalProvisionException.java:251)
	at com.google.inject.internal.InjectorImpl$1.get(InjectorImpl.java:1104)
	at com.google.inject.internal.InjectorImpl.getInstance(InjectorImpl.java:1139)
	at org.eclipse.sisu.space.AbstractDeferredClass.get(AbstractDeferredClass.java:50)
	at com.google.inject.internal.ProviderInternalFactory.provision(ProviderInternalFactory.java:86)
	at com.google.inject.internal.InternalFactoryToInitializableAdapter.provision(InternalFactoryToInitializableAdapter.java:57)
	at com.google.inject.internal.ProviderInternalFactory$1.call(ProviderInternalFactory.java:67)
	at com.google.inject.internal.ProvisionListenerStackCallback$Provision.provision(ProvisionListenerStackCallback.java:109)
	at com.google.inject.internal.ProvisionListenerStackCallback$Provision.provision(ProvisionListenerStackCallback.java:124)
	at com.google.inject.internal.ProvisionListenerStackCallback.provision(ProvisionListenerStackCallback.java:66)
	at com.google.inject.internal.ProviderInternalFactory.circularGet(ProviderInternalFactory.java:62)
	at com.google.inject.internal.InternalFactoryToInitializableAdapter.get(InternalFactoryToInitializableAdapter.java:47)
	at com.google.inject.internal.InjectorImpl$1.get(InjectorImpl.java:1101)
	at org.eclipse.sisu.inject.Guice4$2.get(Guice4.java:235)
	at org.eclipse.sisu.inject.LazyBeanEntry.getValue(LazyBeanEntry.java:83)
	at org.eclipse.sisu.plexus.LazyPlexusBean.getValue(LazyPlexusBean.java:53)
	at org.codehaus.plexus.DefaultPlexusContainer.lookup(DefaultPlexusContainer.java:267)
	at org.codehaus.plexus.DefaultPlexusContainer.lookup(DefaultPlexusContainer.java:259)
	at org.apache.maven.plugin.internal.DefaultMavenPluginManager.getConfiguredMojo(DefaultMavenPluginManager.java:491)
	at org.eclipse.m2e.core.internal.embedder.MavenImpl.getConfiguredMojo(MavenImpl.java:215)
	at org.eclipse.m2e.mavenarchiver.internal.AbstractMavenArchiverConfigurator.reflectManifestGeneration(AbstractMavenArchiverConfigurator.java:439)
	at org.eclipse.m2e.mavenarchiver.internal.AbstractMavenArchiverConfigurator.lambda$3(AbstractMavenArchiverConfigurator.java:398)
	at org.eclipse.m2e.core.internal.embedder.MavenExecutionContext.executeBare(MavenExecutionContext.java:462)
	at org.eclipse.m2e.core.internal.embedder.MavenExecutionContext.execute(MavenExecutionContext.java:342)
	at org.eclipse.m2e.core.internal.embedder.MavenExecutionContext.execute(MavenExecutionContext.java:281)
	at org.eclipse.m2e.mavenarchiver.internal.AbstractMavenArchiverConfigurator.generateManifest(AbstractMavenArchiverConfigurator.java:371)
	at org.eclipse.m2e.mavenarchiver.internal.AbstractMavenArchiverConfigurator.mavenProjectChanged(AbstractMavenArchiverConfigurator.java:228)
	at org.eclipse.m2e.mavenarchiver.internal.AbstractMavenArchiverConfigurator$1.build(AbstractMavenArchiverConfigurator.java:178)
	at org.eclipse.m2e.core.internal.builder.MavenBuilderImpl.lambda$2(MavenBuilderImpl.java:159)
	at java.base/java.util.LinkedHashMap.forEach(LinkedHashMap.java:987)
	at org.eclipse.m2e.core.internal.builder.MavenBuilderImpl.build(MavenBuilderImpl.java:139)
	at org.eclipse.m2e.core.internal.builder.MavenBuilder$1.method(MavenBuilder.java:164)
	at org.eclipse.m2e.core.internal.builder.MavenBuilder$1.method(MavenBuilder.java:1)
	at org.eclipse.m2e.core.internal.builder.MavenBuilder$BuildMethod.lambda$1(MavenBuilder.java:109)
	at org.eclipse.m2e.core.internal.embedder.MavenExecutionContext.executeBare(MavenExecutionContext.java:462)
	at org.eclipse.m2e.core.internal.embedder.MavenExecutionContext.execute(MavenExecutionContext.java:295)
	at org.eclipse.m2e.core.internal.builder.MavenBuilder$BuildMethod.lambda$0(MavenBuilder.java:100)
	at org.eclipse.m2e.core.internal.embedder.MavenExecutionContext.executeBare(MavenExecutionContext.java:462)
	at org.eclipse.m2e.core.internal.embedder.MavenExecutionContext.execute(MavenExecutionContext.java:342)
	at org.eclipse.m2e.core.internal.embedder.MavenExecutionContext.execute(MavenExecutionContext.java:281)
	at org.eclipse.m2e.core.internal.builder.MavenBuilder$BuildMethod.execute(MavenBuilder.java:83)
	at org.eclipse.m2e.core.internal.builder.MavenBuilder.build(MavenBuilder.java:192)
	at org.eclipse.core.internal.events.BuildManager$2.run(BuildManager.java:1109)
	at org.eclipse.core.runtime.SafeRunner.run(SafeRunner.java:47)
	at org.eclipse.core.internal.events.BuildManager.basicBuild(BuildManager.java:299)
	at org.eclipse.core.internal.events.BuildManager.basicBuild(BuildManager.java:355)
	at org.eclipse.core.internal.events.BuildManager$1.run(BuildManager.java:449)
	at org.eclipse.core.runtime.SafeRunner.run(SafeRunner.java:47)
	at org.eclipse.core.internal.events.BuildManager.basicBuild(BuildManager.java:452)
	at org.eclipse.core.internal.events.BuildManager.basicBuildLoop(BuildManager.java:564)
	at org.eclipse.core.internal.events.BuildManager.basicBuildLoop(BuildManager.java:512)
	at org.eclipse.core.internal.events.BuildManager.build(BuildManager.java:594)
	at org.eclipse.core.internal.events.AutoBuildJob.doBuild(AutoBuildJob.java:208)
	at org.eclipse.core.internal.events.AutoBuildJob.run(AutoBuildJob.java:309)
	at org.eclipse.core.internal.jobs.Worker.run(Worker.java:63)
Caused by: com.google.inject.OutOfScopeException: Cannot access session scope outside of a scoping block
	at org.apache.maven.session.scope.internal.SessionScope.getScopeState(SessionScope.java:70)
	at org.apache.maven.session.scope.internal.SessionScope.lambda$scope$2(SessionScope.java:92)
	at com.google.inject.internal.InternalFactoryToProviderAdapter.get(InternalFactoryToProviderAdapter.java:45)
	at com.google.inject.internal.SingleParameterInjector.inject(SingleParameterInjector.java:40)
	at com.google.inject.internal.SingleParameterInjector.getAll(SingleParameterInjector.java:60)
	at com.google.inject.internal.ConstructorInjector.provision(ConstructorInjector.java:113)
	at com.google.inject.internal.ConstructorInjector.access$000(ConstructorInjector.java:33)
	at com.google.inject.internal.ConstructorInjector$1.call(ConstructorInjector.java:98)
	at com.google.inject.internal.ProvisionListenerStackCallback$Provision.provision(ProvisionListenerStackCallback.java:109)
	at com.google.inject.internal.ProvisionListenerStackCallback$Provision.provision(ProvisionListenerStackCallback.java:124)
	at com.google.inject.internal.ProvisionListenerStackCallback.provision(ProvisionListenerStackCallback.java:66)
	at com.google.inject.internal.ConstructorInjector.construct(ConstructorInjector.java:93)
	at com.google.inject.internal.ConstructorBindingImpl$Factory.get(ConstructorBindingImpl.java:300)
	at com.google.inject.internal.InjectorImpl$1.get(InjectorImpl.java:1101)
	... 53 common frames omitted
2026-09-02 11:02:49,061 [Worker-16: Building] WARN  o.apache.maven.project.MavenProject - Direct modification of compileSourceRoots through clear() is deprecated and will not work in Maven 4.0.0. Please use the add/remove methods instead. If you're using a plugin that causes this warning, please upgrade to the latest version and report an issue if the warning persists. To disable these warnings, set -Dmaven.project.sourceRoots.warningsDisabled=true on the command line, in the .mvn/maven.config file, or in project POM properties.
2026-09-02 11:02:49,062 [Worker-16: Building] WARN  o.apache.maven.project.MavenProject - Direct modification of compileSourceRoots through add() is deprecated and will not work in Maven 4.0.0. Please use the add/remove methods instead. If you're using a plugin that causes this warning, please upgrade to the latest version and report an issue if the warning persists. To disable these warnings, set -Dmaven.project.sourceRoots.warningsDisabled=true on the command line, in the .mvn/maven.config file, or in project POM properties.
2026-09-02 11:02:49,063 [Worker-16: Building] WARN  o.apache.maven.project.MavenProject - Direct modification of testCompileSourceRoots through clear() is deprecated and will not work in Maven 4.0.0. Please use the add/remove methods instead. If you're using a plugin that causes this warning, please upgrade to the latest version and report an issue if the warning persists. To disable these warnings, set -Dmaven.project.sourceRoots.warningsDisabled=true on the command line, in the .mvn/maven.config file, or in project POM properties.
2026-09-02 11:02:49,063 [Worker-16: Building] WARN  o.apache.maven.project.MavenProject - Direct modification of testCompileSourceRoots through add() is deprecated and will not work in Maven 4.0.0. Please use the add/remove methods instead. If you're using a plugin that causes this warning, please upgrade to the latest version and report an issue if the warning persists. To disable these warnings, set -Dmaven.project.sourceRoots.warningsDisabled=true on the command line, in the .mvn/maven.config file, or in project POM properties.
2026-09-02 11:07:05,809 [Worker-0: Updating Maven Project] INFO  o.e.m.c.i.p.ProjectConfigurationManager - Update started
2026-09-02 11:07:06,452 [Worker-0: Updating Maven Project] INFO  o.e.m.c.i.l.LifecycleMappingFactory - Using org.eclipse.m2e.jdt.JarLifecycleMapping lifecycle mapping for MavenProject: com.info:StudentManagement:0.0.1-SNAPSHOT @ D:\RestAPI\StudentManagement\pom.xml.
2026-09-02 11:07:07,450 [Worker-0: Updating Maven Project] INFO  o.e.m.j.i.AbstractJavaProjectConfigurator - Adding source folder /StudentManagement/src/main/java
2026-09-02 11:07:07,451 [Worker-0: Updating Maven Project] INFO  o.e.m.j.i.AbstractJavaProjectConfigurator - Adding resource folder /StudentManagement/src/main/resources
2026-09-02 11:07:07,451 [Worker-0: Updating Maven Project] INFO  o.e.m.j.i.AbstractJavaProjectConfigurator - Adding resource folder /StudentManagement/src/main/resources
2026-09-02 11:07:07,451 [Worker-0: Updating Maven Project] INFO  o.e.m.j.i.AbstractJavaProjectConfigurator - Adding source folder /StudentManagement/src/test/java
2026-09-02 11:07:07,452 [Worker-0: Updating Maven Project] INFO  o.e.m.j.i.AbstractJavaProjectConfigurator - Adding resource folder /StudentManagement/src/test/resources
2026-09-02 11:07:07,614 [Worker-0: Updating Maven Project] WARN  o.apache.maven.project.MavenProject - Direct modification of compileSourceRoots through clear() is deprecated and will not work in Maven 4.0.0. Please use the add/remove methods instead. If you're using a plugin that causes this warning, please upgrade to the latest version and report an issue if the warning persists. To disable these warnings, set -Dmaven.project.sourceRoots.warningsDisabled=true on the command line, in the .mvn/maven.config file, or in project POM properties.
2026-09-02 11:07:07,687 [Worker-0: Updating Maven Project] WARN  o.apache.maven.project.MavenProject - Direct modification of compileSourceRoots through add() is deprecated and will not work in Maven 4.0.0. Please use the add/remove methods instead. If you're using a plugin that causes this warning, please upgrade to the latest version and report an issue if the warning persists. To disable these warnings, set -Dmaven.project.sourceRoots.warningsDisabled=true on the command line, in the .mvn/maven.config file, or in project POM properties.
2026-09-02 11:07:07,689 [Worker-0: Updating Maven Project] WARN  o.apache.maven.project.MavenProject - Direct modification of testCompileSourceRoots through clear() is deprecated and will not work in Maven 4.0.0. Please use the add/remove methods instead. If you're using a plugin that causes this warning, please upgrade to the latest version and report an issue if the warning persists. To disable these warnings, set -Dmaven.project.sourceRoots.warningsDisabled=true on the command line, in the .mvn/maven.config file, or in project POM properties.
2026-09-02 11:07:07,690 [Worker-0: Updating Maven Project] WARN  o.apache.maven.project.MavenProject - Direct modification of testCompileSourceRoots through add() is deprecated and will not work in Maven 4.0.0. Please use the add/remove methods instead. If you're using a plugin that causes this warning, please upgrade to the latest version and report an issue if the warning persists. To disable these warnings, set -Dmaven.project.sourceRoots.warningsDisabled=true on the command line, in the .mvn/maven.config file, or in project POM properties.
2026-09-02 11:07:07,748 [Worker-0: Updating Maven Project] INFO  o.e.m.c.i.p.ProjectConfigurationManager - Update completed for 1 poms: local refresh takes 0.00 sec, refresh facades takes 1.00 sec, update config takes 0.00 sec 
2026-09-02 11:07:08,219 [Worker-16: Building] INFO  o.a.m.s.f.DefaultMavenResourcesFiltering - Copying 1 resource from src\main\resources to target\classes
2026-09-02 11:07:08,226 [Worker-16: Building] INFO  o.a.m.s.f.DefaultMavenResourcesFiltering - Copying 0 resource from src\main\resources to target\classes
2026-09-02 11:07:08,230 [Worker-16: Building] INFO  o.a.m.s.f.DefaultMavenResourcesFiltering - skip non existing resourceDirectory D:\RestAPI\StudentManagement\src\test\resources
2026-09-02 11:07:08,236 [Worker-16: Building] WARN  Sisu - Error injecting: org.apache.maven.plugins.jar.JarMojo
com.google.inject.ProvisionException: Unable to provision, see the following errors:

1) [Guice/ErrorInCustomProvider]: OutOfScopeException: Cannot access session scope outside of a scoping block
  at SessionScopeModule.configure(SessionScopeModule.java:55)
      \_ installed by: WireModule -> SessionScopeModule
  at JarMojo.<init>(JarMojo.java:72)
      \_ for 2nd parameter
  while locating JarMojo

Learn more:
  https://github.com/google/guice/wiki/ERROR_IN_CUSTOM_PROVIDER

1 error

======================
Full classname legend:
======================
JarMojo:             "org.apache.maven.plugins.jar.JarMojo"
OutOfScopeException: "com.google.inject.OutOfScopeException"
SessionScopeModule:  "org.apache.maven.session.scope.internal.SessionScopeModule"
WireModule:          "org.eclipse.sisu.wire.WireModule"
========================
End of classname legend:
========================

	at com.google.inject.internal.InternalProvisionException.toProvisionException(InternalProvisionException.java:251)
	at com.google.inject.internal.InjectorImpl$1.get(InjectorImpl.java:1104)
	at com.google.inject.internal.InjectorImpl.getInstance(InjectorImpl.java:1139)
	at org.eclipse.sisu.space.AbstractDeferredClass.get(AbstractDeferredClass.java:50)
	at com.google.inject.internal.ProviderInternalFactory.provision(ProviderInternalFactory.java:86)
	at com.google.inject.internal.InternalFactoryToInitializableAdapter.provision(InternalFactoryToInitializableAdapter.java:57)
	at com.google.inject.internal.ProviderInternalFactory$1.call(ProviderInternalFactory.java:67)
	at com.google.inject.internal.ProvisionListenerStackCallback$Provision.provision(ProvisionListenerStackCallback.java:109)
	at com.google.inject.internal.ProvisionListenerStackCallback$Provision.provision(ProvisionListenerStackCallback.java:124)
	at com.google.inject.internal.ProvisionListenerStackCallback.provision(ProvisionListenerStackCallback.java:66)
	at com.google.inject.internal.ProviderInternalFactory.circularGet(ProviderInternalFactory.java:62)
	at com.google.inject.internal.InternalFactoryToInitializableAdapter.get(InternalFactoryToInitializableAdapter.java:47)
	at com.google.inject.internal.InjectorImpl$1.get(InjectorImpl.java:1101)
	at org.eclipse.sisu.inject.Guice4$2.get(Guice4.java:235)
	at org.eclipse.sisu.inject.LazyBeanEntry.getValue(LazyBeanEntry.java:83)
	at org.eclipse.sisu.plexus.LazyPlexusBean.getValue(LazyPlexusBean.java:53)
	at org.codehaus.plexus.DefaultPlexusContainer.lookup(DefaultPlexusContainer.java:267)
	at org.codehaus.plexus.DefaultPlexusContainer.lookup(DefaultPlexusContainer.java:259)
	at org.apache.maven.plugin.internal.DefaultMavenPluginManager.getConfiguredMojo(DefaultMavenPluginManager.java:491)
	at org.eclipse.m2e.core.internal.embedder.MavenImpl.getConfiguredMojo(MavenImpl.java:215)
	at org.eclipse.m2e.mavenarchiver.internal.AbstractMavenArchiverConfigurator.reflectManifestGeneration(AbstractMavenArchiverConfigurator.java:439)
	at org.eclipse.m2e.mavenarchiver.internal.AbstractMavenArchiverConfigurator.lambda$3(AbstractMavenArchiverConfigurator.java:398)
	at org.eclipse.m2e.core.internal.embedder.MavenExecutionContext.executeBare(MavenExecutionContext.java:462)
	at org.eclipse.m2e.core.internal.embedder.MavenExecutionContext.execute(MavenExecutionContext.java:342)
	at org.eclipse.m2e.core.internal.embedder.MavenExecutionContext.execute(MavenExecutionContext.java:281)
	at org.eclipse.m2e.mavenarchiver.internal.AbstractMavenArchiverConfigurator.generateManifest(AbstractMavenArchiverConfigurator.java:371)
	at org.eclipse.m2e.mavenarchiver.internal.AbstractMavenArchiverConfigurator.mavenProjectChanged(AbstractMavenArchiverConfigurator.java:228)
	at org.eclipse.m2e.mavenarchiver.internal.AbstractMavenArchiverConfigurator$1.build(AbstractMavenArchiverConfigurator.java:178)
	at org.eclipse.m2e.core.internal.builder.MavenBuilderImpl.lambda$2(MavenBuilderImpl.java:159)
	at java.base/java.util.LinkedHashMap.forEach(LinkedHashMap.java:987)
	at org.eclipse.m2e.core.internal.builder.MavenBuilderImpl.build(MavenBuilderImpl.java:139)
	at org.eclipse.m2e.core.internal.builder.MavenBuilder$1.method(MavenBuilder.java:164)
	at org.eclipse.m2e.core.internal.builder.MavenBuilder$1.method(MavenBuilder.java:1)
	at org.eclipse.m2e.core.internal.builder.MavenBuilder$BuildMethod.lambda$1(MavenBuilder.java:109)
	at org.eclipse.m2e.core.internal.embedder.MavenExecutionContext.executeBare(MavenExecutionContext.java:462)
	at org.eclipse.m2e.core.internal.embedder.MavenExecutionContext.execute(MavenExecutionContext.java:295)
	at org.eclipse.m2e.core.internal.builder.MavenBuilder$BuildMethod.lambda$0(MavenBuilder.java:100)
	at org.eclipse.m2e.core.internal.embedder.MavenExecutionContext.executeBare(MavenExecutionContext.java:462)
	at org.eclipse.m2e.core.internal.embedder.MavenExecutionContext.execute(MavenExecutionContext.java:342)
	at org.eclipse.m2e.core.internal.embedder.MavenExecutionContext.execute(MavenExecutionContext.java:281)
	at org.eclipse.m2e.core.internal.builder.MavenBuilder$BuildMethod.execute(MavenBuilder.java:83)
	at org.eclipse.m2e.core.internal.builder.MavenBuilder.build(MavenBuilder.java:192)
	at org.eclipse.core.internal.events.BuildManager$2.run(BuildManager.java:1109)
	at org.eclipse.core.runtime.SafeRunner.run(SafeRunner.java:47)
	at org.eclipse.core.internal.events.BuildManager.basicBuild(BuildManager.java:299)
	at org.eclipse.core.internal.events.BuildManager.basicBuild(BuildManager.java:355)
	at org.eclipse.core.internal.events.BuildManager$1.run(BuildManager.java:449)
	at org.eclipse.core.runtime.SafeRunner.run(SafeRunner.java:47)
	at org.eclipse.core.internal.events.BuildManager.basicBuild(BuildManager.java:452)
	at org.eclipse.core.internal.events.BuildManager.basicBuildLoop(BuildManager.java:564)
	at org.eclipse.core.internal.events.BuildManager.basicBuildLoop(BuildManager.java:512)
	at org.eclipse.core.internal.events.BuildManager.build(BuildManager.java:594)
	at org.eclipse.core.internal.events.AutoBuildJob.doBuild(AutoBuildJob.java:208)
	at org.eclipse.core.internal.events.AutoBuildJob.run(AutoBuildJob.java:309)
	at org.eclipse.core.internal.jobs.Worker.run(Worker.java:63)
Caused by: com.google.inject.OutOfScopeException: Cannot access session scope outside of a scoping block
	at org.apache.maven.session.scope.internal.SessionScope.getScopeState(SessionScope.java:70)
	at org.apache.maven.session.scope.internal.SessionScope.lambda$scope$2(SessionScope.java:92)
	at com.google.inject.internal.InternalFactoryToProviderAdapter.get(InternalFactoryToProviderAdapter.java:45)
	at com.google.inject.internal.SingleParameterInjector.inject(SingleParameterInjector.java:40)
	at com.google.inject.internal.SingleParameterInjector.getAll(SingleParameterInjector.java:60)
	at com.google.inject.internal.ConstructorInjector.provision(ConstructorInjector.java:113)
	at com.google.inject.internal.ConstructorInjector.access$000(ConstructorInjector.java:33)
	at com.google.inject.internal.ConstructorInjector$1.call(ConstructorInjector.java:98)
	at com.google.inject.internal.ProvisionListenerStackCallback$Provision.provision(ProvisionListenerStackCallback.java:109)
	at com.google.inject.internal.ProvisionListenerStackCallback$Provision.provision(ProvisionListenerStackCallback.java:124)
	at com.google.inject.internal.ProvisionListenerStackCallback.provision(ProvisionListenerStackCallback.java:66)
	at com.google.inject.internal.ConstructorInjector.construct(ConstructorInjector.java:93)
	at com.google.inject.internal.ConstructorBindingImpl$Factory.get(ConstructorBindingImpl.java:300)
	at com.google.inject.internal.InjectorImpl$1.get(InjectorImpl.java:1101)
	... 53 common frames omitted
2026-09-02 11:07:08,245 [Worker-16: Building] WARN  o.apache.maven.project.MavenProject - Direct modification of compileSourceRoots through clear() is deprecated and will not work in Maven 4.0.0. Please use the add/remove methods instead. If you're using a plugin that causes this warning, please upgrade to the latest version and report an issue if the warning persists. To disable these warnings, set -Dmaven.project.sourceRoots.warningsDisabled=true on the command line, in the .mvn/maven.config file, or in project POM properties.
2026-09-02 11:07:08,246 [Worker-16: Building] WARN  o.apache.maven.project.MavenProject - Direct modification of compileSourceRoots through add() is deprecated and will not work in Maven 4.0.0. Please use the add/remove methods instead. If you're using a plugin that causes this warning, please upgrade to the latest version and report an issue if the warning persists. To disable these warnings, set -Dmaven.project.sourceRoots.warningsDisabled=true on the command line, in the .mvn/maven.config file, or in project POM properties.
2026-09-02 11:07:08,246 [Worker-16: Building] WARN  o.apache.maven.project.MavenProject - Direct modification of testCompileSourceRoots through clear() is deprecated and will not work in Maven 4.0.0. Please use the add/remove methods instead. If you're using a plugin that causes this warning, please upgrade to the latest version and report an issue if the warning persists. To disable these warnings, set -Dmaven.project.sourceRoots.warningsDisabled=true on the command line, in the .mvn/maven.config file, or in project POM properties.
2026-09-02 11:07:08,247 [Worker-16: Building] WARN  o.apache.maven.project.MavenProject - Direct modification of testCompileSourceRoots through add() is deprecated and will not work in Maven 4.0.0. Please use the add/remove methods instead. If you're using a plugin that causes this warning, please upgrade to the latest version and report an issue if the warning persists. To disable these warnings, set -Dmaven.project.sourceRoots.warningsDisabled=true on the command line, in the .mvn/maven.config file, or in project POM properties.
2026-09-02 11:07:59,474 [Worker-16: Updating Maven Project] INFO  o.e.m.c.i.p.ProjectConfigurationManager - Update started
2026-09-02 11:07:59,868 [Worker-16: Updating Maven Project] INFO  o.e.m.c.i.l.LifecycleMappingFactory - Using org.eclipse.m2e.jdt.JarLifecycleMapping lifecycle mapping for MavenProject: com.info:StudentManagement:0.0.1-SNAPSHOT @ D:\RestAPI\StudentManagement\pom.xml.
2026-09-02 11:08:00,357 [Worker-16: Updating Maven Project] INFO  o.e.m.j.i.AbstractJavaProjectConfigurator - Adding source folder /StudentManagement/src/main/java
2026-09-02 11:08:00,358 [Worker-16: Updating Maven Project] INFO  o.e.m.j.i.AbstractJavaProjectConfigurator - Adding resource folder /StudentManagement/src/main/resources
2026-09-02 11:08:00,358 [Worker-16: Updating Maven Project] INFO  o.e.m.j.i.AbstractJavaProjectConfigurator - Adding resource folder /StudentManagement/src/main/resources
2026-09-02 11:08:00,359 [Worker-16: Updating Maven Project] INFO  o.e.m.j.i.AbstractJavaProjectConfigurator - Adding source folder /StudentManagement/src/test/java
2026-09-02 11:08:00,359 [Worker-16: Updating Maven Project] INFO  o.e.m.j.i.AbstractJavaProjectConfigurator - Adding resource folder /StudentManagement/src/test/resources
2026-09-02 11:08:00,533 [Worker-16: Updating Maven Project] WARN  o.apache.maven.project.MavenProject - Direct modification of compileSourceRoots through clear() is deprecated and will not work in Maven 4.0.0. Please use the add/remove methods instead. If you're using a plugin that causes this warning, please upgrade to the latest version and report an issue if the warning persists. To disable these warnings, set -Dmaven.project.sourceRoots.warningsDisabled=true on the command line, in the .mvn/maven.config file, or in project POM properties.
2026-09-02 11:08:00,534 [Worker-16: Updating Maven Project] WARN  o.apache.maven.project.MavenProject - Direct modification of compileSourceRoots through add() is deprecated and will not work in Maven 4.0.0. Please use the add/remove methods instead. If you're using a plugin that causes this warning, please upgrade to the latest version and report an issue if the warning persists. To disable these warnings, set -Dmaven.project.sourceRoots.warningsDisabled=true on the command line, in the .mvn/maven.config file, or in project POM properties.
2026-09-02 11:08:00,535 [Worker-16: Updating Maven Project] WARN  o.apache.maven.project.MavenProject - Direct modification of testCompileSourceRoots through clear() is deprecated and will not work in Maven 4.0.0. Please use the add/remove methods instead. If you're using a plugin that causes this warning, please upgrade to the latest version and report an issue if the warning persists. To disable these warnings, set -Dmaven.project.sourceRoots.warningsDisabled=true on the command line, in the .mvn/maven.config file, or in project POM properties.
2026-09-02 11:08:00,535 [Worker-16: Updating Maven Project] WARN  o.apache.maven.project.MavenProject - Direct modification of testCompileSourceRoots through add() is deprecated and will not work in Maven 4.0.0. Please use the add/remove methods instead. If you're using a plugin that causes this warning, please upgrade to the latest version and report an issue if the warning persists. To disable these warnings, set -Dmaven.project.sourceRoots.warningsDisabled=true on the command line, in the .mvn/maven.config file, or in project POM properties.
2026-09-02 11:08:00,585 [Worker-16: Updating Maven Project] INFO  o.e.m.c.i.p.ProjectConfigurationManager - Update completed for 1 poms: local refresh takes 0.00 sec, refresh facades takes 0.00 sec, update config takes 0.00 sec 
2026-09-02 11:08:00,834 [Worker-0: Building] INFO  o.a.m.s.f.DefaultMavenResourcesFiltering - Copying 1 resource from src\main\resources to target\classes
2026-09-02 11:08:00,842 [Worker-0: Building] INFO  o.a.m.s.f.DefaultMavenResourcesFiltering - Copying 0 resource from src\main\resources to target\classes
2026-09-02 11:08:00,847 [Worker-0: Building] INFO  o.a.m.s.f.DefaultMavenResourcesFiltering - skip non existing resourceDirectory D:\RestAPI\StudentManagement\src\test\resources
2026-09-02 11:08:00,866 [Worker-0: Building] WARN  Sisu - Error injecting: org.apache.maven.plugins.jar.JarMojo
com.google.inject.ProvisionException: Unable to provision, see the following errors:

1) [Guice/ErrorInCustomProvider]: OutOfScopeException: Cannot access session scope outside of a scoping block
  at SessionScopeModule.configure(SessionScopeModule.java:55)
      \_ installed by: WireModule -> SessionScopeModule
  at JarMojo.<init>(JarMojo.java:72)
      \_ for 2nd parameter
  while locating JarMojo

Learn more:
  https://github.com/google/guice/wiki/ERROR_IN_CUSTOM_PROVIDER

1 error

======================
Full classname legend:
======================
JarMojo:             "org.apache.maven.plugins.jar.JarMojo"
OutOfScopeException: "com.google.inject.OutOfScopeException"
SessionScopeModule:  "org.apache.maven.session.scope.internal.SessionScopeModule"
WireModule:          "org.eclipse.sisu.wire.WireModule"
========================
End of classname legend:
========================

	at com.google.inject.internal.InternalProvisionException.toProvisionException(InternalProvisionException.java:251)
	at com.google.inject.internal.InjectorImpl$1.get(InjectorImpl.java:1104)
	at com.google.inject.internal.InjectorImpl.getInstance(InjectorImpl.java:1139)
	at org.eclipse.sisu.space.AbstractDeferredClass.get(AbstractDeferredClass.java:50)
	at com.google.inject.internal.ProviderInternalFactory.provision(ProviderInternalFactory.java:86)
	at com.google.inject.internal.InternalFactoryToInitializableAdapter.provision(InternalFactoryToInitializableAdapter.java:57)
	at com.google.inject.internal.ProviderInternalFactory$1.call(ProviderInternalFactory.java:67)
	at com.google.inject.internal.ProvisionListenerStackCallback$Provision.provision(ProvisionListenerStackCallback.java:109)
	at com.google.inject.internal.ProvisionListenerStackCallback$Provision.provision(ProvisionListenerStackCallback.java:124)
	at com.google.inject.internal.ProvisionListenerStackCallback.provision(ProvisionListenerStackCallback.java:66)
	at com.google.inject.internal.ProviderInternalFactory.circularGet(ProviderInternalFactory.java:62)
	at com.google.inject.internal.InternalFactoryToInitializableAdapter.get(InternalFactoryToInitializableAdapter.java:47)
	at com.google.inject.internal.InjectorImpl$1.get(InjectorImpl.java:1101)
	at org.eclipse.sisu.inject.Guice4$2.get(Guice4.java:235)
	at org.eclipse.sisu.inject.LazyBeanEntry.getValue(LazyBeanEntry.java:83)
	at org.eclipse.sisu.plexus.LazyPlexusBean.getValue(LazyPlexusBean.java:53)
	at org.codehaus.plexus.DefaultPlexusContainer.lookup(DefaultPlexusContainer.java:267)
	at org.codehaus.plexus.DefaultPlexusContainer.lookup(DefaultPlexusContainer.java:259)
	at org.apache.maven.plugin.internal.DefaultMavenPluginManager.getConfiguredMojo(DefaultMavenPluginManager.java:491)
	at org.eclipse.m2e.core.internal.embedder.MavenImpl.getConfiguredMojo(MavenImpl.java:215)
	at org.eclipse.m2e.mavenarchiver.internal.AbstractMavenArchiverConfigurator.reflectManifestGeneration(AbstractMavenArchiverConfigurator.java:439)
	at org.eclipse.m2e.mavenarchiver.internal.AbstractMavenArchiverConfigurator.lambda$3(AbstractMavenArchiverConfigurator.java:398)
	at org.eclipse.m2e.core.internal.embedder.MavenExecutionContext.executeBare(MavenExecutionContext.java:462)
	at org.eclipse.m2e.core.internal.embedder.MavenExecutionContext.execute(MavenExecutionContext.java:342)
	at org.eclipse.m2e.core.internal.embedder.MavenExecutionContext.execute(MavenExecutionContext.java:281)
	at org.eclipse.m2e.mavenarchiver.internal.AbstractMavenArchiverConfigurator.generateManifest(AbstractMavenArchiverConfigurator.java:371)
	at org.eclipse.m2e.mavenarchiver.internal.AbstractMavenArchiverConfigurator.mavenProjectChanged(AbstractMavenArchiverConfigurator.java:228)
	at org.eclipse.m2e.mavenarchiver.internal.AbstractMavenArchiverConfigurator$1.build(AbstractMavenArchiverConfigurator.java:178)
	at org.eclipse.m2e.core.internal.builder.MavenBuilderImpl.lambda$2(MavenBuilderImpl.java:159)
	at java.base/java.util.LinkedHashMap.forEach(LinkedHashMap.java:987)
	at org.eclipse.m2e.core.internal.builder.MavenBuilderImpl.build(MavenBuilderImpl.java:139)
	at org.eclipse.m2e.core.internal.builder.MavenBuilder$1.method(MavenBuilder.java:164)
	at org.eclipse.m2e.core.internal.builder.MavenBuilder$1.method(MavenBuilder.java:1)
	at org.eclipse.m2e.core.internal.builder.MavenBuilder$BuildMethod.lambda$1(MavenBuilder.java:109)
	at org.eclipse.m2e.core.internal.embedder.MavenExecutionContext.executeBare(MavenExecutionContext.java:462)
	at org.eclipse.m2e.core.internal.embedder.MavenExecutionContext.execute(MavenExecutionContext.java:295)
	at org.eclipse.m2e.core.internal.builder.MavenBuilder$BuildMethod.lambda$0(MavenBuilder.java:100)
	at org.eclipse.m2e.core.internal.embedder.MavenExecutionContext.executeBare(MavenExecutionContext.java:462)
	at org.eclipse.m2e.core.internal.embedder.MavenExecutionContext.execute(MavenExecutionContext.java:342)
	at org.eclipse.m2e.core.internal.embedder.MavenExecutionContext.execute(MavenExecutionContext.java:281)
	at org.eclipse.m2e.core.internal.builder.MavenBuilder$BuildMethod.execute(MavenBuilder.java:83)
	at org.eclipse.m2e.core.internal.builder.MavenBuilder.build(MavenBuilder.java:192)
	at org.eclipse.core.internal.events.BuildManager$2.run(BuildManager.java:1109)
	at org.eclipse.core.runtime.SafeRunner.run(SafeRunner.java:47)
	at org.eclipse.core.internal.events.BuildManager.basicBuild(BuildManager.java:299)
	at org.eclipse.core.internal.events.BuildManager.basicBuild(BuildManager.java:355)
	at org.eclipse.core.internal.events.BuildManager$1.run(BuildManager.java:449)
	at org.eclipse.core.runtime.SafeRunner.run(SafeRunner.java:47)
	at org.eclipse.core.internal.events.BuildManager.basicBuild(BuildManager.java:452)
	at org.eclipse.core.internal.events.BuildManager.basicBuildLoop(BuildManager.java:564)
	at org.eclipse.core.internal.events.BuildManager.basicBuildLoop(BuildManager.java:512)
	at org.eclipse.core.internal.events.BuildManager.build(BuildManager.java:594)
	at org.eclipse.core.internal.events.AutoBuildJob.doBuild(AutoBuildJob.java:208)
	at org.eclipse.core.internal.events.AutoBuildJob.run(AutoBuildJob.java:309)
	at org.eclipse.core.internal.jobs.Worker.run(Worker.java:63)
Caused by: com.google.inject.OutOfScopeException: Cannot access session scope outside of a scoping block
	at org.apache.maven.session.scope.internal.SessionScope.getScopeState(SessionScope.java:70)
	at org.apache.maven.session.scope.internal.SessionScope.lambda$scope$2(SessionScope.java:92)
	at com.google.inject.internal.InternalFactoryToProviderAdapter.get(InternalFactoryToProviderAdapter.java:45)
	at com.google.inject.internal.SingleParameterInjector.inject(SingleParameterInjector.java:40)
	at com.google.inject.internal.SingleParameterInjector.getAll(SingleParameterInjector.java:60)
	at com.google.inject.internal.ConstructorInjector.provision(ConstructorInjector.java:113)
	at com.google.inject.internal.ConstructorInjector.access$000(ConstructorInjector.java:33)
	at com.google.inject.internal.ConstructorInjector$1.call(ConstructorInjector.java:98)
	at com.google.inject.internal.ProvisionListenerStackCallback$Provision.provision(ProvisionListenerStackCallback.java:109)
	at com.google.inject.internal.ProvisionListenerStackCallback$Provision.provision(ProvisionListenerStackCallback.java:124)
	at com.google.inject.internal.ProvisionListenerStackCallback.provision(ProvisionListenerStackCallback.java:66)
	at com.google.inject.internal.ConstructorInjector.construct(ConstructorInjector.java:93)
	at com.google.inject.internal.ConstructorBindingImpl$Factory.get(ConstructorBindingImpl.java:300)
	at com.google.inject.internal.InjectorImpl$1.get(InjectorImpl.java:1101)
	... 53 common frames omitted
2026-09-02 11:08:00,875 [Worker-0: Building] WARN  o.apache.maven.project.MavenProject - Direct modification of compileSourceRoots through clear() is deprecated and will not work in Maven 4.0.0. Please use the add/remove methods instead. If you're using a plugin that causes this warning, please upgrade to the latest version and report an issue if the warning persists. To disable these warnings, set -Dmaven.project.sourceRoots.warningsDisabled=true on the command line, in the .mvn/maven.config file, or in project POM properties.
2026-09-02 11:08:00,877 [Worker-0: Building] WARN  o.apache.maven.project.MavenProject - Direct modification of compileSourceRoots through add() is deprecated and will not work in Maven 4.0.0. Please use the add/remove methods instead. If you're using a plugin that causes this warning, please upgrade to the latest version and report an issue if the warning persists. To disable these warnings, set -Dmaven.project.sourceRoots.warningsDisabled=true on the command line, in the .mvn/maven.config file, or in project POM properties.
2026-09-02 11:08:00,877 [Worker-0: Building] WARN  o.apache.maven.project.MavenProject - Direct modification of testCompileSourceRoots through clear() is deprecated and will not work in Maven 4.0.0. Please use the add/remove methods instead. If you're using a plugin that causes this warning, please upgrade to the latest version and report an issue if the warning persists. To disable these warnings, set -Dmaven.project.sourceRoots.warningsDisabled=true on the command line, in the .mvn/maven.config file, or in project POM properties.
2026-09-02 11:08:00,878 [Worker-0: Building] WARN  o.apache.maven.project.MavenProject - Direct modification of testCompileSourceRoots through add() is deprecated and will not work in Maven 4.0.0. Please use the add/remove methods instead. If you're using a plugin that causes this warning, please upgrade to the latest version and report an issue if the warning persists. To disable these warnings, set -Dmaven.project.sourceRoots.warningsDisabled=true on the command line, in the .mvn/maven.config file, or in project POM properties.
2026-09-02 11:11:54,037 [Worker-0: Launching Executing clean in D__RestAPI_StudentManagement] INFO  o.eclipse.m2e.core.internal.Bundles - getClasspathEntries(Bundle=org.eclipse.m2e.maven.runtime_3.9.1101.20251020-1549 [372])
2026-09-02 11:11:54,038 [Worker-0: Launching Executing clean in D__RestAPI_StudentManagement] INFO  o.eclipse.m2e.core.internal.Bundles - 	Entry: D:\SPRING STS\sts-5.0.0.RELEASE\plugins\org.eclipse.m2e.maven.runtime_3.9.1101.20251020-1549
2026-09-02 11:11:54,039 [Worker-0: Launching Executing clean in D__RestAPI_StudentManagement] INFO  o.eclipse.m2e.core.internal.Bundles - 	Entry: D:\SPRING STS\sts-5.0.0.RELEASE\plugins\org.eclipse.m2e.maven.runtime_3.9.1101.20251020-1549\jars\aopalliance-1.0.jar
2026-09-02 11:11:54,039 [Worker-0: Launching Executing clean in D__RestAPI_StudentManagement] INFO  o.eclipse.m2e.core.internal.Bundles - 	Entry: D:\SPRING STS\sts-5.0.0.RELEASE\plugins\org.eclipse.m2e.maven.runtime_3.9.1101.20251020-1549\jars\asm-9.8.jar
2026-09-02 11:11:54,039 [Worker-0: Launching Executing clean in D__RestAPI_StudentManagement] INFO  o.eclipse.m2e.core.internal.Bundles - 	Entry: D:\SPRING STS\sts-5.0.0.RELEASE\plugins\org.eclipse.m2e.maven.runtime_3.9.1101.20251020-1549\jars\error_prone_annotations-2.38.0.jar
2026-09-02 11:11:54,039 [Worker-0: Launching Executing clean in D__RestAPI_StudentManagement] INFO  o.eclipse.m2e.core.internal.Bundles - 	Entry: D:\SPRING STS\sts-5.0.0.RELEASE\plugins\org.eclipse.m2e.maven.runtime_3.9.1101.20251020-1549\jars\gson-2.13.1.jar
2026-09-02 11:11:54,039 [Worker-0: Launching Executing clean in D__RestAPI_StudentManagement] INFO  o.eclipse.m2e.core.internal.Bundles - 	Entry: D:\SPRING STS\sts-5.0.0.RELEASE\plugins\org.eclipse.m2e.maven.runtime_3.9.1101.20251020-1549\jars\guice-5.1.0-classes.jar
2026-09-02 11:11:54,039 [Worker-0: Launching Executing clean in D__RestAPI_StudentManagement] INFO  o.eclipse.m2e.core.internal.Bundles - 	Entry: D:\SPRING STS\sts-5.0.0.RELEASE\plugins\org.eclipse.m2e.maven.runtime_3.9.1101.20251020-1549\jars\httpclient-4.5.14.jar
2026-09-02 11:11:54,039 [Worker-0: Launching Executing clean in D__RestAPI_StudentManagement] INFO  o.eclipse.m2e.core.internal.Bundles - 	Entry: D:\SPRING STS\sts-5.0.0.RELEASE\plugins\org.eclipse.m2e.maven.runtime_3.9.1101.20251020-1549\jars\httpcore-4.4.16.jar
2026-09-02 11:11:54,039 [Worker-0: Launching Executing clean in D__RestAPI_StudentManagement] INFO  o.eclipse.m2e.core.internal.Bundles - 	Entry: D:\SPRING STS\sts-5.0.0.RELEASE\plugins\org.eclipse.m2e.maven.runtime_3.9.1101.20251020-1549\jars\jansi-2.4.2.jar
2026-09-02 11:11:54,039 [Worker-0: Launching Executing clean in D__RestAPI_StudentManagement] INFO  o.eclipse.m2e.core.internal.Bundles - 	Entry: D:\SPRING STS\sts-5.0.0.RELEASE\plugins\org.eclipse.m2e.maven.runtime_3.9.1101.20251020-1549\jars\jcl-over-slf4j-1.7.36.jar
2026-09-02 11:11:54,039 [Worker-0: Launching Executing clean in D__RestAPI_StudentManagement] INFO  o.eclipse.m2e.core.internal.Bundles - 	Entry: D:\SPRING STS\sts-5.0.0.RELEASE\plugins\org.eclipse.m2e.maven.runtime_3.9.1101.20251020-1549\jars\maven-artifact-3.9.11.jar
2026-09-02 11:11:54,039 [Worker-0: Launching Executing clean in D__RestAPI_StudentManagement] INFO  o.eclipse.m2e.core.internal.Bundles - 	Entry: D:\SPRING STS\sts-5.0.0.RELEASE\plugins\org.eclipse.m2e.maven.runtime_3.9.1101.20251020-1549\jars\maven-builder-support-3.9.11.jar
2026-09-02 11:11:54,039 [Worker-0: Launching Executing clean in D__RestAPI_StudentManagement] INFO  o.eclipse.m2e.core.internal.Bundles - 	Entry: D:\SPRING STS\sts-5.0.0.RELEASE\plugins\org.eclipse.m2e.maven.runtime_3.9.1101.20251020-1549\jars\maven-compat-3.9.11.jar
2026-09-02 11:11:54,039 [Worker-0: Launching Executing clean in D__RestAPI_StudentManagement] INFO  o.eclipse.m2e.core.internal.Bundles - 	Entry: D:\SPRING STS\sts-5.0.0.RELEASE\plugins\org.eclipse.m2e.maven.runtime_3.9.1101.20251020-1549\jars\maven-core-3.9.11.jar
2026-09-02 11:11:54,039 [Worker-0: Launching Executing clean in D__RestAPI_StudentManagement] INFO  o.eclipse.m2e.core.internal.Bundles - 	Entry: D:\SPRING STS\sts-5.0.0.RELEASE\plugins\org.eclipse.m2e.maven.runtime_3.9.1101.20251020-1549\jars\maven-embedder-3.9.11.jar
2026-09-02 11:11:54,039 [Worker-0: Launching Executing clean in D__RestAPI_StudentManagement] INFO  o.eclipse.m2e.core.internal.Bundles - 	Entry: D:\SPRING STS\sts-5.0.0.RELEASE\plugins\org.eclipse.m2e.maven.runtime_3.9.1101.20251020-1549\jars\maven-model-3.9.11.jar
2026-09-02 11:11:54,039 [Worker-0: Launching Executing clean in D__RestAPI_StudentManagement] INFO  o.eclipse.m2e.core.internal.Bundles - 	Entry: D:\SPRING STS\sts-5.0.0.RELEASE\plugins\org.eclipse.m2e.maven.runtime_3.9.1101.20251020-1549\jars\maven-model-builder-3.9.11.jar
2026-09-02 11:11:54,039 [Worker-0: Launching Executing clean in D__RestAPI_StudentManagement] INFO  o.eclipse.m2e.core.internal.Bundles - 	Entry: D:\SPRING STS\sts-5.0.0.RELEASE\plugins\org.eclipse.m2e.maven.runtime_3.9.1101.20251020-1549\jars\maven-plugin-api-3.9.11.jar
2026-09-02 11:11:54,040 [Worker-0: Launching Executing clean in D__RestAPI_StudentManagement] INFO  o.eclipse.m2e.core.internal.Bundles - 	Entry: D:\SPRING STS\sts-5.0.0.RELEASE\plugins\org.eclipse.m2e.maven.runtime_3.9.1101.20251020-1549\jars\maven-repository-metadata-3.9.11.jar
2026-09-02 11:11:54,040 [Worker-0: Launching Executing clean in D__RestAPI_StudentManagement] INFO  o.eclipse.m2e.core.internal.Bundles - 	Entry: D:\SPRING STS\sts-5.0.0.RELEASE\plugins\org.eclipse.m2e.maven.runtime_3.9.1101.20251020-1549\jars\maven-resolver-api-1.9.24.jar
2026-09-02 11:11:54,040 [Worker-0: Launching Executing clean in D__RestAPI_StudentManagement] INFO  o.eclipse.m2e.core.internal.Bundles - 	Entry: D:\SPRING STS\sts-5.0.0.RELEASE\plugins\org.eclipse.m2e.maven.runtime_3.9.1101.20251020-1549\jars\maven-resolver-connector-basic-1.9.24.jar
2026-09-02 11:11:54,040 [Worker-0: Launching Executing clean in D__RestAPI_StudentManagement] INFO  o.eclipse.m2e.core.internal.Bundles - 	Entry: D:\SPRING STS\sts-5.0.0.RELEASE\plugins\org.eclipse.m2e.maven.runtime_3.9.1101.20251020-1549\jars\maven-resolver-impl-1.9.24.jar
2026-09-02 11:11:54,040 [Worker-0: Launching Executing clean in D__RestAPI_StudentManagement] INFO  o.eclipse.m2e.core.internal.Bundles - 	Entry: D:\SPRING STS\sts-5.0.0.RELEASE\plugins\org.eclipse.m2e.maven.runtime_3.9.1101.20251020-1549\jars\maven-resolver-named-locks-1.9.24.jar
2026-09-02 11:11:54,040 [Worker-0: Launching Executing clean in D__RestAPI_StudentManagement] INFO  o.eclipse.m2e.core.internal.Bundles - 	Entry: D:\SPRING STS\sts-5.0.0.RELEASE\plugins\org.eclipse.m2e.maven.runtime_3.9.1101.20251020-1549\jars\maven-resolver-provider-3.9.11.jar
2026-09-02 11:11:54,040 [Worker-0: Launching Executing clean in D__RestAPI_StudentManagement] INFO  o.eclipse.m2e.core.internal.Bundles - 	Entry: D:\SPRING STS\sts-5.0.0.RELEASE\plugins\org.eclipse.m2e.maven.runtime_3.9.1101.20251020-1549\jars\maven-resolver-spi-1.9.24.jar
2026-09-02 11:11:54,040 [Worker-0: Launching Executing clean in D__RestAPI_StudentManagement] INFO  o.eclipse.m2e.core.internal.Bundles - 	Entry: D:\SPRING STS\sts-5.0.0.RELEASE\plugins\org.eclipse.m2e.maven.runtime_3.9.1101.20251020-1549\jars\maven-resolver-transport-file-1.9.24.jar
2026-09-02 11:11:54,040 [Worker-0: Launching Executing clean in D__RestAPI_StudentManagement] INFO  o.eclipse.m2e.core.internal.Bundles - 	Entry: D:\SPRING STS\sts-5.0.0.RELEASE\plugins\org.eclipse.m2e.maven.runtime_3.9.1101.20251020-1549\jars\maven-resolver-transport-http-1.9.24.jar
2026-09-02 11:11:54,040 [Worker-0: Launching Executing clean in D__RestAPI_StudentManagement] INFO  o.eclipse.m2e.core.internal.Bundles - 	Entry: D:\SPRING STS\sts-5.0.0.RELEASE\plugins\org.eclipse.m2e.maven.runtime_3.9.1101.20251020-1549\jars\maven-resolver-transport-wagon-1.9.24.jar
2026-09-02 11:11:54,040 [Worker-0: Launching Executing clean in D__RestAPI_StudentManagement] INFO  o.eclipse.m2e.core.internal.Bundles - 	Entry: D:\SPRING STS\sts-5.0.0.RELEASE\plugins\org.eclipse.m2e.maven.runtime_3.9.1101.20251020-1549\jars\maven-resolver-util-1.9.24.jar
2026-09-02 11:11:54,040 [Worker-0: Launching Executing clean in D__RestAPI_StudentManagement] INFO  o.eclipse.m2e.core.internal.Bundles - 	Entry: D:\SPRING STS\sts-5.0.0.RELEASE\plugins\org.eclipse.m2e.maven.runtime_3.9.1101.20251020-1549\jars\maven-settings-3.9.11.jar
2026-09-02 11:11:54,040 [Worker-0: Launching Executing clean in D__RestAPI_StudentManagement] INFO  o.eclipse.m2e.core.internal.Bundles - 	Entry: D:\SPRING STS\sts-5.0.0.RELEASE\plugins\org.eclipse.m2e.maven.runtime_3.9.1101.20251020-1549\jars\maven-settings-builder-3.9.11.jar
2026-09-02 11:11:54,040 [Worker-0: Launching Executing clean in D__RestAPI_StudentManagement] INFO  o.eclipse.m2e.core.internal.Bundles - 	Entry: D:\SPRING STS\sts-5.0.0.RELEASE\plugins\org.eclipse.m2e.maven.runtime_3.9.1101.20251020-1549\jars\maven-shared-utils-3.4.2.jar
2026-09-02 11:11:54,040 [Worker-0: Launching Executing clean in D__RestAPI_StudentManagement] INFO  o.eclipse.m2e.core.internal.Bundles - 	Entry: D:\SPRING STS\sts-5.0.0.RELEASE\plugins\org.eclipse.m2e.maven.runtime_3.9.1101.20251020-1549\jars\org.eclipse.sisu.inject-0.9.0.M4.jar
2026-09-02 11:11:54,040 [Worker-0: Launching Executing clean in D__RestAPI_StudentManagement] INFO  o.eclipse.m2e.core.internal.Bundles - 	Entry: D:\SPRING STS\sts-5.0.0.RELEASE\plugins\org.eclipse.m2e.maven.runtime_3.9.1101.20251020-1549\jars\org.eclipse.sisu.plexus-0.9.0.M4.jar
2026-09-02 11:11:54,040 [Worker-0: Launching Executing clean in D__RestAPI_StudentManagement] INFO  o.eclipse.m2e.core.internal.Bundles - 	Entry: D:\SPRING STS\sts-5.0.0.RELEASE\plugins\org.eclipse.m2e.maven.runtime_3.9.1101.20251020-1549\jars\plexus-build-api-0.0.7.jar
2026-09-02 11:11:54,040 [Worker-0: Launching Executing clean in D__RestAPI_StudentManagement] INFO  o.eclipse.m2e.core.internal.Bundles - 	Entry: D:\SPRING STS\sts-5.0.0.RELEASE\plugins\org.eclipse.m2e.maven.runtime_3.9.1101.20251020-1549\jars\plexus-build-api-1.2.0.jar
2026-09-02 11:11:54,041 [Worker-0: Launching Executing clean in D__RestAPI_StudentManagement] INFO  o.eclipse.m2e.core.internal.Bundles - 	Entry: D:\SPRING STS\sts-5.0.0.RELEASE\plugins\org.eclipse.m2e.maven.runtime_3.9.1101.20251020-1549\jars\plexus-cipher-2.0.jar
2026-09-02 11:11:54,041 [Worker-0: Launching Executing clean in D__RestAPI_StudentManagement] INFO  o.eclipse.m2e.core.internal.Bundles - 	Entry: D:\SPRING STS\sts-5.0.0.RELEASE\plugins\org.eclipse.m2e.maven.runtime_3.9.1101.20251020-1549\jars\plexus-classworlds-2.9.0.jar
2026-09-02 11:11:54,041 [Worker-0: Launching Executing clean in D__RestAPI_StudentManagement] INFO  o.eclipse.m2e.core.internal.Bundles - 	Entry: D:\SPRING STS\sts-5.0.0.RELEASE\plugins\org.eclipse.m2e.maven.runtime_3.9.1101.20251020-1549\jars\plexus-component-annotations-2.2.0.jar
2026-09-02 11:11:54,041 [Worker-0: Launching Executing clean in D__RestAPI_StudentManagement] INFO  o.eclipse.m2e.core.internal.Bundles - 	Entry: D:\SPRING STS\sts-5.0.0.RELEASE\plugins\org.eclipse.m2e.maven.runtime_3.9.1101.20251020-1549\jars\plexus-interpolation-1.28.jar
2026-09-02 11:11:54,041 [Worker-0: Launching Executing clean in D__RestAPI_StudentManagement] INFO  o.eclipse.m2e.core.internal.Bundles - 	Entry: D:\SPRING STS\sts-5.0.0.RELEASE\plugins\org.eclipse.m2e.maven.runtime_3.9.1101.20251020-1549\jars\plexus-sec-dispatcher-2.0.jar
2026-09-02 11:11:54,041 [Worker-0: Launching Executing clean in D__RestAPI_StudentManagement] INFO  o.eclipse.m2e.core.internal.Bundles - 	Entry: D:\SPRING STS\sts-5.0.0.RELEASE\plugins\org.eclipse.m2e.maven.runtime_3.9.1101.20251020-1549\jars\plexus-utils-3.6.0.jar
2026-09-02 11:11:54,041 [Worker-0: Launching Executing clean in D__RestAPI_StudentManagement] INFO  o.eclipse.m2e.core.internal.Bundles - 	Entry: D:\SPRING STS\sts-5.0.0.RELEASE\plugins\org.eclipse.m2e.maven.runtime_3.9.1101.20251020-1549\jars\wagon-file-3.5.3.jar
2026-09-02 11:11:54,041 [Worker-0: Launching Executing clean in D__RestAPI_StudentManagement] INFO  o.eclipse.m2e.core.internal.Bundles - 	Entry: D:\SPRING STS\sts-5.0.0.RELEASE\plugins\org.eclipse.m2e.maven.runtime_3.9.1101.20251020-1549\jars\wagon-http-3.5.3.jar
2026-09-02 11:11:54,041 [Worker-0: Launching Executing clean in D__RestAPI_StudentManagement] INFO  o.eclipse.m2e.core.internal.Bundles - 	Entry: D:\SPRING STS\sts-5.0.0.RELEASE\plugins\org.eclipse.m2e.maven.runtime_3.9.1101.20251020-1549\jars\wagon-http-shared-3.5.3.jar
2026-09-02 11:11:54,041 [Worker-0: Launching Executing clean in D__RestAPI_StudentManagement] INFO  o.eclipse.m2e.core.internal.Bundles - 	Entry: D:\SPRING STS\sts-5.0.0.RELEASE\plugins\org.eclipse.m2e.maven.runtime_3.9.1101.20251020-1549\jars\wagon-provider-api-3.5.3.jar
2026-09-02 11:11:54,042 [Worker-0: Launching Executing clean in D__RestAPI_StudentManagement] INFO  o.eclipse.m2e.core.internal.Bundles - getClasspathEntries(Bundle=com.google.guava_33.5.0.jre [31])
2026-09-02 11:11:54,042 [Worker-0: Launching Executing clean in D__RestAPI_StudentManagement] INFO  o.eclipse.m2e.core.internal.Bundles - 	Entry: D:\SPRING STS\sts-5.0.0.RELEASE\plugins\com.google.guava_33.5.0.jre.jar
2026-09-02 11:11:54,042 [Worker-0: Launching Executing clean in D__RestAPI_StudentManagement] INFO  o.eclipse.m2e.core.internal.Bundles - getClasspathEntries(Bundle=slf4j.api_2.0.17 [620])
2026-09-02 11:11:54,043 [Worker-0: Launching Executing clean in D__RestAPI_StudentManagement] INFO  o.eclipse.m2e.core.internal.Bundles - 	Entry: D:\SPRING STS\sts-5.0.0.RELEASE\plugins\slf4j.api_2.0.17.jar
2026-09-02 11:11:54,043 [Worker-0: Launching Executing clean in D__RestAPI_StudentManagement] INFO  o.eclipse.m2e.core.internal.Bundles - getClasspathEntries(Bundle=jakarta.inject.jakarta.inject-api_1.0.5 [46])
2026-09-02 11:11:54,043 [Worker-0: Launching Executing clean in D__RestAPI_StudentManagement] INFO  o.eclipse.m2e.core.internal.Bundles - 	Entry: D:\SPRING STS\sts-5.0.0.RELEASE\plugins\jakarta.inject.jakarta.inject-api_1.0.5.jar
2026-09-02 11:11:54,043 [Worker-0: Launching Executing clean in D__RestAPI_StudentManagement] INFO  o.eclipse.m2e.core.internal.Bundles - getClasspathEntries(Bundle=jakarta.annotation-api_1.3.5 [43])
2026-09-02 11:11:54,043 [Worker-0: Launching Executing clean in D__RestAPI_StudentManagement] INFO  o.eclipse.m2e.core.internal.Bundles - 	Entry: D:\SPRING STS\sts-5.0.0.RELEASE\plugins\jakarta.annotation-api_1.3.5.jar
2026-09-02 11:11:54,043 [Worker-0: Launching Executing clean in D__RestAPI_StudentManagement] INFO  o.eclipse.m2e.core.internal.Bundles - getClasspathEntries(Bundle=org.apache.commons.cli_1.11.0 [85])
2026-09-02 11:11:54,043 [Worker-0: Launching Executing clean in D__RestAPI_StudentManagement] INFO  o.eclipse.m2e.core.internal.Bundles - 	Entry: D:\SPRING STS\sts-5.0.0.RELEASE\plugins\org.apache.commons.cli_1.11.0.jar
2026-09-02 11:11:54,044 [Worker-0: Launching Executing clean in D__RestAPI_StudentManagement] INFO  o.eclipse.m2e.core.internal.Bundles - getClasspathEntries(Bundle=org.apache.commons.commons-codec_1.20.0 [87])
2026-09-02 11:11:54,044 [Worker-0: Launching Executing clean in D__RestAPI_StudentManagement] INFO  o.eclipse.m2e.core.internal.Bundles - 	Entry: D:\SPRING STS\sts-5.0.0.RELEASE\plugins\org.apache.commons.commons-codec_1.20.0.jar
2026-09-02 11:11:54,044 [Worker-0: Launching Executing clean in D__RestAPI_StudentManagement] INFO  o.eclipse.m2e.core.internal.Bundles - getClasspathEntries(Bundle=com.google.guava.failureaccess_1.0.3 [32])
2026-09-02 11:11:54,044 [Worker-0: Launching Executing clean in D__RestAPI_StudentManagement] INFO  o.eclipse.m2e.core.internal.Bundles - 	Entry: D:\SPRING STS\sts-5.0.0.RELEASE\plugins\com.google.guava.failureaccess_1.0.3.jar
2026-09-02 11:11:54,052 [Worker-0: Launching Executing clean in D__RestAPI_StudentManagement] INFO  o.e.m.i.launch.MavenLaunchDelegate - Run build in "D:\RestAPI\StudentManagement":
2026-09-02 11:11:54,061 [Worker-0: Launching Executing clean in D__RestAPI_StudentManagement] INFO  o.e.m.i.launch.MavenLaunchDelegate -  mvn  -Ppom.xml -B -Dstyle.color=always clean
2026-09-02 11:11:58,671 [Worker-20: Building] INFO  o.a.m.s.f.DefaultMavenResourcesFiltering - Copying 1 resource from src\main\resources to target\classes
2026-09-02 11:11:58,672 [Worker-20: Building] INFO  o.a.m.s.f.DefaultMavenResourcesFiltering - Copying 0 resource from src\main\resources to target\classes
2026-09-02 11:11:58,674 [Worker-20: Building] INFO  o.a.m.s.f.DefaultMavenResourcesFiltering - skip non existing resourceDirectory D:\RestAPI\StudentManagement\src\test\resources
2026-09-02 11:11:58,680 [Worker-20: Building] WARN  Sisu - Error injecting: org.apache.maven.plugins.jar.JarMojo
com.google.inject.ProvisionException: Unable to provision, see the following errors:

1) [Guice/ErrorInCustomProvider]: OutOfScopeException: Cannot access session scope outside of a scoping block
  at SessionScopeModule.configure(SessionScopeModule.java:55)
      \_ installed by: WireModule -> SessionScopeModule
  at JarMojo.<init>(JarMojo.java:72)
      \_ for 2nd parameter
  while locating JarMojo

Learn more:
  https://github.com/google/guice/wiki/ERROR_IN_CUSTOM_PROVIDER

1 error

======================
Full classname legend:
======================
JarMojo:             "org.apache.maven.plugins.jar.JarMojo"
OutOfScopeException: "com.google.inject.OutOfScopeException"
SessionScopeModule:  "org.apache.maven.session.scope.internal.SessionScopeModule"
WireModule:          "org.eclipse.sisu.wire.WireModule"
========================
End of classname legend:
========================

	at com.google.inject.internal.InternalProvisionException.toProvisionException(InternalProvisionException.java:251)
	at com.google.inject.internal.InjectorImpl$1.get(InjectorImpl.java:1104)
	at com.google.inject.internal.InjectorImpl.getInstance(InjectorImpl.java:1139)
	at org.eclipse.sisu.space.AbstractDeferredClass.get(AbstractDeferredClass.java:50)
	at com.google.inject.internal.ProviderInternalFactory.provision(ProviderInternalFactory.java:86)
	at com.google.inject.internal.InternalFactoryToInitializableAdapter.provision(InternalFactoryToInitializableAdapter.java:57)
	at com.google.inject.internal.ProviderInternalFactory$1.call(ProviderInternalFactory.java:67)
	at com.google.inject.internal.ProvisionListenerStackCallback$Provision.provision(ProvisionListenerStackCallback.java:109)
	at com.google.inject.internal.ProvisionListenerStackCallback$Provision.provision(ProvisionListenerStackCallback.java:124)
	at com.google.inject.internal.ProvisionListenerStackCallback.provision(ProvisionListenerStackCallback.java:66)
	at com.google.inject.internal.ProviderInternalFactory.circularGet(ProviderInternalFactory.java:62)
	at com.google.inject.internal.InternalFactoryToInitializableAdapter.get(InternalFactoryToInitializableAdapter.java:47)
	at com.google.inject.internal.InjectorImpl$1.get(InjectorImpl.java:1101)
	at org.eclipse.sisu.inject.Guice4$2.get(Guice4.java:235)
	at org.eclipse.sisu.inject.LazyBeanEntry.getValue(LazyBeanEntry.java:83)
	at org.eclipse.sisu.plexus.LazyPlexusBean.getValue(LazyPlexusBean.java:53)
	at org.codehaus.plexus.DefaultPlexusContainer.lookup(DefaultPlexusContainer.java:267)
	at org.codehaus.plexus.DefaultPlexusContainer.lookup(DefaultPlexusContainer.java:259)
	at org.apache.maven.plugin.internal.DefaultMavenPluginManager.getConfiguredMojo(DefaultMavenPluginManager.java:491)
	at org.eclipse.m2e.core.internal.embedder.MavenImpl.getConfiguredMojo(MavenImpl.java:215)
	at org.eclipse.m2e.mavenarchiver.internal.AbstractMavenArchiverConfigurator.reflectManifestGeneration(AbstractMavenArchiverConfigurator.java:439)
	at org.eclipse.m2e.mavenarchiver.internal.AbstractMavenArchiverConfigurator.lambda$3(AbstractMavenArchiverConfigurator.java:398)
	at org.eclipse.m2e.core.internal.embedder.MavenExecutionContext.executeBare(MavenExecutionContext.java:462)
	at org.eclipse.m2e.core.internal.embedder.MavenExecutionContext.execute(MavenExecutionContext.java:342)
	at org.eclipse.m2e.core.internal.embedder.MavenExecutionContext.execute(MavenExecutionContext.java:281)
	at org.eclipse.m2e.mavenarchiver.internal.AbstractMavenArchiverConfigurator.generateManifest(AbstractMavenArchiverConfigurator.java:371)
	at org.eclipse.m2e.mavenarchiver.internal.AbstractMavenArchiverConfigurator.mavenProjectChanged(AbstractMavenArchiverConfigurator.java:228)
	at org.eclipse.m2e.mavenarchiver.internal.AbstractMavenArchiverConfigurator$1.build(AbstractMavenArchiverConfigurator.java:178)
	at org.eclipse.m2e.core.internal.builder.MavenBuilderImpl.lambda$2(MavenBuilderImpl.java:159)
	at java.base/java.util.LinkedHashMap.forEach(LinkedHashMap.java:987)
	at org.eclipse.m2e.core.internal.builder.MavenBuilderImpl.build(MavenBuilderImpl.java:139)
	at org.eclipse.m2e.core.internal.builder.MavenBuilder$1.method(MavenBuilder.java:164)
	at org.eclipse.m2e.core.internal.builder.MavenBuilder$1.method(MavenBuilder.java:1)
	at org.eclipse.m2e.core.internal.builder.MavenBuilder$BuildMethod.lambda$1(MavenBuilder.java:109)
	at org.eclipse.m2e.core.internal.embedder.MavenExecutionContext.executeBare(MavenExecutionContext.java:462)
	at org.eclipse.m2e.core.internal.embedder.MavenExecutionContext.execute(MavenExecutionContext.java:295)
	at org.eclipse.m2e.core.internal.builder.MavenBuilder$BuildMethod.lambda$0(MavenBuilder.java:100)
	at org.eclipse.m2e.core.internal.embedder.MavenExecutionContext.executeBare(MavenExecutionContext.java:462)
	at org.eclipse.m2e.core.internal.embedder.MavenExecutionContext.execute(MavenExecutionContext.java:342)
	at org.eclipse.m2e.core.internal.embedder.MavenExecutionContext.execute(MavenExecutionContext.java:281)
	at org.eclipse.m2e.core.internal.builder.MavenBuilder$BuildMethod.execute(MavenBuilder.java:83)
	at org.eclipse.m2e.core.internal.builder.MavenBuilder.build(MavenBuilder.java:192)
	at org.eclipse.core.internal.events.BuildManager$2.run(BuildManager.java:1109)
	at org.eclipse.core.runtime.SafeRunner.run(SafeRunner.java:47)
	at org.eclipse.core.internal.events.BuildManager.basicBuild(BuildManager.java:299)
	at org.eclipse.core.internal.events.BuildManager.basicBuild(BuildManager.java:355)
	at org.eclipse.core.internal.events.BuildManager$1.run(BuildManager.java:449)
	at org.eclipse.core.runtime.SafeRunner.run(SafeRunner.java:47)
	at org.eclipse.core.internal.events.BuildManager.basicBuild(BuildManager.java:452)
	at org.eclipse.core.internal.events.BuildManager.basicBuildLoop(BuildManager.java:564)
	at org.eclipse.core.internal.events.BuildManager.basicBuildLoop(BuildManager.java:512)
	at org.eclipse.core.internal.events.BuildManager.build(BuildManager.java:594)
	at org.eclipse.core.internal.events.AutoBuildJob.doBuild(AutoBuildJob.java:208)
	at org.eclipse.core.internal.events.AutoBuildJob.run(AutoBuildJob.java:309)
	at org.eclipse.core.internal.jobs.Worker.run(Worker.java:63)
Caused by: com.google.inject.OutOfScopeException: Cannot access session scope outside of a scoping block
	at org.apache.maven.session.scope.internal.SessionScope.getScopeState(SessionScope.java:70)
	at org.apache.maven.session.scope.internal.SessionScope.lambda$scope$2(SessionScope.java:92)
	at com.google.inject.internal.InternalFactoryToProviderAdapter.get(InternalFactoryToProviderAdapter.java:45)
	at com.google.inject.internal.SingleParameterInjector.inject(SingleParameterInjector.java:40)
	at com.google.inject.internal.SingleParameterInjector.getAll(SingleParameterInjector.java:60)
	at com.google.inject.internal.ConstructorInjector.provision(ConstructorInjector.java:113)
	at com.google.inject.internal.ConstructorInjector.access$000(ConstructorInjector.java:33)
	at com.google.inject.internal.ConstructorInjector$1.call(ConstructorInjector.java:98)
	at com.google.inject.internal.ProvisionListenerStackCallback$Provision.provision(ProvisionListenerStackCallback.java:109)
	at com.google.inject.internal.ProvisionListenerStackCallback$Provision.provision(ProvisionListenerStackCallback.java:124)
	at com.google.inject.internal.ProvisionListenerStackCallback.provision(ProvisionListenerStackCallback.java:66)
	at com.google.inject.internal.ConstructorInjector.construct(ConstructorInjector.java:93)
	at com.google.inject.internal.ConstructorBindingImpl$Factory.get(ConstructorBindingImpl.java:300)
	at com.google.inject.internal.InjectorImpl$1.get(InjectorImpl.java:1101)
	... 53 common frames omitted
2026-09-02 11:11:58,687 [Worker-20: Building] WARN  o.apache.maven.project.MavenProject - Direct modification of compileSourceRoots through clear() is deprecated and will not work in Maven 4.0.0. Please use the add/remove methods instead. If you're using a plugin that causes this warning, please upgrade to the latest version and report an issue if the warning persists. To disable these warnings, set -Dmaven.project.sourceRoots.warningsDisabled=true on the command line, in the .mvn/maven.config file, or in project POM properties.
2026-09-02 11:11:58,688 [Worker-20: Building] WARN  o.apache.maven.project.MavenProject - Direct modification of compileSourceRoots through add() is deprecated and will not work in Maven 4.0.0. Please use the add/remove methods instead. If you're using a plugin that causes this warning, please upgrade to the latest version and report an issue if the warning persists. To disable these warnings, set -Dmaven.project.sourceRoots.warningsDisabled=true on the command line, in the .mvn/maven.config file, or in project POM properties.
2026-09-02 11:11:58,689 [Worker-20: Building] WARN  o.apache.maven.project.MavenProject - Direct modification of testCompileSourceRoots through clear() is deprecated and will not work in Maven 4.0.0. Please use the add/remove methods instead. If you're using a plugin that causes this warning, please upgrade to the latest version and report an issue if the warning persists. To disable these warnings, set -Dmaven.project.sourceRoots.warningsDisabled=true on the command line, in the .mvn/maven.config file, or in project POM properties.
2026-09-02 11:11:58,689 [Worker-20: Building] WARN  o.apache.maven.project.MavenProject - Direct modification of testCompileSourceRoots through add() is deprecated and will not work in Maven 4.0.0. Please use the add/remove methods instead. If you're using a plugin that causes this warning, please upgrade to the latest version and report an issue if the warning persists. To disable these warnings, set -Dmaven.project.sourceRoots.warningsDisabled=true on the command line, in the .mvn/maven.config file, or in project POM properties.
2026-09-02 11:13:21,585 [Worker-20: Building] INFO  o.e.m.c.i.l.LifecycleMappingFactory - Using org.eclipse.m2e.jdt.JarLifecycleMapping lifecycle mapping for MavenProject: com.info:StudentManagement:0.0.1-SNAPSHOT @ D:\RestAPI\StudentManagement\pom.xml.
2026-09-02 11:13:21,959 [Worker-20: Building] WARN  Sisu - Error injecting: org.apache.maven.plugins.jar.JarMojo
com.google.inject.ProvisionException: Unable to provision, see the following errors:

1) [Guice/ErrorInCustomProvider]: OutOfScopeException: Cannot access session scope outside of a scoping block
  at SessionScopeModule.configure(SessionScopeModule.java:55)
      \_ installed by: WireModule -> SessionScopeModule
  at JarMojo.<init>(JarMojo.java:72)
      \_ for 2nd parameter
  while locating JarMojo

Learn more:
  https://github.com/google/guice/wiki/ERROR_IN_CUSTOM_PROVIDER

1 error

======================
Full classname legend:
======================
JarMojo:             "org.apache.maven.plugins.jar.JarMojo"
OutOfScopeException: "com.google.inject.OutOfScopeException"
SessionScopeModule:  "org.apache.maven.session.scope.internal.SessionScopeModule"
WireModule:          "org.eclipse.sisu.wire.WireModule"
========================
End of classname legend:
========================

	at com.google.inject.internal.InternalProvisionException.toProvisionException(InternalProvisionException.java:251)
	at com.google.inject.internal.InjectorImpl$1.get(InjectorImpl.java:1104)
	at com.google.inject.internal.InjectorImpl.getInstance(InjectorImpl.java:1139)
	at org.eclipse.sisu.space.AbstractDeferredClass.get(AbstractDeferredClass.java:50)
	at com.google.inject.internal.ProviderInternalFactory.provision(ProviderInternalFactory.java:86)
	at com.google.inject.internal.InternalFactoryToInitializableAdapter.provision(InternalFactoryToInitializableAdapter.java:57)
	at com.google.inject.internal.ProviderInternalFactory$1.call(ProviderInternalFactory.java:67)
	at com.google.inject.internal.ProvisionListenerStackCallback$Provision.provision(ProvisionListenerStackCallback.java:109)
	at com.google.inject.internal.ProvisionListenerStackCallback$Provision.provision(ProvisionListenerStackCallback.java:124)
	at com.google.inject.internal.ProvisionListenerStackCallback.provision(ProvisionListenerStackCallback.java:66)
	at com.google.inject.internal.ProviderInternalFactory.circularGet(ProviderInternalFactory.java:62)
	at com.google.inject.internal.InternalFactoryToInitializableAdapter.get(InternalFactoryToInitializableAdapter.java:47)
	at com.google.inject.internal.InjectorImpl$1.get(InjectorImpl.java:1101)
	at org.eclipse.sisu.inject.Guice4$2.get(Guice4.java:235)
	at org.eclipse.sisu.inject.LazyBeanEntry.getValue(LazyBeanEntry.java:83)
	at org.eclipse.sisu.plexus.LazyPlexusBean.getValue(LazyPlexusBean.java:53)
	at org.codehaus.plexus.DefaultPlexusContainer.lookup(DefaultPlexusContainer.java:267)
	at org.codehaus.plexus.DefaultPlexusContainer.lookup(DefaultPlexusContainer.java:259)
	at org.apache.maven.plugin.internal.DefaultMavenPluginManager.getConfiguredMojo(DefaultMavenPluginManager.java:491)
	at org.eclipse.m2e.core.internal.embedder.MavenImpl.getConfiguredMojo(MavenImpl.java:215)
	at org.eclipse.m2e.mavenarchiver.internal.AbstractMavenArchiverConfigurator.reflectManifestGeneration(AbstractMavenArchiverConfigurator.java:439)
	at org.eclipse.m2e.mavenarchiver.internal.AbstractMavenArchiverConfigurator.lambda$3(AbstractMavenArchiverConfigurator.java:398)
	at org.eclipse.m2e.core.internal.embedder.MavenExecutionContext.executeBare(MavenExecutionContext.java:462)
	at org.eclipse.m2e.core.internal.embedder.MavenExecutionContext.execute(MavenExecutionContext.java:342)
	at org.eclipse.m2e.core.internal.embedder.MavenExecutionContext.execute(MavenExecutionContext.java:281)
	at org.eclipse.m2e.mavenarchiver.internal.AbstractMavenArchiverConfigurator.generateManifest(AbstractMavenArchiverConfigurator.java:371)
	at org.eclipse.m2e.mavenarchiver.internal.AbstractMavenArchiverConfigurator.mavenProjectChanged(AbstractMavenArchiverConfigurator.java:228)
	at org.eclipse.m2e.mavenarchiver.internal.AbstractMavenArchiverConfigurator.mavenProjectChanged(AbstractMavenArchiverConfigurator.java:220)
	at org.eclipse.m2e.core.internal.project.ProjectConfigurationManager.mavenProjectChanged(ProjectConfigurationManager.java:885)
	at org.eclipse.m2e.core.internal.project.registry.ProjectRegistryManager.notifyProjectChangeListeners(ProjectRegistryManager.java:897)
	at org.eclipse.m2e.core.internal.project.registry.ProjectRegistryManager.applyMutableProjectRegistry(ProjectRegistryManager.java:1047)
	at org.eclipse.m2e.core.internal.project.registry.ProjectRegistryManager.refresh(ProjectRegistryManager.java:324)
	at org.eclipse.m2e.core.internal.builder.MavenBuilder$BuildMethod.getProjectFacade(MavenBuilder.java:146)
	at org.eclipse.m2e.core.internal.builder.MavenBuilder$BuildMethod.lambda$0(MavenBuilder.java:84)
	at org.eclipse.m2e.core.internal.embedder.MavenExecutionContext.executeBare(MavenExecutionContext.java:462)
	at org.eclipse.m2e.core.internal.embedder.MavenExecutionContext.execute(MavenExecutionContext.java:342)
	at org.eclipse.m2e.core.internal.embedder.MavenExecutionContext.execute(MavenExecutionContext.java:281)
	at org.eclipse.m2e.core.internal.builder.MavenBuilder$BuildMethod.execute(MavenBuilder.java:83)
	at org.eclipse.m2e.core.internal.builder.MavenBuilder.build(MavenBuilder.java:192)
	at org.eclipse.core.internal.events.BuildManager$2.run(BuildManager.java:1109)
	at org.eclipse.core.runtime.SafeRunner.run(SafeRunner.java:47)
	at org.eclipse.core.internal.events.BuildManager.basicBuild(BuildManager.java:299)
	at org.eclipse.core.internal.events.BuildManager.basicBuild(BuildManager.java:355)
	at org.eclipse.core.internal.events.BuildManager$1.run(BuildManager.java:449)
	at org.eclipse.core.runtime.SafeRunner.run(SafeRunner.java:47)
	at org.eclipse.core.internal.events.BuildManager.basicBuild(BuildManager.java:452)
	at org.eclipse.core.internal.events.BuildManager.basicBuildLoop(BuildManager.java:564)
	at org.eclipse.core.internal.events.BuildManager.basicBuildLoop(BuildManager.java:512)
	at org.eclipse.core.internal.events.BuildManager.build(BuildManager.java:594)
	at org.eclipse.core.internal.events.AutoBuildJob.doBuild(AutoBuildJob.java:208)
	at org.eclipse.core.internal.events.AutoBuildJob.run(AutoBuildJob.java:309)
	at org.eclipse.core.internal.jobs.Worker.run(Worker.java:63)
Caused by: com.google.inject.OutOfScopeException: Cannot access session scope outside of a scoping block
	at org.apache.maven.session.scope.internal.SessionScope.getScopeState(SessionScope.java:70)
	at org.apache.maven.session.scope.internal.SessionScope.lambda$scope$2(SessionScope.java:92)
	at com.google.inject.internal.InternalFactoryToProviderAdapter.get(InternalFactoryToProviderAdapter.java:45)
	at com.google.inject.internal.SingleParameterInjector.inject(SingleParameterInjector.java:40)
	at com.google.inject.internal.SingleParameterInjector.getAll(SingleParameterInjector.java:60)
	at com.google.inject.internal.ConstructorInjector.provision(ConstructorInjector.java:113)
	at com.google.inject.internal.ConstructorInjector.access$000(ConstructorInjector.java:33)
	at com.google.inject.internal.ConstructorInjector$1.call(ConstructorInjector.java:98)
	at com.google.inject.internal.ProvisionListenerStackCallback$Provision.provision(ProvisionListenerStackCallback.java:109)
	at com.google.inject.internal.ProvisionListenerStackCallback$Provision.provision(ProvisionListenerStackCallback.java:124)
	at com.google.inject.internal.ProvisionListenerStackCallback.provision(ProvisionListenerStackCallback.java:66)
	at com.google.inject.internal.ConstructorInjector.construct(ConstructorInjector.java:93)
	at com.google.inject.internal.ConstructorBindingImpl$Factory.get(ConstructorBindingImpl.java:300)
	at com.google.inject.internal.InjectorImpl$1.get(InjectorImpl.java:1101)
	... 50 common frames omitted
2026-09-02 11:13:22,210 [Worker-20: Building] INFO  o.a.m.s.f.DefaultMavenResourcesFiltering - Copying 0 resource from src\main\resources to target\classes
2026-09-02 11:13:22,210 [Worker-20: Building] INFO  o.a.m.s.f.DefaultMavenResourcesFiltering - Copying 0 resource from src\main\resources to target\classes
2026-09-02 11:13:22,214 [Worker-20: Building] INFO  o.a.m.s.f.DefaultMavenResourcesFiltering - skip non existing resourceDirectory D:\RestAPI\StudentManagement\src\test\resources
2026-09-02 11:13:22,219 [Worker-20: Building] WARN  Sisu - Error injecting: org.apache.maven.plugins.jar.JarMojo
com.google.inject.ProvisionException: Unable to provision, see the following errors:

1) [Guice/ErrorInCustomProvider]: OutOfScopeException: Cannot access session scope outside of a scoping block
  at SessionScopeModule.configure(SessionScopeModule.java:55)
      \_ installed by: WireModule -> SessionScopeModule
  at JarMojo.<init>(JarMojo.java:72)
      \_ for 2nd parameter
  while locating JarMojo

Learn more:
  https://github.com/google/guice/wiki/ERROR_IN_CUSTOM_PROVIDER

1 error

======================
Full classname legend:
======================
JarMojo:             "org.apache.maven.plugins.jar.JarMojo"
OutOfScopeException: "com.google.inject.OutOfScopeException"
SessionScopeModule:  "org.apache.maven.session.scope.internal.SessionScopeModule"
WireModule:          "org.eclipse.sisu.wire.WireModule"
========================
End of classname legend:
========================

	at com.google.inject.internal.InternalProvisionException.toProvisionException(InternalProvisionException.java:251)
	at com.google.inject.internal.InjectorImpl$1.get(InjectorImpl.java:1104)
	at com.google.inject.internal.InjectorImpl.getInstance(InjectorImpl.java:1139)
	at org.eclipse.sisu.space.AbstractDeferredClass.get(AbstractDeferredClass.java:50)
	at com.google.inject.internal.ProviderInternalFactory.provision(ProviderInternalFactory.java:86)
	at com.google.inject.internal.InternalFactoryToInitializableAdapter.provision(InternalFactoryToInitializableAdapter.java:57)
	at com.google.inject.internal.ProviderInternalFactory$1.call(ProviderInternalFactory.java:67)
	at com.google.inject.internal.ProvisionListenerStackCallback$Provision.provision(ProvisionListenerStackCallback.java:109)
	at com.google.inject.internal.ProvisionListenerStackCallback$Provision.provision(ProvisionListenerStackCallback.java:124)
	at com.google.inject.internal.ProvisionListenerStackCallback.provision(ProvisionListenerStackCallback.java:66)
	at com.google.inject.internal.ProviderInternalFactory.circularGet(ProviderInternalFactory.java:62)
	at com.google.inject.internal.InternalFactoryToInitializableAdapter.get(InternalFactoryToInitializableAdapter.java:47)
	at com.google.inject.internal.InjectorImpl$1.get(InjectorImpl.java:1101)
	at org.eclipse.sisu.inject.Guice4$2.get(Guice4.java:235)
	at org.eclipse.sisu.inject.LazyBeanEntry.getValue(LazyBeanEntry.java:83)
	at org.eclipse.sisu.plexus.LazyPlexusBean.getValue(LazyPlexusBean.java:53)
	at org.codehaus.plexus.DefaultPlexusContainer.lookup(DefaultPlexusContainer.java:267)
	at org.codehaus.plexus.DefaultPlexusContainer.lookup(DefaultPlexusContainer.java:259)
	at org.apache.maven.plugin.internal.DefaultMavenPluginManager.getConfiguredMojo(DefaultMavenPluginManager.java:491)
	at org.eclipse.m2e.core.internal.embedder.MavenImpl.getConfiguredMojo(MavenImpl.java:215)
	at org.eclipse.m2e.mavenarchiver.internal.AbstractMavenArchiverConfigurator.reflectManifestGeneration(AbstractMavenArchiverConfigurator.java:439)
	at org.eclipse.m2e.mavenarchiver.internal.AbstractMavenArchiverConfigurator.lambda$3(AbstractMavenArchiverConfigurator.java:398)
	at org.eclipse.m2e.core.internal.embedder.MavenExecutionContext.executeBare(MavenExecutionContext.java:462)
	at org.eclipse.m2e.core.internal.embedder.MavenExecutionContext.execute(MavenExecutionContext.java:342)
	at org.eclipse.m2e.core.internal.embedder.MavenExecutionContext.execute(MavenExecutionContext.java:281)
	at org.eclipse.m2e.mavenarchiver.internal.AbstractMavenArchiverConfigurator.generateManifest(AbstractMavenArchiverConfigurator.java:371)
	at org.eclipse.m2e.mavenarchiver.internal.AbstractMavenArchiverConfigurator.mavenProjectChanged(AbstractMavenArchiverConfigurator.java:228)
	at org.eclipse.m2e.mavenarchiver.internal.AbstractMavenArchiverConfigurator$1.build(AbstractMavenArchiverConfigurator.java:178)
	at org.eclipse.m2e.core.internal.builder.MavenBuilderImpl.lambda$2(MavenBuilderImpl.java:159)
	at java.base/java.util.LinkedHashMap.forEach(LinkedHashMap.java:987)
	at org.eclipse.m2e.core.internal.builder.MavenBuilderImpl.build(MavenBuilderImpl.java:139)
	at org.eclipse.m2e.core.internal.builder.MavenBuilder$1.method(MavenBuilder.java:164)
	at org.eclipse.m2e.core.internal.builder.MavenBuilder$1.method(MavenBuilder.java:1)
	at org.eclipse.m2e.core.internal.builder.MavenBuilder$BuildMethod.lambda$1(MavenBuilder.java:109)
	at org.eclipse.m2e.core.internal.embedder.MavenExecutionContext.executeBare(MavenExecutionContext.java:462)
	at org.eclipse.m2e.core.internal.embedder.MavenExecutionContext.execute(MavenExecutionContext.java:295)
	at org.eclipse.m2e.core.internal.builder.MavenBuilder$BuildMethod.lambda$0(MavenBuilder.java:100)
	at org.eclipse.m2e.core.internal.embedder.MavenExecutionContext.executeBare(MavenExecutionContext.java:462)
	at org.eclipse.m2e.core.internal.embedder.MavenExecutionContext.execute(MavenExecutionContext.java:342)
	at org.eclipse.m2e.core.internal.embedder.MavenExecutionContext.execute(MavenExecutionContext.java:281)
	at org.eclipse.m2e.core.internal.builder.MavenBuilder$BuildMethod.execute(MavenBuilder.java:83)
	at org.eclipse.m2e.core.internal.builder.MavenBuilder.build(MavenBuilder.java:192)
	at org.eclipse.core.internal.events.BuildManager$2.run(BuildManager.java:1109)
	at org.eclipse.core.runtime.SafeRunner.run(SafeRunner.java:47)
	at org.eclipse.core.internal.events.BuildManager.basicBuild(BuildManager.java:299)
	at org.eclipse.core.internal.events.BuildManager.basicBuild(BuildManager.java:355)
	at org.eclipse.core.internal.events.BuildManager$1.run(BuildManager.java:449)
	at org.eclipse.core.runtime.SafeRunner.run(SafeRunner.java:47)
	at org.eclipse.core.internal.events.BuildManager.basicBuild(BuildManager.java:452)
	at org.eclipse.core.internal.events.BuildManager.basicBuildLoop(BuildManager.java:564)
	at org.eclipse.core.internal.events.BuildManager.basicBuildLoop(BuildManager.java:512)
	at org.eclipse.core.internal.events.BuildManager.build(BuildManager.java:594)
	at org.eclipse.core.internal.events.AutoBuildJob.doBuild(AutoBuildJob.java:208)
	at org.eclipse.core.internal.events.AutoBuildJob.run(AutoBuildJob.java:309)
	at org.eclipse.core.internal.jobs.Worker.run(Worker.java:63)
Caused by: com.google.inject.OutOfScopeException: Cannot access session scope outside of a scoping block
	at org.apache.maven.session.scope.internal.SessionScope.getScopeState(SessionScope.java:70)
	at org.apache.maven.session.scope.internal.SessionScope.lambda$scope$2(SessionScope.java:92)
	at com.google.inject.internal.InternalFactoryToProviderAdapter.get(InternalFactoryToProviderAdapter.java:45)
	at com.google.inject.internal.SingleParameterInjector.inject(SingleParameterInjector.java:40)
	at com.google.inject.internal.SingleParameterInjector.getAll(SingleParameterInjector.java:60)
	at com.google.inject.internal.ConstructorInjector.provision(ConstructorInjector.java:113)
	at com.google.inject.internal.ConstructorInjector.access$000(ConstructorInjector.java:33)
	at com.google.inject.internal.ConstructorInjector$1.call(ConstructorInjector.java:98)
	at com.google.inject.internal.ProvisionListenerStackCallback$Provision.provision(ProvisionListenerStackCallback.java:109)
	at com.google.inject.internal.ProvisionListenerStackCallback$Provision.provision(ProvisionListenerStackCallback.java:124)
	at com.google.inject.internal.ProvisionListenerStackCallback.provision(ProvisionListenerStackCallback.java:66)
	at com.google.inject.internal.ConstructorInjector.construct(ConstructorInjector.java:93)
	at com.google.inject.internal.ConstructorBindingImpl$Factory.get(ConstructorBindingImpl.java:300)
	at com.google.inject.internal.InjectorImpl$1.get(InjectorImpl.java:1101)
	... 53 common frames omitted
2026-09-02 11:13:22,224 [Worker-20: Building] WARN  o.apache.maven.project.MavenProject - Direct modification of compileSourceRoots through clear() is deprecated and will not work in Maven 4.0.0. Please use the add/remove methods instead. If you're using a plugin that causes this warning, please upgrade to the latest version and report an issue if the warning persists. To disable these warnings, set -Dmaven.project.sourceRoots.warningsDisabled=true on the command line, in the .mvn/maven.config file, or in project POM properties.
2026-09-02 11:13:22,225 [Worker-20: Building] WARN  o.apache.maven.project.MavenProject - Direct modification of compileSourceRoots through add() is deprecated and will not work in Maven 4.0.0. Please use the add/remove methods instead. If you're using a plugin that causes this warning, please upgrade to the latest version and report an issue if the warning persists. To disable these warnings, set -Dmaven.project.sourceRoots.warningsDisabled=true on the command line, in the .mvn/maven.config file, or in project POM properties.
2026-09-02 11:13:22,226 [Worker-20: Building] WARN  o.apache.maven.project.MavenProject - Direct modification of testCompileSourceRoots through clear() is deprecated and will not work in Maven 4.0.0. Please use the add/remove methods instead. If you're using a plugin that causes this warning, please upgrade to the latest version and report an issue if the warning persists. To disable these warnings, set -Dmaven.project.sourceRoots.warningsDisabled=true on the command line, in the .mvn/maven.config file, or in project POM properties.
2026-09-02 11:13:22,226 [Worker-20: Building] WARN  o.apache.maven.project.MavenProject - Direct modification of testCompileSourceRoots through add() is deprecated and will not work in Maven 4.0.0. Please use the add/remove methods instead. If you're using a plugin that causes this warning, please upgrade to the latest version and report an issue if the warning persists. To disable these warnings, set -Dmaven.project.sourceRoots.warningsDisabled=true on the command line, in the .mvn/maven.config file, or in project POM properties.
2026-09-02 11:17:27,566 [Worker-25: Building] INFO  o.e.m.c.i.e.AbstractTransferListenerAdapter - Downloading https://repo.maven.apache.org/maven2/org/springframework/boot/spring-boot-starter-parent/3.5.6/spring-boot-starter-parent-3.5.6.pom
2026-09-02 11:17:27,608 [Worker-25: Building] INFO  o.e.m.c.i.e.AbstractTransferListenerAdapter - Downloaded https://repo.maven.apache.org/maven2/org/springframework/boot/spring-boot-starter-parent/3.5.6/spring-boot-starter-parent-3.5.6.pom
2026-09-02 11:17:27,688 [Worker-25: Building] INFO  o.e.m.c.i.e.AbstractTransferListenerAdapter - Downloading https://repo.maven.apache.org/maven2/org/springframework/boot/spring-boot-dependencies/3.5.6/spring-boot-dependencies-3.5.6.pom
2026-09-02 11:17:27,781 [Worker-25: Building] INFO  o.e.m.c.i.e.AbstractTransferListenerAdapter - Downloaded https://repo.maven.apache.org/maven2/org/springframework/boot/spring-boot-dependencies/3.5.6/spring-boot-dependencies-3.5.6.pom
2026-09-02 11:17:27,854 [Worker-25: Building] INFO  o.e.m.c.i.e.AbstractTransferListenerAdapter - Downloading https://repo.maven.apache.org/maven2/org/apache/activemq/activemq-bom/6.1.7/activemq-bom-6.1.7.pom
2026-09-02 11:17:27,883 [Worker-25: Building] INFO  o.e.m.c.i.e.AbstractTransferListenerAdapter - Downloaded https://repo.maven.apache.org/maven2/org/apache/activemq/activemq-bom/6.1.7/activemq-bom-6.1.7.pom
2026-09-02 11:17:27,941 [Worker-25: Building] INFO  o.e.m.c.i.e.AbstractTransferListenerAdapter - Downloading https://repo.maven.apache.org/maven2/org/apache/activemq/artemis-bom/2.40.0/artemis-bom-2.40.0.pom
2026-09-02 11:17:27,967 [Worker-25: Building] INFO  o.e.m.c.i.e.AbstractTransferListenerAdapter - Downloaded https://repo.maven.apache.org/maven2/org/apache/activemq/artemis-bom/2.40.0/artemis-bom-2.40.0.pom
2026-09-02 11:17:28,037 [Worker-25: Building] INFO  o.e.m.c.i.e.AbstractTransferListenerAdapter - Downloading https://repo.maven.apache.org/maven2/org/apache/activemq/artemis-project/2.40.0/artemis-project-2.40.0.pom
2026-09-02 11:17:28,075 [Worker-25: Building] INFO  o.e.m.c.i.e.AbstractTransferListenerAdapter - Downloaded https://repo.maven.apache.org/maven2/org/apache/activemq/artemis-project/2.40.0/artemis-project-2.40.0.pom
2026-09-02 11:17:28,145 [Worker-25: Building] INFO  o.e.m.c.i.e.AbstractTransferListenerAdapter - Downloading https://repo.maven.apache.org/maven2/org/assertj/assertj-bom/3.27.4/assertj-bom-3.27.4.pom
2026-09-02 11:17:28,173 [Worker-25: Building] INFO  o.e.m.c.i.e.AbstractTransferListenerAdapter - Downloaded https://repo.maven.apache.org/maven2/org/assertj/assertj-bom/3.27.4/assertj-bom-3.27.4.pom
2026-09-02 11:17:28,249 [Worker-25: Building] INFO  o.e.m.c.i.e.AbstractTransferListenerAdapter - Downloading https://repo.maven.apache.org/maven2/io/zipkin/brave/brave-bom/6.1.0/brave-bom-6.1.0.pom
2026-09-02 11:17:28,280 [Worker-25: Building] INFO  o.e.m.c.i.e.AbstractTransferListenerAdapter - Downloaded https://repo.maven.apache.org/maven2/io/zipkin/brave/brave-bom/6.1.0/brave-bom-6.1.0.pom
2026-09-02 11:17:28,352 [Worker-25: Building] INFO  o.e.m.c.i.e.AbstractTransferListenerAdapter - Downloading https://repo.maven.apache.org/maven2/org/apache/cassandra/java-driver-bom/4.19.0/java-driver-bom-4.19.0.pom
2026-09-02 11:17:28,379 [Worker-25: Building] INFO  o.e.m.c.i.e.AbstractTransferListenerAdapter - Downloaded https://repo.maven.apache.org/maven2/org/apache/cassandra/java-driver-bom/4.19.0/java-driver-bom-4.19.0.pom
2026-09-02 11:17:28,450 [Worker-25: Building] INFO  o.e.m.c.i.e.AbstractTransferListenerAdapter - Downloading https://repo.maven.apache.org/maven2/org/apache/groovy/groovy-bom/4.0.28/groovy-bom-4.0.28.pom
2026-09-02 11:17:28,476 [Worker-25: Building] INFO  o.e.m.c.i.e.AbstractTransferListenerAdapter - Downloaded https://repo.maven.apache.org/maven2/org/apache/groovy/groovy-bom/4.0.28/groovy-bom-4.0.28.pom
2026-09-02 11:17:28,588 [Worker-25: Building] INFO  o.e.m.c.i.e.AbstractTransferListenerAdapter - Downloading https://repo.maven.apache.org/maven2/com/fasterxml/jackson/jackson-bom/2.19.2/jackson-bom-2.19.2.pom
2026-09-02 11:17:28,617 [Worker-25: Building] INFO  o.e.m.c.i.e.AbstractTransferListenerAdapter - Downloaded https://repo.maven.apache.org/maven2/com/fasterxml/jackson/jackson-bom/2.19.2/jackson-bom-2.19.2.pom
2026-09-02 11:17:28,685 [Worker-25: Building] INFO  o.e.m.c.i.e.AbstractTransferListenerAdapter - Downloading https://repo.maven.apache.org/maven2/com/fasterxml/jackson/jackson-parent/2.19.3/jackson-parent-2.19.3.pom
2026-09-02 11:17:28,712 [Worker-25: Building] INFO  o.e.m.c.i.e.AbstractTransferListenerAdapter - Downloaded https://repo.maven.apache.org/maven2/com/fasterxml/jackson/jackson-parent/2.19.3/jackson-parent-2.19.3.pom
2026-09-02 11:17:28,775 [Worker-25: Building] INFO  o.e.m.c.i.e.AbstractTransferListenerAdapter - Downloading https://repo.maven.apache.org/maven2/com/fasterxml/oss-parent/69/oss-parent-69.pom
2026-09-02 11:17:28,809 [Worker-25: Building] INFO  o.e.m.c.i.e.AbstractTransferListenerAdapter - Downloaded https://repo.maven.apache.org/maven2/com/fasterxml/oss-parent/69/oss-parent-69.pom
2026-09-02 11:17:28,885 [Worker-25: Building] INFO  o.e.m.c.i.e.AbstractTransferListenerAdapter - Downloading https://repo.maven.apache.org/maven2/org/glassfish/jersey/jersey-bom/3.1.11/jersey-bom-3.1.11.pom
2026-09-02 11:17:28,940 [Worker-25: Building] INFO  o.e.m.c.i.e.AbstractTransferListenerAdapter - Downloaded https://repo.maven.apache.org/maven2/org/glassfish/jersey/jersey-bom/3.1.11/jersey-bom-3.1.11.pom
2026-09-02 11:17:29,034 [Worker-25: Building] INFO  o.e.m.c.i.e.AbstractTransferListenerAdapter - Downloading https://repo.maven.apache.org/maven2/org/eclipse/jetty/ee10/jetty-ee10-bom/12.0.27/jetty-ee10-bom-12.0.27.pom
2026-09-02 11:17:29,071 [Worker-25: Building] INFO  o.e.m.c.i.e.AbstractTransferListenerAdapter - Downloaded https://repo.maven.apache.org/maven2/org/eclipse/jetty/ee10/jetty-ee10-bom/12.0.27/jetty-ee10-bom-12.0.27.pom
2026-09-02 11:17:29,145 [Worker-25: Building] INFO  o.e.m.c.i.e.AbstractTransferListenerAdapter - Downloading https://repo.maven.apache.org/maven2/org/eclipse/jetty/jetty-bom/12.0.27/jetty-bom-12.0.27.pom
2026-09-02 11:17:29,191 [Worker-25: Building] INFO  o.e.m.c.i.e.AbstractTransferListenerAdapter - Downloaded https://repo.maven.apache.org/maven2/org/eclipse/jetty/jetty-bom/12.0.27/jetty-bom-12.0.27.pom
2026-09-02 11:17:29,276 [Worker-25: Building] INFO  o.e.m.c.i.e.AbstractTransferListenerAdapter - Downloading https://repo.maven.apache.org/maven2/org/apache/logging/log4j/log4j-bom/2.24.3/log4j-bom-2.24.3.pom
2026-09-02 11:17:29,306 [Worker-25: Building] INFO  o.e.m.c.i.e.AbstractTransferListenerAdapter - Downloaded https://repo.maven.apache.org/maven2/org/apache/logging/log4j/log4j-bom/2.24.3/log4j-bom-2.24.3.pom
2026-09-02 11:17:29,426 [Worker-25: Building] INFO  o.e.m.c.i.e.AbstractTransferListenerAdapter - Downloading https://repo.maven.apache.org/maven2/io/micrometer/micrometer-bom/1.15.4/micrometer-bom-1.15.4.pom
2026-09-02 11:17:29,497 [Worker-25: Building] INFO  o.e.m.c.i.e.AbstractTransferListenerAdapter - Downloaded https://repo.maven.apache.org/maven2/io/micrometer/micrometer-bom/1.15.4/micrometer-bom-1.15.4.pom
2026-09-02 11:17:29,865 [Worker-25: Building] INFO  o.e.m.c.i.e.AbstractTransferListenerAdapter - Downloading https://repo.maven.apache.org/maven2/io/micrometer/micrometer-tracing-bom/1.5.4/micrometer-tracing-bom-1.5.4.pom
2026-09-02 11:17:29,930 [Worker-25: Building] INFO  o.e.m.c.i.e.AbstractTransferListenerAdapter - Downloaded https://repo.maven.apache.org/maven2/io/micrometer/micrometer-tracing-bom/1.5.4/micrometer-tracing-bom-1.5.4.pom
2026-09-02 11:17:29,992 [Worker-25: Building] INFO  o.e.m.c.i.e.AbstractTransferListenerAdapter - Downloading https://repo.maven.apache.org/maven2/org/mockito/mockito-bom/5.17.0/mockito-bom-5.17.0.pom
2026-09-02 11:17:30,023 [Worker-25: Building] INFO  o.e.m.c.i.e.AbstractTransferListenerAdapter - Downloaded https://repo.maven.apache.org/maven2/org/mockito/mockito-bom/5.17.0/mockito-bom-5.17.0.pom
2026-09-02 11:17:30,092 [Worker-25: Building] INFO  o.e.m.c.i.e.AbstractTransferListenerAdapter - Downloading https://repo.maven.apache.org/maven2/org/mongodb/mongodb-driver-bom/5.5.1/mongodb-driver-bom-5.5.1.pom
2026-09-02 11:17:30,122 [Worker-25: Building] INFO  o.e.m.c.i.e.AbstractTransferListenerAdapter - Downloaded https://repo.maven.apache.org/maven2/org/mongodb/mongodb-driver-bom/5.5.1/mongodb-driver-bom-5.5.1.pom
2026-09-02 11:17:30,185 [Worker-25: Building] INFO  o.e.m.c.i.e.AbstractTransferListenerAdapter - Downloading https://repo.maven.apache.org/maven2/io/netty/netty-bom/4.1.127.Final/netty-bom-4.1.127.Final.pom
2026-09-02 11:17:30,217 [Worker-25: Building] INFO  o.e.m.c.i.e.AbstractTransferListenerAdapter - Downloaded https://repo.maven.apache.org/maven2/io/netty/netty-bom/4.1.127.Final/netty-bom-4.1.127.Final.pom
2026-09-02 11:17:30,568 [Worker-25: Building] INFO  o.e.m.c.i.e.AbstractTransferListenerAdapter - Downloading https://repo.maven.apache.org/maven2/io/opentelemetry/opentelemetry-bom/1.49.0/opentelemetry-bom-1.49.0.pom
2026-09-02 11:17:30,597 [Worker-25: Building] INFO  o.e.m.c.i.e.AbstractTransferListenerAdapter - Downloaded https://repo.maven.apache.org/maven2/io/opentelemetry/opentelemetry-bom/1.49.0/opentelemetry-bom-1.49.0.pom
2026-09-02 11:17:30,659 [Worker-25: Building] INFO  o.e.m.c.i.e.AbstractTransferListenerAdapter - Downloading https://repo.maven.apache.org/maven2/io/prometheus/prometheus-metrics-bom/1.3.10/prometheus-metrics-bom-1.3.10.pom
2026-09-02 11:17:30,689 [Worker-25: Building] INFO  o.e.m.c.i.e.AbstractTransferListenerAdapter - Downloaded https://repo.maven.apache.org/maven2/io/prometheus/prometheus-metrics-bom/1.3.10/prometheus-metrics-bom-1.3.10.pom
2026-09-02 11:17:30,750 [Worker-25: Building] INFO  o.e.m.c.i.e.AbstractTransferListenerAdapter - Downloading https://repo.maven.apache.org/maven2/io/prometheus/client_java_parent/1.3.10/client_java_parent-1.3.10.pom
2026-09-02 11:17:30,786 [Worker-25: Building] INFO  o.e.m.c.i.e.AbstractTransferListenerAdapter - Downloaded https://repo.maven.apache.org/maven2/io/prometheus/client_java_parent/1.3.10/client_java_parent-1.3.10.pom
2026-09-02 11:17:31,823 [Worker-25: Building] INFO  o.e.m.c.i.e.AbstractTransferListenerAdapter - Downloading https://repo.maven.apache.org/maven2/org/apache/pulsar/pulsar-bom/4.0.6/pulsar-bom-4.0.6.pom
2026-09-02 11:17:31,889 [Worker-25: Building] INFO  o.e.m.c.i.e.AbstractTransferListenerAdapter - Downloaded https://repo.maven.apache.org/maven2/org/apache/pulsar/pulsar-bom/4.0.6/pulsar-bom-4.0.6.pom
2026-09-02 11:17:31,973 [Worker-25: Building] INFO  o.e.m.c.i.e.AbstractTransferListenerAdapter - Downloading https://repo.maven.apache.org/maven2/org/apache/pulsar/pulsar-client-reactive-bom/0.6.0/pulsar-client-reactive-bom-0.6.0.pom
2026-09-02 11:17:31,999 [Worker-25: Building] INFO  o.e.m.c.i.e.AbstractTransferListenerAdapter - Downloaded https://repo.maven.apache.org/maven2/org/apache/pulsar/pulsar-client-reactive-bom/0.6.0/pulsar-client-reactive-bom-0.6.0.pom
2026-09-02 11:17:32,111 [Worker-25: Building] INFO  o.e.m.c.i.e.AbstractTransferListenerAdapter - Downloading https://repo.maven.apache.org/maven2/io/projectreactor/reactor-bom/2024.0.10/reactor-bom-2024.0.10.pom
2026-09-02 11:17:32,143 [Worker-25: Building] INFO  o.e.m.c.i.e.AbstractTransferListenerAdapter - Downloaded https://repo.maven.apache.org/maven2/io/projectreactor/reactor-bom/2024.0.10/reactor-bom-2024.0.10.pom
2026-09-02 11:17:32,201 [Worker-25: Building] INFO  o.e.m.c.i.e.AbstractTransferListenerAdapter - Downloading https://repo.maven.apache.org/maven2/io/rest-assured/rest-assured-bom/5.5.6/rest-assured-bom-5.5.6.pom
2026-09-02 11:17:32,227 [Worker-25: Building] INFO  o.e.m.c.i.e.AbstractTransferListenerAdapter - Downloaded https://repo.maven.apache.org/maven2/io/rest-assured/rest-assured-bom/5.5.6/rest-assured-bom-5.5.6.pom
2026-09-02 11:17:32,293 [Worker-25: Building] INFO  o.e.m.c.i.e.AbstractTransferListenerAdapter - Downloading https://repo.maven.apache.org/maven2/org/seleniumhq/selenium/selenium-bom/4.31.0/selenium-bom-4.31.0.pom
2026-09-02 11:17:32,318 [Worker-25: Building] INFO  o.e.m.c.i.e.AbstractTransferListenerAdapter - Downloaded https://repo.maven.apache.org/maven2/org/seleniumhq/selenium/selenium-bom/4.31.0/selenium-bom-4.31.0.pom
2026-09-02 11:17:32,372 [Worker-25: Building] INFO  o.e.m.c.i.e.AbstractTransferListenerAdapter - Downloading https://repo.maven.apache.org/maven2/org/springframework/amqp/spring-amqp-bom/3.2.7/spring-amqp-bom-3.2.7.pom
2026-09-02 11:17:32,402 [Worker-25: Building] INFO  o.e.m.c.i.e.AbstractTransferListenerAdapter - Downloaded https://repo.maven.apache.org/maven2/org/springframework/amqp/spring-amqp-bom/3.2.7/spring-amqp-bom-3.2.7.pom
2026-09-02 11:17:32,459 [Worker-25: Building] INFO  o.e.m.c.i.e.AbstractTransferListenerAdapter - Downloading https://repo.maven.apache.org/maven2/org/springframework/batch/spring-batch-bom/5.2.3/spring-batch-bom-5.2.3.pom
2026-09-02 11:17:32,488 [Worker-25: Building] INFO  o.e.m.c.i.e.AbstractTransferListenerAdapter - Downloaded https://repo.maven.apache.org/maven2/org/springframework/batch/spring-batch-bom/5.2.3/spring-batch-bom-5.2.3.pom
2026-09-02 11:17:32,552 [Worker-25: Building] INFO  o.e.m.c.i.e.AbstractTransferListenerAdapter - Downloading https://repo.maven.apache.org/maven2/org/springframework/data/spring-data-bom/2025.0.4/spring-data-bom-2025.0.4.pom
2026-09-02 11:17:32,581 [Worker-25: Building] INFO  o.e.m.c.i.e.AbstractTransferListenerAdapter - Downloaded https://repo.maven.apache.org/maven2/org/springframework/data/spring-data-bom/2025.0.4/spring-data-bom-2025.0.4.pom
2026-09-02 11:17:32,640 [Worker-25: Building] INFO  o.e.m.c.i.e.AbstractTransferListenerAdapter - Downloading https://repo.maven.apache.org/maven2/org/springframework/spring-framework-bom/6.2.11/spring-framework-bom-6.2.11.pom
2026-09-02 11:17:32,667 [Worker-25: Building] INFO  o.e.m.c.i.e.AbstractTransferListenerAdapter - Downloaded https://repo.maven.apache.org/maven2/org/springframework/spring-framework-bom/6.2.11/spring-framework-bom-6.2.11.pom
2026-09-02 11:17:32,729 [Worker-25: Building] INFO  o.e.m.c.i.e.AbstractTransferListenerAdapter - Downloading https://repo.maven.apache.org/maven2/org/springframework/integration/spring-integration-bom/6.5.2/spring-integration-bom-6.5.2.pom
2026-09-02 11:17:32,755 [Worker-25: Building] INFO  o.e.m.c.i.e.AbstractTransferListenerAdapter - Downloaded https://repo.maven.apache.org/maven2/org/springframework/integration/spring-integration-bom/6.5.2/spring-integration-bom-6.5.2.pom
2026-09-02 11:17:32,837 [Worker-25: Building] INFO  o.e.m.c.i.e.AbstractTransferListenerAdapter - Downloading https://repo.maven.apache.org/maven2/org/springframework/pulsar/spring-pulsar-bom/1.2.10/spring-pulsar-bom-1.2.10.pom
2026-09-02 11:17:32,879 [Worker-25: Building] INFO  o.e.m.c.i.e.AbstractTransferListenerAdapter - Downloaded https://repo.maven.apache.org/maven2/org/springframework/pulsar/spring-pulsar-bom/1.2.10/spring-pulsar-bom-1.2.10.pom
2026-09-02 11:17:32,945 [Worker-25: Building] INFO  o.e.m.c.i.e.AbstractTransferListenerAdapter - Downloading https://repo.maven.apache.org/maven2/org/springframework/restdocs/spring-restdocs-bom/3.0.5/spring-restdocs-bom-3.0.5.pom
2026-09-02 11:17:32,970 [Worker-25: Building] INFO  o.e.m.c.i.e.AbstractTransferListenerAdapter - Downloaded https://repo.maven.apache.org/maven2/org/springframework/restdocs/spring-restdocs-bom/3.0.5/spring-restdocs-bom-3.0.5.pom
2026-09-02 11:17:33,072 [Worker-25: Building] INFO  o.e.m.c.i.e.AbstractTransferListenerAdapter - Downloading https://repo.maven.apache.org/maven2/org/springframework/security/spring-security-bom/6.5.5/spring-security-bom-6.5.5.pom
2026-09-02 11:17:33,105 [Worker-25: Building] INFO  o.e.m.c.i.e.AbstractTransferListenerAdapter - Downloaded https://repo.maven.apache.org/maven2/org/springframework/security/spring-security-bom/6.5.5/spring-security-bom-6.5.5.pom
2026-09-02 11:17:33,172 [Worker-25: Building] INFO  o.e.m.c.i.e.AbstractTransferListenerAdapter - Downloading https://repo.maven.apache.org/maven2/org/springframework/session/spring-session-bom/3.5.2/spring-session-bom-3.5.2.pom
2026-09-02 11:17:33,203 [Worker-25: Building] INFO  o.e.m.c.i.e.AbstractTransferListenerAdapter - Downloaded https://repo.maven.apache.org/maven2/org/springframework/session/spring-session-bom/3.5.2/spring-session-bom-3.5.2.pom
2026-09-02 11:17:33,267 [Worker-25: Building] INFO  o.e.m.c.i.e.AbstractTransferListenerAdapter - Downloading https://repo.maven.apache.org/maven2/org/springframework/ws/spring-ws-bom/4.1.1/spring-ws-bom-4.1.1.pom
2026-09-02 11:17:33,307 [Worker-25: Building] INFO  o.e.m.c.i.e.AbstractTransferListenerAdapter - Downloaded https://repo.maven.apache.org/maven2/org/springframework/ws/spring-ws-bom/4.1.1/spring-ws-bom-4.1.1.pom
2026-09-02 11:17:33,369 [Worker-25: Building] INFO  o.e.m.c.i.e.AbstractTransferListenerAdapter - Downloading https://repo.maven.apache.org/maven2/org/testcontainers/testcontainers-bom/1.21.3/testcontainers-bom-1.21.3.pom
2026-09-02 11:17:33,405 [Worker-25: Building] INFO  o.e.m.c.i.e.AbstractTransferListenerAdapter - Downloaded https://repo.maven.apache.org/maven2/org/testcontainers/testcontainers-bom/1.21.3/testcontainers-bom-1.21.3.pom
2026-09-02 11:17:33,771 [Worker-25: Building] INFO  o.e.m.c.i.e.AbstractTransferListenerAdapter - Downloading https://repo.maven.apache.org/maven2/org/springframework/boot/spring-boot-maven-plugin/3.5.6/spring-boot-maven-plugin-3.5.6.pom
2026-09-02 11:17:33,807 [Worker-25: Building] INFO  o.e.m.c.i.e.AbstractTransferListenerAdapter - Downloaded https://repo.maven.apache.org/maven2/org/springframework/boot/spring-boot-maven-plugin/3.5.6/spring-boot-maven-plugin-3.5.6.pom
2026-09-02 11:17:33,867 [Worker-25: Building] INFO  o.e.m.c.i.e.AbstractTransferListenerAdapter - Downloading https://repo.maven.apache.org/maven2/org/springframework/boot/spring-boot-maven-plugin/3.5.6/spring-boot-maven-plugin-3.5.6.jar
2026-09-02 11:17:34,041 [Worker-25: Building] INFO  o.e.m.c.i.e.AbstractTransferListenerAdapter - Downloaded https://repo.maven.apache.org/maven2/org/springframework/boot/spring-boot-maven-plugin/3.5.6/spring-boot-maven-plugin-3.5.6.jar
2026-09-02 11:17:34,186 [Worker-25: Building] INFO  o.e.m.c.i.e.AbstractTransferListenerAdapter - Downloading https://repo.maven.apache.org/maven2/org/apache/maven/plugins/maven-clean-plugin/3.4.1/maven-clean-plugin-3.4.1.jar
2026-09-02 11:17:34,752 [Worker-25: Building] INFO  o.e.m.c.i.e.AbstractTransferListenerAdapter - Downloaded https://repo.maven.apache.org/maven2/org/apache/maven/plugins/maven-clean-plugin/3.4.1/maven-clean-plugin-3.4.1.jar
2026-09-02 11:17:35,099 [Worker-25: Building] INFO  o.e.m.c.i.e.AbstractTransferListenerAdapter - Downloading https://repo.maven.apache.org/maven2/org/apache/maven/plugins/maven-compiler-plugin/3.14.0/maven-compiler-plugin-3.14.0.jar
2026-09-02 11:17:35,254 [Worker-25: Building] INFO  o.e.m.c.i.e.AbstractTransferListenerAdapter - Downloaded https://repo.maven.apache.org/maven2/org/apache/maven/plugins/maven-compiler-plugin/3.14.0/maven-compiler-plugin-3.14.0.jar
2026-09-02 11:17:35,632 [Worker-25: Building] INFO  o.e.m.c.i.e.AbstractTransferListenerAdapter - Downloading https://repo.maven.apache.org/maven2/org/apache/maven/plugins/maven-compiler-plugin/3.14.0/maven-compiler-plugin-3.14.0.pom
2026-09-02 11:17:35,676 [Worker-25: Building] INFO  o.e.m.c.i.e.AbstractTransferListenerAdapter - Downloaded https://repo.maven.apache.org/maven2/org/apache/maven/plugins/maven-compiler-plugin/3.14.0/maven-compiler-plugin-3.14.0.pom
2026-09-02 11:17:35,751 [Worker-25: Building] INFO  o.e.m.c.i.e.AbstractTransferListenerAdapter - Downloading https://repo.maven.apache.org/maven2/org/apache/maven/plugins/maven-plugins/43/maven-plugins-43.pom
2026-09-02 11:17:35,783 [Worker-25: Building] INFO  o.e.m.c.i.e.AbstractTransferListenerAdapter - Downloaded https://repo.maven.apache.org/maven2/org/apache/maven/plugins/maven-plugins/43/maven-plugins-43.pom
2026-09-02 11:17:35,929 [Worker-25: Building] INFO  o.e.m.c.i.e.AbstractTransferListenerAdapter - Downloading https://repo.maven.apache.org/maven2/org/codehaus/plexus/plexus-java/1.4.0/plexus-java-1.4.0.pom
2026-09-02 11:17:35,953 [Worker-25: Building] INFO  o.e.m.c.i.e.AbstractTransferListenerAdapter - Downloaded https://repo.maven.apache.org/maven2/org/codehaus/plexus/plexus-java/1.4.0/plexus-java-1.4.0.pom
2026-09-02 11:17:36,012 [Worker-25: Building] INFO  o.e.m.c.i.e.AbstractTransferListenerAdapter - Downloading https://repo.maven.apache.org/maven2/org/codehaus/plexus/plexus-languages/1.4.0/plexus-languages-1.4.0.pom
2026-09-02 11:17:36,040 [Worker-25: Building] INFO  o.e.m.c.i.e.AbstractTransferListenerAdapter - Downloaded https://repo.maven.apache.org/maven2/org/codehaus/plexus/plexus-languages/1.4.0/plexus-languages-1.4.0.pom
2026-09-02 11:17:36,348 [Worker-25: Building] INFO  o.e.m.c.i.e.AbstractTransferListenerAdapter - Downloading https://repo.maven.apache.org/maven2/org/codehaus/plexus/plexus-java/1.4.0/plexus-java-1.4.0.jar
2026-09-02 11:17:36,405 [Worker-25: Building] INFO  o.e.m.c.i.e.AbstractTransferListenerAdapter - Downloaded https://repo.maven.apache.org/maven2/org/codehaus/plexus/plexus-java/1.4.0/plexus-java-1.4.0.jar
2026-09-02 11:17:36,730 [Worker-25: Building] INFO  o.e.m.c.i.l.LifecycleMappingFactory - Using org.eclipse.m2e.jdt.JarLifecycleMapping lifecycle mapping for MavenProject: com.info:StudentManagement:0.0.1-SNAPSHOT @ D:\RestAPI\StudentManagement\pom.xml.
2026-09-02 11:17:36,832 [Worker-25: Building] INFO  o.e.m.c.i.e.AbstractTransferListenerAdapter - Downloading https://repo.maven.apache.org/maven2/org/springframework/boot/spring-boot-starter-data-jpa/3.5.6/spring-boot-starter-data-jpa-3.5.6.pom
2026-09-02 11:17:36,869 [Worker-25: Building] INFO  o.e.m.c.i.e.AbstractTransferListenerAdapter - Downloaded https://repo.maven.apache.org/maven2/org/springframework/boot/spring-boot-starter-data-jpa/3.5.6/spring-boot-starter-data-jpa-3.5.6.pom
2026-09-02 11:17:36,926 [Worker-25: Building] INFO  o.e.m.c.i.e.AbstractTransferListenerAdapter - Downloading https://repo.maven.apache.org/maven2/org/springframework/boot/spring-boot-starter/3.5.6/spring-boot-starter-3.5.6.pom
2026-09-02 11:17:36,953 [Worker-25: Building] INFO  o.e.m.c.i.e.AbstractTransferListenerAdapter - Downloaded https://repo.maven.apache.org/maven2/org/springframework/boot/spring-boot-starter/3.5.6/spring-boot-starter-3.5.6.pom
2026-09-02 11:17:37,016 [Worker-25: Building] INFO  o.e.m.c.i.e.AbstractTransferListenerAdapter - Downloading https://repo.maven.apache.org/maven2/org/springframework/boot/spring-boot/3.5.6/spring-boot-3.5.6.pom
2026-09-02 11:17:37,418 [Worker-25: Building] INFO  o.e.m.c.i.e.AbstractTransferListenerAdapter - Downloaded https://repo.maven.apache.org/maven2/org/springframework/boot/spring-boot/3.5.6/spring-boot-3.5.6.pom
2026-09-02 11:17:37,477 [Worker-25: Building] INFO  o.e.m.c.i.e.AbstractTransferListenerAdapter - Downloading https://repo.maven.apache.org/maven2/org/springframework/spring-core/6.2.11/spring-core-6.2.11.pom
2026-09-02 11:17:38,083 [Worker-25: Building] INFO  o.e.m.c.i.e.AbstractTransferListenerAdapter - Downloaded https://repo.maven.apache.org/maven2/org/springframework/spring-core/6.2.11/spring-core-6.2.11.pom
2026-09-02 11:17:38,495 [Worker-25: Building] INFO  o.e.m.c.i.e.AbstractTransferListenerAdapter - Downloading https://repo.maven.apache.org/maven2/org/springframework/spring-jcl/6.2.11/spring-jcl-6.2.11.pom
2026-09-02 11:17:38,753 [Worker-25: Building] INFO  o.e.m.c.i.e.AbstractTransferListenerAdapter - Downloaded https://repo.maven.apache.org/maven2/org/springframework/spring-jcl/6.2.11/spring-jcl-6.2.11.pom
2026-09-02 11:17:38,818 [Worker-25: Building] INFO  o.e.m.c.i.e.AbstractTransferListenerAdapter - Downloading https://repo.maven.apache.org/maven2/org/springframework/spring-context/6.2.11/spring-context-6.2.11.pom
2026-09-02 11:17:38,846 [Worker-25: Building] INFO  o.e.m.c.i.e.AbstractTransferListenerAdapter - Downloaded https://repo.maven.apache.org/maven2/org/springframework/spring-context/6.2.11/spring-context-6.2.11.pom
2026-09-02 11:17:38,907 [Worker-25: Building] INFO  o.e.m.c.i.e.AbstractTransferListenerAdapter - Downloading https://repo.maven.apache.org/maven2/org/springframework/spring-aop/6.2.11/spring-aop-6.2.11.pom
2026-09-02 11:17:38,935 [Worker-25: Building] INFO  o.e.m.c.i.e.AbstractTransferListenerAdapter - Downloaded https://repo.maven.apache.org/maven2/org/springframework/spring-aop/6.2.11/spring-aop-6.2.11.pom
2026-09-02 11:17:38,997 [Worker-25: Building] INFO  o.e.m.c.i.e.AbstractTransferListenerAdapter - Downloading https://repo.maven.apache.org/maven2/org/springframework/spring-beans/6.2.11/spring-beans-6.2.11.pom
2026-09-02 11:17:39,026 [Worker-25: Building] INFO  o.e.m.c.i.e.AbstractTransferListenerAdapter - Downloaded https://repo.maven.apache.org/maven2/org/springframework/spring-beans/6.2.11/spring-beans-6.2.11.pom
2026-09-02 11:17:39,100 [Worker-25: Building] INFO  o.e.m.c.i.e.AbstractTransferListenerAdapter - Downloading https://repo.maven.apache.org/maven2/org/springframework/spring-expression/6.2.11/spring-expression-6.2.11.pom
2026-09-02 11:17:39,139 [Worker-25: Building] INFO  o.e.m.c.i.e.AbstractTransferListenerAdapter - Downloaded https://repo.maven.apache.org/maven2/org/springframework/spring-expression/6.2.11/spring-expression-6.2.11.pom
2026-09-02 11:17:39,216 [Worker-25: Building] INFO  o.e.m.c.i.e.AbstractTransferListenerAdapter - Downloading https://repo.maven.apache.org/maven2/io/micrometer/micrometer-observation/1.15.4/micrometer-observation-1.15.4.pom
2026-09-02 11:17:39,247 [Worker-25: Building] INFO  o.e.m.c.i.e.AbstractTransferListenerAdapter - Downloaded https://repo.maven.apache.org/maven2/io/micrometer/micrometer-observation/1.15.4/micrometer-observation-1.15.4.pom
2026-09-02 11:17:39,312 [Worker-25: Building] INFO  o.e.m.c.i.e.AbstractTransferListenerAdapter - Downloading https://repo.maven.apache.org/maven2/io/micrometer/micrometer-commons/1.15.4/micrometer-commons-1.15.4.pom
2026-09-02 11:17:39,358 [Worker-25: Building] INFO  o.e.m.c.i.e.AbstractTransferListenerAdapter - Downloaded https://repo.maven.apache.org/maven2/io/micrometer/micrometer-commons/1.15.4/micrometer-commons-1.15.4.pom
2026-09-02 11:17:39,428 [Worker-25: Building] INFO  o.e.m.c.i.e.AbstractTransferListenerAdapter - Downloading https://repo.maven.apache.org/maven2/org/springframework/boot/spring-boot-autoconfigure/3.5.6/spring-boot-autoconfigure-3.5.6.pom
2026-09-02 11:17:39,460 [Worker-25: Building] INFO  o.e.m.c.i.e.AbstractTransferListenerAdapter - Downloaded https://repo.maven.apache.org/maven2/org/springframework/boot/spring-boot-autoconfigure/3.5.6/spring-boot-autoconfigure-3.5.6.pom
2026-09-02 11:17:39,524 [Worker-25: Building] INFO  o.e.m.c.i.e.AbstractTransferListenerAdapter - Downloading https://repo.maven.apache.org/maven2/org/springframework/boot/spring-boot-starter-logging/3.5.6/spring-boot-starter-logging-3.5.6.pom
2026-09-02 11:17:39,559 [Worker-25: Building] INFO  o.e.m.c.i.e.AbstractTransferListenerAdapter - Downloaded https://repo.maven.apache.org/maven2/org/springframework/boot/spring-boot-starter-logging/3.5.6/spring-boot-starter-logging-3.5.6.pom
2026-09-02 11:17:39,628 [Worker-25: Building] INFO  o.e.m.c.i.e.AbstractTransferListenerAdapter - Downloading https://repo.maven.apache.org/maven2/ch/qos/logback/logback-classic/1.5.18/logback-classic-1.5.18.pom
2026-09-02 11:17:39,656 [Worker-25: Building] INFO  o.e.m.c.i.e.AbstractTransferListenerAdapter - Downloaded https://repo.maven.apache.org/maven2/ch/qos/logback/logback-classic/1.5.18/logback-classic-1.5.18.pom
2026-09-02 11:17:39,739 [Worker-25: Building] INFO  o.e.m.c.i.e.AbstractTransferListenerAdapter - Downloading https://repo.maven.apache.org/maven2/ch/qos/logback/logback-parent/1.5.18/logback-parent-1.5.18.pom
2026-09-02 11:17:39,769 [Worker-25: Building] INFO  o.e.m.c.i.e.AbstractTransferListenerAdapter - Downloaded https://repo.maven.apache.org/maven2/ch/qos/logback/logback-parent/1.5.18/logback-parent-1.5.18.pom
2026-09-02 11:17:39,857 [Worker-25: Building] INFO  o.e.m.c.i.e.AbstractTransferListenerAdapter - Downloading https://repo.maven.apache.org/maven2/ch/qos/logback/logback-core/1.5.18/logback-core-1.5.18.pom
2026-09-02 11:17:39,910 [Worker-25: Building] INFO  o.e.m.c.i.e.AbstractTransferListenerAdapter - Downloaded https://repo.maven.apache.org/maven2/ch/qos/logback/logback-core/1.5.18/logback-core-1.5.18.pom
2026-09-02 11:17:40,050 [Worker-25: Building] INFO  o.e.m.c.i.e.AbstractTransferListenerAdapter - Downloading https://repo.maven.apache.org/maven2/org/apache/logging/log4j/log4j-to-slf4j/2.24.3/log4j-to-slf4j-2.24.3.pom
2026-09-02 11:17:40,097 [Worker-25: Building] INFO  o.e.m.c.i.e.AbstractTransferListenerAdapter - Downloaded https://repo.maven.apache.org/maven2/org/apache/logging/log4j/log4j-to-slf4j/2.24.3/log4j-to-slf4j-2.24.3.pom
2026-09-02 11:17:40,160 [Worker-25: Building] INFO  o.e.m.c.i.e.AbstractTransferListenerAdapter - Downloading https://repo.maven.apache.org/maven2/org/apache/logging/log4j/log4j/2.24.3/log4j-2.24.3.pom
2026-09-02 11:17:40,224 [Worker-25: Building] INFO  o.e.m.c.i.e.AbstractTransferListenerAdapter - Downloaded https://repo.maven.apache.org/maven2/org/apache/logging/log4j/log4j/2.24.3/log4j-2.24.3.pom
2026-09-02 11:17:40,316 [Worker-25: Building] INFO  o.e.m.c.i.e.AbstractTransferListenerAdapter - Downloading https://repo.maven.apache.org/maven2/org/apache/logging/log4j/log4j-api/2.24.3/log4j-api-2.24.3.pom
2026-09-02 11:17:40,362 [Worker-25: Building] INFO  o.e.m.c.i.e.AbstractTransferListenerAdapter - Downloaded https://repo.maven.apache.org/maven2/org/apache/logging/log4j/log4j-api/2.24.3/log4j-api-2.24.3.pom
2026-09-02 11:17:40,446 [Worker-25: Building] INFO  o.e.m.c.i.e.AbstractTransferListenerAdapter - Downloading https://repo.maven.apache.org/maven2/org/yaml/snakeyaml/2.4/snakeyaml-2.4.pom
2026-09-02 11:17:40,480 [Worker-25: Building] INFO  o.e.m.c.i.e.AbstractTransferListenerAdapter - Downloaded https://repo.maven.apache.org/maven2/org/yaml/snakeyaml/2.4/snakeyaml-2.4.pom
2026-09-02 11:17:40,563 [Worker-25: Building] INFO  o.e.m.c.i.e.AbstractTransferListenerAdapter - Downloading https://repo.maven.apache.org/maven2/org/springframework/boot/spring-boot-starter-jdbc/3.5.6/spring-boot-starter-jdbc-3.5.6.pom
2026-09-02 11:17:40,597 [Worker-25: Building] INFO  o.e.m.c.i.e.AbstractTransferListenerAdapter - Downloaded https://repo.maven.apache.org/maven2/org/springframework/boot/spring-boot-starter-jdbc/3.5.6/spring-boot-starter-jdbc-3.5.6.pom
2026-09-02 11:17:40,667 [Worker-25: Building] INFO  o.e.m.c.i.e.AbstractTransferListenerAdapter - Downloading https://repo.maven.apache.org/maven2/com/zaxxer/HikariCP/6.3.3/HikariCP-6.3.3.pom
2026-09-02 11:17:40,724 [Worker-25: Building] INFO  o.e.m.c.i.e.AbstractTransferListenerAdapter - Downloaded https://repo.maven.apache.org/maven2/com/zaxxer/HikariCP/6.3.3/HikariCP-6.3.3.pom
2026-09-02 11:17:40,795 [Worker-25: Building] INFO  o.e.m.c.i.e.AbstractTransferListenerAdapter - Downloading https://repo.maven.apache.org/maven2/org/springframework/spring-jdbc/6.2.11/spring-jdbc-6.2.11.pom
2026-09-02 11:17:40,820 [Worker-25: Building] INFO  o.e.m.c.i.e.AbstractTransferListenerAdapter - Downloaded https://repo.maven.apache.org/maven2/org/springframework/spring-jdbc/6.2.11/spring-jdbc-6.2.11.pom
2026-09-02 11:17:40,881 [Worker-25: Building] INFO  o.e.m.c.i.e.AbstractTransferListenerAdapter - Downloading https://repo.maven.apache.org/maven2/org/springframework/spring-tx/6.2.11/spring-tx-6.2.11.pom
2026-09-02 11:17:40,911 [Worker-25: Building] INFO  o.e.m.c.i.e.AbstractTransferListenerAdapter - Downloaded https://repo.maven.apache.org/maven2/org/springframework/spring-tx/6.2.11/spring-tx-6.2.11.pom
2026-09-02 11:17:40,972 [Worker-25: Building] INFO  o.e.m.c.i.e.AbstractTransferListenerAdapter - Downloading https://repo.maven.apache.org/maven2/org/hibernate/orm/hibernate-core/6.6.29.Final/hibernate-core-6.6.29.Final.pom
2026-09-02 11:17:40,997 [Worker-25: Building] INFO  o.e.m.c.i.e.AbstractTransferListenerAdapter - Downloaded https://repo.maven.apache.org/maven2/org/hibernate/orm/hibernate-core/6.6.29.Final/hibernate-core-6.6.29.Final.pom
2026-09-02 11:17:41,078 [Worker-25: Building] INFO  o.e.m.c.i.e.AbstractTransferListenerAdapter - Downloading https://repo.maven.apache.org/maven2/net/bytebuddy/byte-buddy/1.17.7/byte-buddy-1.17.7.pom
2026-09-02 11:17:41,110 [Worker-25: Building] INFO  o.e.m.c.i.e.AbstractTransferListenerAdapter - Downloaded https://repo.maven.apache.org/maven2/net/bytebuddy/byte-buddy/1.17.7/byte-buddy-1.17.7.pom
2026-09-02 11:17:41,186 [Worker-25: Building] INFO  o.e.m.c.i.e.AbstractTransferListenerAdapter - Downloading https://repo.maven.apache.org/maven2/net/bytebuddy/byte-buddy-parent/1.17.7/byte-buddy-parent-1.17.7.pom
2026-09-02 11:17:41,221 [Worker-25: Building] INFO  o.e.m.c.i.e.AbstractTransferListenerAdapter - Downloaded https://repo.maven.apache.org/maven2/net/bytebuddy/byte-buddy-parent/1.17.7/byte-buddy-parent-1.17.7.pom
2026-09-02 11:17:41,295 [Worker-25: Building] INFO  o.e.m.c.i.e.AbstractTransferListenerAdapter - Downloading https://repo.maven.apache.org/maven2/org/glassfish/jaxb/jaxb-runtime/4.0.5/jaxb-runtime-4.0.5.pom
2026-09-02 11:17:41,322 [Worker-25: Building] INFO  o.e.m.c.i.e.AbstractTransferListenerAdapter - Downloaded https://repo.maven.apache.org/maven2/org/glassfish/jaxb/jaxb-runtime/4.0.5/jaxb-runtime-4.0.5.pom
2026-09-02 11:17:41,397 [Worker-25: Building] INFO  o.e.m.c.i.e.AbstractTransferListenerAdapter - Downloading https://repo.maven.apache.org/maven2/com/sun/xml/bind/mvn/jaxb-runtime-parent/4.0.5/jaxb-runtime-parent-4.0.5.pom
2026-09-02 11:17:41,421 [Worker-25: Building] INFO  o.e.m.c.i.e.AbstractTransferListenerAdapter - Downloaded https://repo.maven.apache.org/maven2/com/sun/xml/bind/mvn/jaxb-runtime-parent/4.0.5/jaxb-runtime-parent-4.0.5.pom
2026-09-02 11:17:41,486 [Worker-25: Building] INFO  o.e.m.c.i.e.AbstractTransferListenerAdapter - Downloading https://repo.maven.apache.org/maven2/com/sun/xml/bind/mvn/jaxb-parent/4.0.5/jaxb-parent-4.0.5.pom
2026-09-02 11:17:41,524 [Worker-25: Building] INFO  o.e.m.c.i.e.AbstractTransferListenerAdapter - Downloaded https://repo.maven.apache.org/maven2/com/sun/xml/bind/mvn/jaxb-parent/4.0.5/jaxb-parent-4.0.5.pom
2026-09-02 11:17:41,596 [Worker-25: Building] INFO  o.e.m.c.i.e.AbstractTransferListenerAdapter - Downloading https://repo.maven.apache.org/maven2/com/sun/xml/bind/jaxb-bom-ext/4.0.5/jaxb-bom-ext-4.0.5.pom
2026-09-02 11:17:41,636 [Worker-25: Building] INFO  o.e.m.c.i.e.AbstractTransferListenerAdapter - Downloaded https://repo.maven.apache.org/maven2/com/sun/xml/bind/jaxb-bom-ext/4.0.5/jaxb-bom-ext-4.0.5.pom
2026-09-02 11:17:41,702 [Worker-25: Building] INFO  o.e.m.c.i.e.AbstractTransferListenerAdapter - Downloading https://repo.maven.apache.org/maven2/org/glassfish/jaxb/jaxb-core/4.0.5/jaxb-core-4.0.5.pom
2026-09-02 11:17:41,735 [Worker-25: Building] INFO  o.e.m.c.i.e.AbstractTransferListenerAdapter - Downloaded https://repo.maven.apache.org/maven2/org/glassfish/jaxb/jaxb-core/4.0.5/jaxb-core-4.0.5.pom
2026-09-02 11:17:41,799 [Worker-25: Building] INFO  o.e.m.c.i.e.AbstractTransferListenerAdapter - Downloading https://repo.maven.apache.org/maven2/org/eclipse/angus/angus-activation/2.0.2/angus-activation-2.0.2.pom
2026-09-02 11:17:41,826 [Worker-25: Building] INFO  o.e.m.c.i.e.AbstractTransferListenerAdapter - Downloaded https://repo.maven.apache.org/maven2/org/eclipse/angus/angus-activation/2.0.2/angus-activation-2.0.2.pom
2026-09-02 11:17:41,884 [Worker-25: Building] INFO  o.e.m.c.i.e.AbstractTransferListenerAdapter - Downloading https://repo.maven.apache.org/maven2/org/eclipse/angus/angus-activation-project/2.0.2/angus-activation-project-2.0.2.pom
2026-09-02 11:17:41,918 [Worker-25: Building] INFO  o.e.m.c.i.e.AbstractTransferListenerAdapter - Downloaded https://repo.maven.apache.org/maven2/org/eclipse/angus/angus-activation-project/2.0.2/angus-activation-project-2.0.2.pom
2026-09-02 11:17:41,986 [Worker-25: Building] INFO  o.e.m.c.i.e.AbstractTransferListenerAdapter - Downloading https://repo.maven.apache.org/maven2/org/glassfish/jaxb/txw2/4.0.5/txw2-4.0.5.pom
2026-09-02 11:17:42,021 [Worker-25: Building] INFO  o.e.m.c.i.e.AbstractTransferListenerAdapter - Downloaded https://repo.maven.apache.org/maven2/org/glassfish/jaxb/txw2/4.0.5/txw2-4.0.5.pom
2026-09-02 11:17:42,096 [Worker-25: Building] INFO  o.e.m.c.i.e.AbstractTransferListenerAdapter - Downloading https://repo.maven.apache.org/maven2/com/sun/xml/bind/mvn/jaxb-txw-parent/4.0.5/jaxb-txw-parent-4.0.5.pom
2026-09-02 11:17:42,136 [Worker-25: Building] INFO  o.e.m.c.i.e.AbstractTransferListenerAdapter - Downloaded https://repo.maven.apache.org/maven2/com/sun/xml/bind/mvn/jaxb-txw-parent/4.0.5/jaxb-txw-parent-4.0.5.pom
2026-09-02 11:17:42,211 [Worker-25: Building] INFO  o.e.m.c.i.e.AbstractTransferListenerAdapter - Downloading https://repo.maven.apache.org/maven2/org/springframework/data/spring-data-jpa/3.5.4/spring-data-jpa-3.5.4.pom
2026-09-02 11:17:42,240 [Worker-25: Building] INFO  o.e.m.c.i.e.AbstractTransferListenerAdapter - Downloaded https://repo.maven.apache.org/maven2/org/springframework/data/spring-data-jpa/3.5.4/spring-data-jpa-3.5.4.pom
2026-09-02 11:17:42,306 [Worker-25: Building] INFO  o.e.m.c.i.e.AbstractTransferListenerAdapter - Downloading https://repo.maven.apache.org/maven2/org/springframework/data/spring-data-jpa-parent/3.5.4/spring-data-jpa-parent-3.5.4.pom
2026-09-02 11:17:42,346 [Worker-25: Building] INFO  o.e.m.c.i.e.AbstractTransferListenerAdapter - Downloaded https://repo.maven.apache.org/maven2/org/springframework/data/spring-data-jpa-parent/3.5.4/spring-data-jpa-parent-3.5.4.pom
2026-09-02 11:17:42,411 [Worker-25: Building] INFO  o.e.m.c.i.e.AbstractTransferListenerAdapter - Downloading https://repo.maven.apache.org/maven2/org/springframework/data/build/spring-data-parent/3.5.4/spring-data-parent-3.5.4.pom
2026-09-02 11:17:42,444 [Worker-25: Building] INFO  o.e.m.c.i.e.AbstractTransferListenerAdapter - Downloaded https://repo.maven.apache.org/maven2/org/springframework/data/build/spring-data-parent/3.5.4/spring-data-parent-3.5.4.pom
2026-09-02 11:17:42,516 [Worker-25: Building] INFO  o.e.m.c.i.e.AbstractTransferListenerAdapter - Downloading https://repo.maven.apache.org/maven2/org/springframework/data/build/spring-data-build/3.5.4/spring-data-build-3.5.4.pom
2026-09-02 11:17:42,550 [Worker-25: Building] INFO  o.e.m.c.i.e.AbstractTransferListenerAdapter - Downloaded https://repo.maven.apache.org/maven2/org/springframework/data/build/spring-data-build/3.5.4/spring-data-build-3.5.4.pom
2026-09-02 11:17:42,812 [Worker-25: Building] INFO  o.e.m.c.i.e.AbstractTransferListenerAdapter - Downloading https://repo.maven.apache.org/maven2/org/testcontainers/testcontainers-bom/1.20.6/testcontainers-bom-1.20.6.pom
2026-09-02 11:17:42,911 [Worker-25: Building] INFO  o.e.m.c.i.e.AbstractTransferListenerAdapter - Downloaded https://repo.maven.apache.org/maven2/org/testcontainers/testcontainers-bom/1.20.6/testcontainers-bom-1.20.6.pom
2026-09-02 11:17:43,018 [Worker-25: Building] INFO  o.e.m.c.i.e.AbstractTransferListenerAdapter - Downloading https://repo.maven.apache.org/maven2/org/jetbrains/kotlinx/kotlinx-coroutines-bom/1.9.0/kotlinx-coroutines-bom-1.9.0.pom
2026-09-02 11:17:43,057 [Worker-25: Building] INFO  o.e.m.c.i.e.AbstractTransferListenerAdapter - Downloaded https://repo.maven.apache.org/maven2/org/jetbrains/kotlinx/kotlinx-coroutines-bom/1.9.0/kotlinx-coroutines-bom-1.9.0.pom
2026-09-02 11:17:43,116 [Worker-25: Building] INFO  o.e.m.c.i.e.AbstractTransferListenerAdapter - Downloading https://repo.maven.apache.org/maven2/com/fasterxml/jackson/jackson-bom/2.19.0/jackson-bom-2.19.0.pom
2026-09-02 11:17:43,152 [Worker-25: Building] INFO  o.e.m.c.i.e.AbstractTransferListenerAdapter - Downloaded https://repo.maven.apache.org/maven2/com/fasterxml/jackson/jackson-bom/2.19.0/jackson-bom-2.19.0.pom
2026-09-02 11:17:43,231 [Worker-25: Building] INFO  o.e.m.c.i.e.AbstractTransferListenerAdapter - Downloading https://repo.maven.apache.org/maven2/com/fasterxml/jackson/jackson-parent/2.19/jackson-parent-2.19.pom
2026-09-02 11:17:43,265 [Worker-25: Building] INFO  o.e.m.c.i.e.AbstractTransferListenerAdapter - Downloaded https://repo.maven.apache.org/maven2/com/fasterxml/jackson/jackson-parent/2.19/jackson-parent-2.19.pom
2026-09-02 11:17:43,330 [Worker-25: Building] INFO  o.e.m.c.i.e.AbstractTransferListenerAdapter - Downloading https://repo.maven.apache.org/maven2/com/fasterxml/oss-parent/65/oss-parent-65.pom
2026-09-02 11:17:43,359 [Worker-25: Building] INFO  o.e.m.c.i.e.AbstractTransferListenerAdapter - Downloaded https://repo.maven.apache.org/maven2/com/fasterxml/oss-parent/65/oss-parent-65.pom
2026-09-02 11:17:43,436 [Worker-25: Building] INFO  o.e.m.c.i.e.AbstractTransferListenerAdapter - Downloading https://repo.maven.apache.org/maven2/org/springframework/data/spring-data-commons/3.5.4/spring-data-commons-3.5.4.pom
2026-09-02 11:17:43,472 [Worker-25: Building] INFO  o.e.m.c.i.e.AbstractTransferListenerAdapter - Downloaded https://repo.maven.apache.org/maven2/org/springframework/data/spring-data-commons/3.5.4/spring-data-commons-3.5.4.pom
2026-09-02 11:17:43,544 [Worker-25: Building] INFO  o.e.m.c.i.e.AbstractTransferListenerAdapter - Downloading https://repo.maven.apache.org/maven2/org/springframework/spring-orm/6.2.11/spring-orm-6.2.11.pom
2026-09-02 11:17:43,573 [Worker-25: Building] INFO  o.e.m.c.i.e.AbstractTransferListenerAdapter - Downloaded https://repo.maven.apache.org/maven2/org/springframework/spring-orm/6.2.11/spring-orm-6.2.11.pom
2026-09-02 11:17:43,632 [Worker-25: Building] INFO  o.e.m.c.i.e.AbstractTransferListenerAdapter - Downloading https://repo.maven.apache.org/maven2/org/springframework/spring-aspects/6.2.11/spring-aspects-6.2.11.pom
2026-09-02 11:17:43,670 [Worker-25: Building] INFO  o.e.m.c.i.e.AbstractTransferListenerAdapter - Downloaded https://repo.maven.apache.org/maven2/org/springframework/spring-aspects/6.2.11/spring-aspects-6.2.11.pom
2026-09-02 11:17:43,767 [Worker-25: Building] INFO  o.e.m.c.i.e.AbstractTransferListenerAdapter - Downloading https://repo.maven.apache.org/maven2/org/aspectj/aspectjweaver/1.9.24/aspectjweaver-1.9.24.pom
2026-09-02 11:17:43,801 [Worker-25: Building] INFO  o.e.m.c.i.e.AbstractTransferListenerAdapter - Downloaded https://repo.maven.apache.org/maven2/org/aspectj/aspectjweaver/1.9.24/aspectjweaver-1.9.24.pom
2026-09-02 11:17:43,865 [Worker-25: Building] INFO  o.e.m.c.i.e.AbstractTransferListenerAdapter - Downloading https://repo.maven.apache.org/maven2/org/springframework/boot/spring-boot-devtools/3.5.6/spring-boot-devtools-3.5.6.pom
2026-09-02 11:17:43,908 [Worker-25: Building] INFO  o.e.m.c.i.e.AbstractTransferListenerAdapter - Downloaded https://repo.maven.apache.org/maven2/org/springframework/boot/spring-boot-devtools/3.5.6/spring-boot-devtools-3.5.6.pom
2026-09-02 11:17:43,975 [Worker-25: Building] INFO  o.e.m.c.i.e.AbstractTransferListenerAdapter - Downloading https://repo.maven.apache.org/maven2/com/mysql/mysql-connector-j/9.4.0/mysql-connector-j-9.4.0.pom
2026-09-02 11:17:44,010 [Worker-25: Building] INFO  o.e.m.c.i.e.AbstractTransferListenerAdapter - Downloaded https://repo.maven.apache.org/maven2/com/mysql/mysql-connector-j/9.4.0/mysql-connector-j-9.4.0.pom
2026-09-02 11:17:44,095 [Worker-25: Building] INFO  o.e.m.c.i.e.AbstractTransferListenerAdapter - Downloading https://repo.maven.apache.org/maven2/org/springframework/boot/spring-boot-starter-data-jpa/3.5.6/spring-boot-starter-data-jpa-3.5.6.jar
2026-09-02 11:17:44,137 [Worker-25: Building] INFO  o.e.m.c.i.e.AbstractTransferListenerAdapter - Downloaded https://repo.maven.apache.org/maven2/org/springframework/boot/spring-boot-starter-data-jpa/3.5.6/spring-boot-starter-data-jpa-3.5.6.jar
2026-09-02 11:17:44,197 [BasicRepositoryConnector-repo.maven.apache.org-0-2] INFO  o.e.m.c.i.e.AbstractTransferListenerAdapter - Downloading https://repo.maven.apache.org/maven2/ch/qos/logback/logback-classic/1.5.18/logback-classic-1.5.18.jar
2026-09-02 11:17:44,245 [BasicRepositoryConnector-repo.maven.apache.org-0-0] INFO  o.e.m.c.i.e.AbstractTransferListenerAdapter - Downloading https://repo.maven.apache.org/maven2/org/springframework/boot/spring-boot-starter/3.5.6/spring-boot-starter-3.5.6.jar
2026-09-02 11:17:44,250 [BasicRepositoryConnector-repo.maven.apache.org-0-1] INFO  o.e.m.c.i.e.AbstractTransferListenerAdapter - Downloading https://repo.maven.apache.org/maven2/org/springframework/boot/spring-boot-starter-logging/3.5.6/spring-boot-starter-logging-3.5.6.jar
2026-09-02 11:17:44,276 [BasicRepositoryConnector-repo.maven.apache.org-0-4] INFO  o.e.m.c.i.e.AbstractTransferListenerAdapter - Downloading https://repo.maven.apache.org/maven2/org/apache/logging/log4j/log4j-to-slf4j/2.24.3/log4j-to-slf4j-2.24.3.jar
2026-09-02 11:17:44,289 [BasicRepositoryConnector-repo.maven.apache.org-0-3] INFO  o.e.m.c.i.e.AbstractTransferListenerAdapter - Downloading https://repo.maven.apache.org/maven2/ch/qos/logback/logback-core/1.5.18/logback-core-1.5.18.jar
2026-09-02 11:17:44,290 [BasicRepositoryConnector-repo.maven.apache.org-0-0] INFO  o.e.m.c.i.e.AbstractTransferListenerAdapter - Downloaded https://repo.maven.apache.org/maven2/org/springframework/boot/spring-boot-starter/3.5.6/spring-boot-starter-3.5.6.jar
2026-09-02 11:17:44,306 [BasicRepositoryConnector-repo.maven.apache.org-0-1] INFO  o.e.m.c.i.e.AbstractTransferListenerAdapter - Downloaded https://repo.maven.apache.org/maven2/org/springframework/boot/spring-boot-starter-logging/3.5.6/spring-boot-starter-logging-3.5.6.jar
2026-09-02 11:17:44,345 [BasicRepositoryConnector-repo.maven.apache.org-0-0] INFO  o.e.m.c.i.e.AbstractTransferListenerAdapter - Downloading https://repo.maven.apache.org/maven2/org/apache/logging/log4j/log4j-api/2.24.3/log4j-api-2.24.3.jar
2026-09-02 11:17:44,369 [BasicRepositoryConnector-repo.maven.apache.org-0-1] INFO  o.e.m.c.i.e.AbstractTransferListenerAdapter - Downloading https://repo.maven.apache.org/maven2/org/springframework/spring-core/6.2.11/spring-core-6.2.11.jar
2026-09-02 11:17:44,407 [BasicRepositoryConnector-repo.maven.apache.org-0-2] INFO  o.e.m.c.i.e.AbstractTransferListenerAdapter - Downloaded https://repo.maven.apache.org/maven2/ch/qos/logback/logback-classic/1.5.18/logback-classic-1.5.18.jar
2026-09-02 11:17:44,448 [BasicRepositoryConnector-repo.maven.apache.org-0-3] INFO  o.e.m.c.i.e.AbstractTransferListenerAdapter - Downloaded https://repo.maven.apache.org/maven2/ch/qos/logback/logback-core/1.5.18/logback-core-1.5.18.jar
2026-09-02 11:17:44,468 [BasicRepositoryConnector-repo.maven.apache.org-0-0] INFO  o.e.m.c.i.e.AbstractTransferListenerAdapter - Downloaded https://repo.maven.apache.org/maven2/org/apache/logging/log4j/log4j-api/2.24.3/log4j-api-2.24.3.jar
2026-09-02 11:17:44,473 [BasicRepositoryConnector-repo.maven.apache.org-0-2] INFO  o.e.m.c.i.e.AbstractTransferListenerAdapter - Downloading https://repo.maven.apache.org/maven2/org/springframework/spring-jcl/6.2.11/spring-jcl-6.2.11.jar
2026-09-02 11:17:44,497 [BasicRepositoryConnector-repo.maven.apache.org-0-3] INFO  o.e.m.c.i.e.AbstractTransferListenerAdapter - Downloading https://repo.maven.apache.org/maven2/org/yaml/snakeyaml/2.4/snakeyaml-2.4.jar
2026-09-02 11:17:44,526 [BasicRepositoryConnector-repo.maven.apache.org-0-0] INFO  o.e.m.c.i.e.AbstractTransferListenerAdapter - Downloading https://repo.maven.apache.org/maven2/org/springframework/boot/spring-boot-starter-jdbc/3.5.6/spring-boot-starter-jdbc-3.5.6.jar
2026-09-02 11:17:44,545 [BasicRepositoryConnector-repo.maven.apache.org-0-4] INFO  o.e.m.c.i.e.AbstractTransferListenerAdapter - Downloaded https://repo.maven.apache.org/maven2/org/apache/logging/log4j/log4j-to-slf4j/2.24.3/log4j-to-slf4j-2.24.3.jar
2026-09-02 11:17:44,561 [BasicRepositoryConnector-repo.maven.apache.org-0-3] INFO  o.e.m.c.i.e.AbstractTransferListenerAdapter - Downloaded https://repo.maven.apache.org/maven2/org/yaml/snakeyaml/2.4/snakeyaml-2.4.jar
2026-09-02 11:17:44,571 [BasicRepositoryConnector-repo.maven.apache.org-0-0] INFO  o.e.m.c.i.e.AbstractTransferListenerAdapter - Downloaded https://repo.maven.apache.org/maven2/org/springframework/boot/spring-boot-starter-jdbc/3.5.6/spring-boot-starter-jdbc-3.5.6.jar
2026-09-02 11:17:44,597 [BasicRepositoryConnector-repo.maven.apache.org-0-4] INFO  o.e.m.c.i.e.AbstractTransferListenerAdapter - Downloading https://repo.maven.apache.org/maven2/com/zaxxer/HikariCP/6.3.3/HikariCP-6.3.3.jar
2026-09-02 11:17:44,635 [BasicRepositoryConnector-repo.maven.apache.org-0-1] INFO  o.e.m.c.i.e.AbstractTransferListenerAdapter - Downloaded https://repo.maven.apache.org/maven2/org/springframework/spring-core/6.2.11/spring-core-6.2.11.jar
2026-09-02 11:17:44,637 [BasicRepositoryConnector-repo.maven.apache.org-0-3] INFO  o.e.m.c.i.e.AbstractTransferListenerAdapter - Downloading https://repo.maven.apache.org/maven2/org/springframework/spring-jdbc/6.2.11/spring-jdbc-6.2.11.jar
2026-09-02 11:17:44,647 [BasicRepositoryConnector-repo.maven.apache.org-0-0] INFO  o.e.m.c.i.e.AbstractTransferListenerAdapter - Downloading https://repo.maven.apache.org/maven2/org/hibernate/orm/hibernate-core/6.6.29.Final/hibernate-core-6.6.29.Final.jar
2026-09-02 11:17:44,671 [BasicRepositoryConnector-repo.maven.apache.org-0-4] INFO  o.e.m.c.i.e.AbstractTransferListenerAdapter - Downloaded https://repo.maven.apache.org/maven2/com/zaxxer/HikariCP/6.3.3/HikariCP-6.3.3.jar
2026-09-02 11:17:44,677 [BasicRepositoryConnector-repo.maven.apache.org-0-1] INFO  o.e.m.c.i.e.AbstractTransferListenerAdapter - Downloading https://repo.maven.apache.org/maven2/net/bytebuddy/byte-buddy/1.17.7/byte-buddy-1.17.7.jar
2026-09-02 11:17:44,695 [BasicRepositoryConnector-repo.maven.apache.org-0-3] INFO  o.e.m.c.i.e.AbstractTransferListenerAdapter - Downloaded https://repo.maven.apache.org/maven2/org/springframework/spring-jdbc/6.2.11/spring-jdbc-6.2.11.jar
2026-09-02 11:17:44,723 [BasicRepositoryConnector-repo.maven.apache.org-0-4] INFO  o.e.m.c.i.e.AbstractTransferListenerAdapter - Downloading https://repo.maven.apache.org/maven2/org/glassfish/jaxb/jaxb-runtime/4.0.5/jaxb-runtime-4.0.5.jar
2026-09-02 11:17:44,752 [BasicRepositoryConnector-repo.maven.apache.org-0-3] INFO  o.e.m.c.i.e.AbstractTransferListenerAdapter - Downloading https://repo.maven.apache.org/maven2/org/glassfish/jaxb/jaxb-core/4.0.5/jaxb-core-4.0.5.jar
2026-09-02 11:17:44,760 [BasicRepositoryConnector-repo.maven.apache.org-0-2] INFO  o.e.m.c.i.e.AbstractTransferListenerAdapter - Downloaded https://repo.maven.apache.org/maven2/org/springframework/spring-jcl/6.2.11/spring-jcl-6.2.11.jar
2026-09-02 11:17:44,811 [BasicRepositoryConnector-repo.maven.apache.org-0-2] INFO  o.e.m.c.i.e.AbstractTransferListenerAdapter - Downloading https://repo.maven.apache.org/maven2/org/eclipse/angus/angus-activation/2.0.2/angus-activation-2.0.2.jar
2026-09-02 11:17:45,188 [BasicRepositoryConnector-repo.maven.apache.org-0-2] INFO  o.e.m.c.i.e.AbstractTransferListenerAdapter - Downloaded https://repo.maven.apache.org/maven2/org/eclipse/angus/angus-activation/2.0.2/angus-activation-2.0.2.jar
2026-09-02 11:17:45,231 [BasicRepositoryConnector-repo.maven.apache.org-0-2] INFO  o.e.m.c.i.e.AbstractTransferListenerAdapter - Downloading https://repo.maven.apache.org/maven2/org/glassfish/jaxb/txw2/4.0.5/txw2-4.0.5.jar
2026-09-02 11:17:45,281 [BasicRepositoryConnector-repo.maven.apache.org-0-2] INFO  o.e.m.c.i.e.AbstractTransferListenerAdapter - Downloaded https://repo.maven.apache.org/maven2/org/glassfish/jaxb/txw2/4.0.5/txw2-4.0.5.jar
2026-09-02 11:17:45,323 [BasicRepositoryConnector-repo.maven.apache.org-0-2] INFO  o.e.m.c.i.e.AbstractTransferListenerAdapter - Downloading https://repo.maven.apache.org/maven2/org/springframework/data/spring-data-jpa/3.5.4/spring-data-jpa-3.5.4.jar
2026-09-02 11:17:46,534 [BasicRepositoryConnector-repo.maven.apache.org-0-2] INFO  o.e.m.c.i.e.AbstractTransferListenerAdapter - Downloaded https://repo.maven.apache.org/maven2/org/springframework/data/spring-data-jpa/3.5.4/spring-data-jpa-3.5.4.jar
2026-09-02 11:17:46,582 [BasicRepositoryConnector-repo.maven.apache.org-0-2] INFO  o.e.m.c.i.e.AbstractTransferListenerAdapter - Downloading https://repo.maven.apache.org/maven2/org/springframework/data/spring-data-commons/3.5.4/spring-data-commons-3.5.4.jar
2026-09-02 11:17:46,777 [BasicRepositoryConnector-repo.maven.apache.org-0-3] INFO  o.e.m.c.i.e.AbstractTransferListenerAdapter - Downloaded https://repo.maven.apache.org/maven2/org/glassfish/jaxb/jaxb-core/4.0.5/jaxb-core-4.0.5.jar
2026-09-02 11:17:46,799 [BasicRepositoryConnector-repo.maven.apache.org-0-4] INFO  o.e.m.c.i.e.AbstractTransferListenerAdapter - Downloaded https://repo.maven.apache.org/maven2/org/glassfish/jaxb/jaxb-runtime/4.0.5/jaxb-runtime-4.0.5.jar
2026-09-02 11:17:46,824 [BasicRepositoryConnector-repo.maven.apache.org-0-3] INFO  o.e.m.c.i.e.AbstractTransferListenerAdapter - Downloading https://repo.maven.apache.org/maven2/org/springframework/spring-orm/6.2.11/spring-orm-6.2.11.jar
2026-09-02 11:17:46,851 [BasicRepositoryConnector-repo.maven.apache.org-0-4] INFO  o.e.m.c.i.e.AbstractTransferListenerAdapter - Downloading https://repo.maven.apache.org/maven2/org/springframework/spring-context/6.2.11/spring-context-6.2.11.jar
2026-09-02 11:17:47,405 [BasicRepositoryConnector-repo.maven.apache.org-0-4] INFO  o.e.m.c.i.e.AbstractTransferListenerAdapter - Downloaded https://repo.maven.apache.org/maven2/org/springframework/spring-context/6.2.11/spring-context-6.2.11.jar
2026-09-02 11:17:47,458 [BasicRepositoryConnector-repo.maven.apache.org-0-4] INFO  o.e.m.c.i.e.AbstractTransferListenerAdapter - Downloading https://repo.maven.apache.org/maven2/org/springframework/spring-expression/6.2.11/spring-expression-6.2.11.jar
2026-09-02 11:17:47,661 [BasicRepositoryConnector-repo.maven.apache.org-0-4] INFO  o.e.m.c.i.e.AbstractTransferListenerAdapter - Downloaded https://repo.maven.apache.org/maven2/org/springframework/spring-expression/6.2.11/spring-expression-6.2.11.jar
2026-09-02 11:17:47,715 [BasicRepositoryConnector-repo.maven.apache.org-0-4] INFO  o.e.m.c.i.e.AbstractTransferListenerAdapter - Downloading https://repo.maven.apache.org/maven2/io/micrometer/micrometer-observation/1.15.4/micrometer-observation-1.15.4.jar
2026-09-02 11:17:47,985 [BasicRepositoryConnector-repo.maven.apache.org-0-2] INFO  o.e.m.c.i.e.AbstractTransferListenerAdapter - Downloaded https://repo.maven.apache.org/maven2/org/springframework/data/spring-data-commons/3.5.4/spring-data-commons-3.5.4.jar
2026-09-02 11:17:48,029 [BasicRepositoryConnector-repo.maven.apache.org-0-2] INFO  o.e.m.c.i.e.AbstractTransferListenerAdapter - Downloading https://repo.maven.apache.org/maven2/io/micrometer/micrometer-commons/1.15.4/micrometer-commons-1.15.4.jar
2026-09-02 11:17:48,107 [BasicRepositoryConnector-repo.maven.apache.org-0-4] INFO  o.e.m.c.i.e.AbstractTransferListenerAdapter - Downloaded https://repo.maven.apache.org/maven2/io/micrometer/micrometer-observation/1.15.4/micrometer-observation-1.15.4.jar
2026-09-02 11:17:48,160 [BasicRepositoryConnector-repo.maven.apache.org-0-4] INFO  o.e.m.c.i.e.AbstractTransferListenerAdapter - Downloading https://repo.maven.apache.org/maven2/org/springframework/spring-aop/6.2.11/spring-aop-6.2.11.jar
2026-09-02 11:17:48,428 [BasicRepositoryConnector-repo.maven.apache.org-0-4] INFO  o.e.m.c.i.e.AbstractTransferListenerAdapter - Downloaded https://repo.maven.apache.org/maven2/org/springframework/spring-aop/6.2.11/spring-aop-6.2.11.jar
2026-09-02 11:17:48,527 [BasicRepositoryConnector-repo.maven.apache.org-0-4] INFO  o.e.m.c.i.e.AbstractTransferListenerAdapter - Downloading https://repo.maven.apache.org/maven2/org/springframework/spring-tx/6.2.11/spring-tx-6.2.11.jar
2026-09-02 11:17:48,672 [BasicRepositoryConnector-repo.maven.apache.org-0-4] INFO  o.e.m.c.i.e.AbstractTransferListenerAdapter - Downloaded https://repo.maven.apache.org/maven2/org/springframework/spring-tx/6.2.11/spring-tx-6.2.11.jar
2026-09-02 11:17:48,695 [BasicRepositoryConnector-repo.maven.apache.org-0-2] INFO  o.e.m.c.i.e.AbstractTransferListenerAdapter - Downloaded https://repo.maven.apache.org/maven2/io/micrometer/micrometer-commons/1.15.4/micrometer-commons-1.15.4.jar
2026-09-02 11:17:48,722 [BasicRepositoryConnector-repo.maven.apache.org-0-4] INFO  o.e.m.c.i.e.AbstractTransferListenerAdapter - Downloading https://repo.maven.apache.org/maven2/org/springframework/spring-beans/6.2.11/spring-beans-6.2.11.jar
2026-09-02 11:17:48,829 [BasicRepositoryConnector-repo.maven.apache.org-0-2] INFO  o.e.m.c.i.e.AbstractTransferListenerAdapter - Downloading https://repo.maven.apache.org/maven2/org/springframework/spring-aspects/6.2.11/spring-aspects-6.2.11.jar
2026-09-02 11:17:49,333 [BasicRepositoryConnector-repo.maven.apache.org-0-4] INFO  o.e.m.c.i.e.AbstractTransferListenerAdapter - Downloaded https://repo.maven.apache.org/maven2/org/springframework/spring-beans/6.2.11/spring-beans-6.2.11.jar
2026-09-02 11:17:49,386 [BasicRepositoryConnector-repo.maven.apache.org-0-4] INFO  o.e.m.c.i.e.AbstractTransferListenerAdapter - Downloading https://repo.maven.apache.org/maven2/org/aspectj/aspectjweaver/1.9.24/aspectjweaver-1.9.24.jar
2026-09-02 11:17:49,568 [BasicRepositoryConnector-repo.maven.apache.org-0-2] INFO  o.e.m.c.i.e.AbstractTransferListenerAdapter - Downloaded https://repo.maven.apache.org/maven2/org/springframework/spring-aspects/6.2.11/spring-aspects-6.2.11.jar
2026-09-02 11:17:49,672 [BasicRepositoryConnector-repo.maven.apache.org-0-2] INFO  o.e.m.c.i.e.AbstractTransferListenerAdapter - Downloading https://repo.maven.apache.org/maven2/org/springframework/boot/spring-boot-devtools/3.5.6/spring-boot-devtools-3.5.6.jar
2026-09-02 11:17:49,854 [BasicRepositoryConnector-repo.maven.apache.org-0-2] INFO  o.e.m.c.i.e.AbstractTransferListenerAdapter - Downloaded https://repo.maven.apache.org/maven2/org/springframework/boot/spring-boot-devtools/3.5.6/spring-boot-devtools-3.5.6.jar
2026-09-02 11:17:49,935 [BasicRepositoryConnector-repo.maven.apache.org-0-2] INFO  o.e.m.c.i.e.AbstractTransferListenerAdapter - Downloading https://repo.maven.apache.org/maven2/org/springframework/boot/spring-boot/3.5.6/spring-boot-3.5.6.jar
2026-09-02 11:17:50,708 [BasicRepositoryConnector-repo.maven.apache.org-0-3] INFO  o.e.m.c.i.e.AbstractTransferListenerAdapter - Downloaded https://repo.maven.apache.org/maven2/org/springframework/spring-orm/6.2.11/spring-orm-6.2.11.jar
2026-09-02 11:17:50,805 [BasicRepositoryConnector-repo.maven.apache.org-0-3] INFO  o.e.m.c.i.e.AbstractTransferListenerAdapter - Downloading https://repo.maven.apache.org/maven2/org/springframework/boot/spring-boot-autoconfigure/3.5.6/spring-boot-autoconfigure-3.5.6.jar
2026-09-02 11:17:51,191 [BasicRepositoryConnector-repo.maven.apache.org-0-4] INFO  o.e.m.c.i.e.AbstractTransferListenerAdapter - Downloaded https://repo.maven.apache.org/maven2/org/aspectj/aspectjweaver/1.9.24/aspectjweaver-1.9.24.jar
2026-09-02 11:17:51,249 [BasicRepositoryConnector-repo.maven.apache.org-0-4] INFO  o.e.m.c.i.e.AbstractTransferListenerAdapter - Downloading https://repo.maven.apache.org/maven2/com/mysql/mysql-connector-j/9.4.0/mysql-connector-j-9.4.0.jar
2026-09-02 11:17:51,509 [BasicRepositoryConnector-repo.maven.apache.org-0-0] INFO  o.e.m.c.i.e.AbstractTransferListenerAdapter - Downloaded https://repo.maven.apache.org/maven2/org/hibernate/orm/hibernate-core/6.6.29.Final/hibernate-core-6.6.29.Final.jar
2026-09-02 11:17:51,838 [BasicRepositoryConnector-repo.maven.apache.org-0-1] INFO  o.e.m.c.i.e.AbstractTransferListenerAdapter - Downloaded https://repo.maven.apache.org/maven2/net/bytebuddy/byte-buddy/1.17.7/byte-buddy-1.17.7.jar
2026-09-02 11:17:52,112 [BasicRepositoryConnector-repo.maven.apache.org-0-2] INFO  o.e.m.c.i.e.AbstractTransferListenerAdapter - Downloaded https://repo.maven.apache.org/maven2/org/springframework/boot/spring-boot/3.5.6/spring-boot-3.5.6.jar
2026-09-02 11:17:53,009 [BasicRepositoryConnector-repo.maven.apache.org-0-4] INFO  o.e.m.c.i.e.AbstractTransferListenerAdapter - Downloaded https://repo.maven.apache.org/maven2/com/mysql/mysql-connector-j/9.4.0/mysql-connector-j-9.4.0.jar
2026-09-02 11:17:53,265 [BasicRepositoryConnector-repo.maven.apache.org-0-3] INFO  o.e.m.c.i.e.AbstractTransferListenerAdapter - Downloaded https://repo.maven.apache.org/maven2/org/springframework/boot/spring-boot-autoconfigure/3.5.6/spring-boot-autoconfigure-3.5.6.jar
2026-09-02 11:17:53,386 [Worker-25: Building] ERROR o.e.m.c.i.p.ProjectConfigurationManager - Could not read maven project
org.eclipse.core.runtime.CoreException: Could not read maven project
	at org.eclipse.m2e.core.internal.embedder.MavenImpl.lambda$4(MavenImpl.java:385)
	at org.eclipse.m2e.core.internal.embedder.MavenExecutionContext.executeBare(MavenExecutionContext.java:462)
	at org.eclipse.m2e.core.internal.embedder.MavenExecutionContext.execute(MavenExecutionContext.java:295)
	at org.eclipse.m2e.core.internal.embedder.MavenExecutionContext.execute(MavenExecutionContext.java:281)
	at org.eclipse.m2e.core.internal.embedder.MavenImpl.readProject(MavenImpl.java:375)
	at org.eclipse.m2e.mavenarchiver.internal.AbstractMavenArchiverConfigurator.lambda$4(AbstractMavenArchiverConfigurator.java:576)
	at org.eclipse.m2e.core.internal.embedder.MavenExecutionContext.executeBare(MavenExecutionContext.java:462)
	at org.eclipse.m2e.core.internal.embedder.MavenExecutionContext.execute(MavenExecutionContext.java:342)
	at org.eclipse.m2e.mavenarchiver.internal.AbstractMavenArchiverConfigurator.loadParentHierarchy(AbstractMavenArchiverConfigurator.java:568)
	at org.eclipse.m2e.mavenarchiver.internal.AbstractMavenArchiverConfigurator.generateManifest(AbstractMavenArchiverConfigurator.java:365)
	at org.eclipse.m2e.mavenarchiver.internal.AbstractMavenArchiverConfigurator.mavenProjectChanged(AbstractMavenArchiverConfigurator.java:228)
	at org.eclipse.m2e.mavenarchiver.internal.AbstractMavenArchiverConfigurator.mavenProjectChanged(AbstractMavenArchiverConfigurator.java:220)
	at org.eclipse.m2e.core.internal.project.ProjectConfigurationManager.mavenProjectChanged(ProjectConfigurationManager.java:885)
	at org.eclipse.m2e.core.internal.project.registry.ProjectRegistryManager.notifyProjectChangeListeners(ProjectRegistryManager.java:897)
	at org.eclipse.m2e.core.internal.project.registry.ProjectRegistryManager.applyMutableProjectRegistry(ProjectRegistryManager.java:1047)
	at org.eclipse.m2e.core.internal.project.registry.ProjectRegistryManager.refresh(ProjectRegistryManager.java:324)
	at org.eclipse.m2e.core.internal.builder.MavenBuilder$BuildMethod.getProjectFacade(MavenBuilder.java:146)
	at org.eclipse.m2e.core.internal.builder.MavenBuilder$BuildMethod.lambda$0(MavenBuilder.java:84)
	at org.eclipse.m2e.core.internal.embedder.MavenExecutionContext.executeBare(MavenExecutionContext.java:462)
	at org.eclipse.m2e.core.internal.embedder.MavenExecutionContext.execute(MavenExecutionContext.java:342)
	at org.eclipse.m2e.core.internal.embedder.MavenExecutionContext.execute(MavenExecutionContext.java:281)
	at org.eclipse.m2e.core.internal.builder.MavenBuilder$BuildMethod.execute(MavenBuilder.java:83)
	at org.eclipse.m2e.core.internal.builder.MavenBuilder.build(MavenBuilder.java:192)
	at org.eclipse.core.internal.events.BuildManager$2.run(BuildManager.java:1109)
	at org.eclipse.core.runtime.SafeRunner.run(SafeRunner.java:47)
	at org.eclipse.core.internal.events.BuildManager.basicBuild(BuildManager.java:299)
	at org.eclipse.core.internal.events.BuildManager.basicBuild(BuildManager.java:355)
	at org.eclipse.core.internal.events.BuildManager$1.run(BuildManager.java:449)
	at org.eclipse.core.runtime.SafeRunner.run(SafeRunner.java:47)
	at org.eclipse.core.internal.events.BuildManager.basicBuild(BuildManager.java:452)
	at org.eclipse.core.internal.events.BuildManager.basicBuildLoop(BuildManager.java:564)
	at org.eclipse.core.internal.events.BuildManager.basicBuildLoop(BuildManager.java:512)
	at org.eclipse.core.internal.events.BuildManager.build(BuildManager.java:594)
	at org.eclipse.core.internal.events.AutoBuildJob.doBuild(AutoBuildJob.java:208)
	at org.eclipse.core.internal.events.AutoBuildJob.run(AutoBuildJob.java:309)
	at org.eclipse.core.internal.jobs.Worker.run(Worker.java:63)
Caused by: org.apache.maven.project.ProjectBuildingException: 1 problem was encountered while building the effective model
[FATAL] Non-readable POM D:\RestAPI\StudentManagement: D:\RestAPI\StudentManagement (Access is denied) @ 
 for project  at D:\RestAPI\StudentManagement
	at org.apache.maven.project.DefaultProjectBuilder.build(DefaultProjectBuilder.java:180)
	at org.apache.maven.project.DefaultProjectBuilder.build(DefaultProjectBuilder.java:123)
	at org.eclipse.m2e.core.internal.embedder.MavenImpl.lambda$4(MavenImpl.java:383)
	... 35 common frames omitted
Caused by: org.apache.maven.model.building.ModelBuildingException: 1 problem was encountered while building the effective model
[FATAL] Non-readable POM D:\RestAPI\StudentManagement: D:\RestAPI\StudentManagement (Access is denied) @ 

	at org.apache.maven.model.building.DefaultModelProblemCollector.newModelBuildingException(DefaultModelProblemCollector.java:176)
	at org.apache.maven.model.building.DefaultModelBuilder.readModel(DefaultModelBuilder.java:642)
	at org.apache.maven.model.building.DefaultModelBuilder.build(DefaultModelBuilder.java:262)
	at org.apache.maven.model.building.DefaultModelBuilder.build(DefaultModelBuilder.java:248)
	at org.apache.maven.project.DefaultProjectBuilder.build(DefaultProjectBuilder.java:176)
	... 37 common frames omitted
2026-09-02 11:17:54,620 [Worker-25: Building] WARN  o.apache.maven.project.MavenProject - Direct modification of compileSourceRoots through clear() is deprecated and will not work in Maven 4.0.0. Please use the add/remove methods instead. If you're using a plugin that causes this warning, please upgrade to the latest version and report an issue if the warning persists. To disable these warnings, set -Dmaven.project.sourceRoots.warningsDisabled=true on the command line, in the .mvn/maven.config file, or in project POM properties.
2026-09-02 11:17:54,620 [Worker-25: Building] WARN  o.apache.maven.project.MavenProject - Direct modification of testCompileSourceRoots through clear() is deprecated and will not work in Maven 4.0.0. Please use the add/remove methods instead. If you're using a plugin that causes this warning, please upgrade to the latest version and report an issue if the warning persists. To disable these warnings, set -Dmaven.project.sourceRoots.warningsDisabled=true on the command line, in the .mvn/maven.config file, or in project POM properties.
2026-09-02 11:17:54,787 [Worker-24: Download sources and javadoc] INFO  o.e.m.c.i.e.AbstractTransferListenerAdapter - Downloading https://repo.maven.apache.org/maven2/org/springframework/boot/spring-boot-starter-data-jpa/3.5.6/spring-boot-starter-data-jpa-3.5.6-sources.jar
2026-09-02 11:17:54,799 [Worker-24: Download sources and javadoc] INFO  o.e.m.c.i.e.AbstractTransferListenerAdapter - Downloaded https://repo.maven.apache.org/maven2/org/springframework/boot/spring-boot-starter-data-jpa/3.5.6/spring-boot-starter-data-jpa-3.5.6-sources.jar
2026-09-02 11:17:54,824 [Worker-24: Download sources and javadoc] INFO  o.e.m.j.internal.DownloadSourcesJob - Downloaded sources for org.springframework.boot:spring-boot-starter-data-jpa:3.5.6
2026-09-02 11:17:54,946 [Worker-24: Download sources and javadoc] INFO  o.e.m.c.i.e.AbstractTransferListenerAdapter - Downloading https://repo.maven.apache.org/maven2/org/springframework/boot/spring-boot-starter/3.5.6/spring-boot-starter-3.5.6-sources.jar
2026-09-02 11:17:55,110 [Worker-24: Download sources and javadoc] INFO  o.e.m.c.i.e.AbstractTransferListenerAdapter - Downloaded https://repo.maven.apache.org/maven2/org/springframework/boot/spring-boot-starter/3.5.6/spring-boot-starter-3.5.6-sources.jar
2026-09-02 11:17:55,117 [Worker-24: Download sources and javadoc] INFO  o.e.m.j.internal.DownloadSourcesJob - Downloaded sources for org.springframework.boot:spring-boot-starter:3.5.6
2026-09-02 11:17:55,244 [Worker-24: Download sources and javadoc] INFO  o.e.m.c.i.e.AbstractTransferListenerAdapter - Downloading https://repo.maven.apache.org/maven2/org/springframework/boot/spring-boot-starter-logging/3.5.6/spring-boot-starter-logging-3.5.6-sources.jar
2026-09-02 11:17:55,403 [Worker-24: Download sources and javadoc] INFO  o.e.m.c.i.e.AbstractTransferListenerAdapter - Downloaded https://repo.maven.apache.org/maven2/org/springframework/boot/spring-boot-starter-logging/3.5.6/spring-boot-starter-logging-3.5.6-sources.jar
2026-09-02 11:17:55,410 [Worker-24: Download sources and javadoc] INFO  o.e.m.j.internal.DownloadSourcesJob - Downloaded sources for org.springframework.boot:spring-boot-starter-logging:3.5.6
2026-09-02 11:17:55,539 [Worker-24: Download sources and javadoc] INFO  o.e.m.c.i.e.AbstractTransferListenerAdapter - Downloading https://repo.maven.apache.org/maven2/ch/qos/logback/logback-classic/1.5.18/logback-classic-1.5.18-sources.jar
2026-09-02 11:17:55,668 [Worker-24: Download sources and javadoc] INFO  o.e.m.c.i.e.AbstractTransferListenerAdapter - Downloaded https://repo.maven.apache.org/maven2/ch/qos/logback/logback-classic/1.5.18/logback-classic-1.5.18-sources.jar
2026-09-02 11:17:55,673 [Worker-24: Download sources and javadoc] INFO  o.e.m.j.internal.DownloadSourcesJob - Downloaded sources for ch.qos.logback:logback-classic:1.5.18
2026-09-02 11:17:55,804 [Worker-24: Download sources and javadoc] INFO  o.e.m.c.i.e.AbstractTransferListenerAdapter - Downloading https://repo.maven.apache.org/maven2/ch/qos/logback/logback-core/1.5.18/logback-core-1.5.18-sources.jar
2026-09-02 11:17:55,984 [Worker-24: Download sources and javadoc] INFO  o.e.m.c.i.e.AbstractTransferListenerAdapter - Downloaded https://repo.maven.apache.org/maven2/ch/qos/logback/logback-core/1.5.18/logback-core-1.5.18-sources.jar
2026-09-02 11:17:55,990 [Worker-24: Download sources and javadoc] INFO  o.e.m.j.internal.DownloadSourcesJob - Downloaded sources for ch.qos.logback:logback-core:1.5.18
2026-09-02 11:17:56,265 [Worker-28: Building] INFO  o.e.m.c.i.l.LifecycleMappingFactory - Using org.eclipse.m2e.jdt.JarLifecycleMapping lifecycle mapping for MavenProject: com.info:StudentManagement:0.0.1-SNAPSHOT @ D:\RestAPI\StudentManagement\pom.xml.
2026-09-02 11:17:56,707 [Worker-28: Building] ERROR o.e.m.c.i.p.ProjectConfigurationManager - Could not read maven project
org.eclipse.core.runtime.CoreException: Could not read maven project
	at org.eclipse.m2e.core.internal.embedder.MavenImpl.lambda$4(MavenImpl.java:385)
	at org.eclipse.m2e.core.internal.embedder.MavenExecutionContext.executeBare(MavenExecutionContext.java:462)
	at org.eclipse.m2e.core.internal.embedder.MavenExecutionContext.execute(MavenExecutionContext.java:295)
	at org.eclipse.m2e.core.internal.embedder.MavenExecutionContext.execute(MavenExecutionContext.java:281)
	at org.eclipse.m2e.core.internal.embedder.MavenImpl.readProject(MavenImpl.java:375)
	at org.eclipse.m2e.mavenarchiver.internal.AbstractMavenArchiverConfigurator.lambda$4(AbstractMavenArchiverConfigurator.java:576)
	at org.eclipse.m2e.core.internal.embedder.MavenExecutionContext.executeBare(MavenExecutionContext.java:462)
	at org.eclipse.m2e.core.internal.embedder.MavenExecutionContext.execute(MavenExecutionContext.java:342)
	at org.eclipse.m2e.mavenarchiver.internal.AbstractMavenArchiverConfigurator.loadParentHierarchy(AbstractMavenArchiverConfigurator.java:568)
	at org.eclipse.m2e.mavenarchiver.internal.AbstractMavenArchiverConfigurator.generateManifest(AbstractMavenArchiverConfigurator.java:365)
	at org.eclipse.m2e.mavenarchiver.internal.AbstractMavenArchiverConfigurator.mavenProjectChanged(AbstractMavenArchiverConfigurator.java:228)
	at org.eclipse.m2e.mavenarchiver.internal.AbstractMavenArchiverConfigurator.mavenProjectChanged(AbstractMavenArchiverConfigurator.java:220)
	at org.eclipse.m2e.core.internal.project.ProjectConfigurationManager.mavenProjectChanged(ProjectConfigurationManager.java:885)
	at org.eclipse.m2e.core.internal.project.registry.ProjectRegistryManager.notifyProjectChangeListeners(ProjectRegistryManager.java:897)
	at org.eclipse.m2e.core.internal.project.registry.ProjectRegistryManager.applyMutableProjectRegistry(ProjectRegistryManager.java:1047)
	at org.eclipse.m2e.core.internal.project.registry.ProjectRegistryManager.refresh(ProjectRegistryManager.java:324)
	at org.eclipse.m2e.core.internal.builder.MavenBuilder$BuildMethod.getProjectFacade(MavenBuilder.java:146)
	at org.eclipse.m2e.core.internal.builder.MavenBuilder$BuildMethod.lambda$0(MavenBuilder.java:84)
	at org.eclipse.m2e.core.internal.embedder.MavenExecutionContext.executeBare(MavenExecutionContext.java:462)
	at org.eclipse.m2e.core.internal.embedder.MavenExecutionContext.execute(MavenExecutionContext.java:342)
	at org.eclipse.m2e.core.internal.embedder.MavenExecutionContext.execute(MavenExecutionContext.java:281)
	at org.eclipse.m2e.core.internal.builder.MavenBuilder$BuildMethod.execute(MavenBuilder.java:83)
	at org.eclipse.m2e.core.internal.builder.MavenBuilder.build(MavenBuilder.java:192)
	at org.eclipse.core.internal.events.BuildManager$2.run(BuildManager.java:1109)
	at org.eclipse.core.runtime.SafeRunner.run(SafeRunner.java:47)
	at org.eclipse.core.internal.events.BuildManager.basicBuild(BuildManager.java:299)
	at org.eclipse.core.internal.events.BuildManager.basicBuild(BuildManager.java:355)
	at org.eclipse.core.internal.events.BuildManager$1.run(BuildManager.java:449)
	at org.eclipse.core.runtime.SafeRunner.run(SafeRunner.java:47)
	at org.eclipse.core.internal.events.BuildManager.basicBuild(BuildManager.java:452)
	at org.eclipse.core.internal.events.BuildManager.basicBuildLoop(BuildManager.java:564)
	at org.eclipse.core.internal.events.BuildManager.basicBuildLoop(BuildManager.java:512)
	at org.eclipse.core.internal.events.BuildManager.build(BuildManager.java:594)
	at org.eclipse.core.internal.events.AutoBuildJob.doBuild(AutoBuildJob.java:208)
	at org.eclipse.core.internal.events.AutoBuildJob.run(AutoBuildJob.java:309)
	at org.eclipse.core.internal.jobs.Worker.run(Worker.java:63)
Caused by: org.apache.maven.project.ProjectBuildingException: 1 problem was encountered while building the effective model
[FATAL] Non-readable POM D:\RestAPI\StudentManagement: D:\RestAPI\StudentManagement (Access is denied) @ 
 for project  at D:\RestAPI\StudentManagement
	at org.apache.maven.project.DefaultProjectBuilder.build(DefaultProjectBuilder.java:180)
	at org.apache.maven.project.DefaultProjectBuilder.build(DefaultProjectBuilder.java:123)
	at org.eclipse.m2e.core.internal.embedder.MavenImpl.lambda$4(MavenImpl.java:383)
	... 35 common frames omitted
Caused by: org.apache.maven.model.building.ModelBuildingException: 1 problem was encountered while building the effective model
[FATAL] Non-readable POM D:\RestAPI\StudentManagement: D:\RestAPI\StudentManagement (Access is denied) @ 

	at org.apache.maven.model.building.DefaultModelProblemCollector.newModelBuildingException(DefaultModelProblemCollector.java:176)
	at org.apache.maven.model.building.DefaultModelBuilder.readModel(DefaultModelBuilder.java:642)
	at org.apache.maven.model.building.DefaultModelBuilder.build(DefaultModelBuilder.java:262)
	at org.apache.maven.model.building.DefaultModelBuilder.build(DefaultModelBuilder.java:248)
	at org.apache.maven.project.DefaultProjectBuilder.build(DefaultProjectBuilder.java:176)
	... 37 common frames omitted
2026-09-02 11:17:57,001 [Worker-28: Building] WARN  o.apache.maven.project.MavenProject - Direct modification of compileSourceRoots through clear() is deprecated and will not work in Maven 4.0.0. Please use the add/remove methods instead. If you're using a plugin that causes this warning, please upgrade to the latest version and report an issue if the warning persists. To disable these warnings, set -Dmaven.project.sourceRoots.warningsDisabled=true on the command line, in the .mvn/maven.config file, or in project POM properties.
2026-09-02 11:17:57,002 [Worker-28: Building] WARN  o.apache.maven.project.MavenProject - Direct modification of testCompileSourceRoots through clear() is deprecated and will not work in Maven 4.0.0. Please use the add/remove methods instead. If you're using a plugin that causes this warning, please upgrade to the latest version and report an issue if the warning persists. To disable these warnings, set -Dmaven.project.sourceRoots.warningsDisabled=true on the command line, in the .mvn/maven.config file, or in project POM properties.
2026-09-02 11:17:58,013 [Worker-20: Download sources and javadoc] INFO  o.e.m.c.i.e.AbstractTransferListenerAdapter - Downloading https://repo.maven.apache.org/maven2/org/apache/logging/log4j/log4j-to-slf4j/2.24.3/log4j-to-slf4j-2.24.3-sources.jar
2026-09-02 11:17:58,379 [Worker-20: Download sources and javadoc] INFO  o.e.m.c.i.e.AbstractTransferListenerAdapter - Downloaded https://repo.maven.apache.org/maven2/org/apache/logging/log4j/log4j-to-slf4j/2.24.3/log4j-to-slf4j-2.24.3-sources.jar
2026-09-02 11:17:58,385 [Worker-20: Download sources and javadoc] INFO  o.e.m.j.internal.DownloadSourcesJob - Downloaded sources for org.apache.logging.log4j:log4j-to-slf4j:2.24.3
2026-09-02 11:17:58,501 [Worker-20: Download sources and javadoc] INFO  o.e.m.c.i.e.AbstractTransferListenerAdapter - Downloading https://repo.maven.apache.org/maven2/org/apache/logging/log4j/log4j-api/2.24.3/log4j-api-2.24.3-sources.jar
2026-09-02 11:17:58,617 [Worker-20: Download sources and javadoc] INFO  o.e.m.c.i.e.AbstractTransferListenerAdapter - Downloaded https://repo.maven.apache.org/maven2/org/apache/logging/log4j/log4j-api/2.24.3/log4j-api-2.24.3-sources.jar
2026-09-02 11:17:58,622 [Worker-20: Download sources and javadoc] INFO  o.e.m.j.internal.DownloadSourcesJob - Downloaded sources for org.apache.logging.log4j:log4j-api:2.24.3
2026-09-02 11:17:58,750 [Worker-20: Download sources and javadoc] INFO  o.e.m.c.i.e.AbstractTransferListenerAdapter - Downloading https://repo.maven.apache.org/maven2/org/springframework/spring-core/6.2.11/spring-core-6.2.11-sources.jar
2026-09-02 11:17:58,967 [Worker-20: Download sources and javadoc] INFO  o.e.m.c.i.e.AbstractTransferListenerAdapter - Downloaded https://repo.maven.apache.org/maven2/org/springframework/spring-core/6.2.11/spring-core-6.2.11-sources.jar
2026-09-02 11:17:58,973 [Worker-20: Download sources and javadoc] INFO  o.e.m.j.internal.DownloadSourcesJob - Downloaded sources for org.springframework:spring-core:6.2.11
2026-09-02 11:17:59,082 [Worker-20: Download sources and javadoc] INFO  o.e.m.c.i.e.AbstractTransferListenerAdapter - Downloading https://repo.maven.apache.org/maven2/org/springframework/spring-jcl/6.2.11/spring-jcl-6.2.11-sources.jar
2026-09-02 11:17:59,365 [Worker-20: Download sources and javadoc] INFO  o.e.m.c.i.e.AbstractTransferListenerAdapter - Downloaded https://repo.maven.apache.org/maven2/org/springframework/spring-jcl/6.2.11/spring-jcl-6.2.11-sources.jar
2026-09-02 11:17:59,370 [Worker-20: Download sources and javadoc] INFO  o.e.m.j.internal.DownloadSourcesJob - Downloaded sources for org.springframework:spring-jcl:6.2.11
2026-09-02 11:17:59,513 [Worker-20: Download sources and javadoc] INFO  o.e.m.c.i.e.AbstractTransferListenerAdapter - Downloading https://repo.maven.apache.org/maven2/org/yaml/snakeyaml/2.4/snakeyaml-2.4-sources.jar
2026-09-02 11:17:59,602 [Worker-20: Download sources and javadoc] INFO  o.e.m.c.i.e.AbstractTransferListenerAdapter - Downloaded https://repo.maven.apache.org/maven2/org/yaml/snakeyaml/2.4/snakeyaml-2.4-sources.jar
2026-09-02 11:17:59,607 [Worker-20: Download sources and javadoc] INFO  o.e.m.j.internal.DownloadSourcesJob - Downloaded sources for org.yaml:snakeyaml:2.4
2026-09-02 11:17:59,735 [Worker-20: Download sources and javadoc] INFO  o.e.m.c.i.e.AbstractTransferListenerAdapter - Downloading https://repo.maven.apache.org/maven2/org/springframework/boot/spring-boot-starter-jdbc/3.5.6/spring-boot-starter-jdbc-3.5.6-sources.jar
2026-09-02 11:17:59,788 [Worker-20: Download sources and javadoc] INFO  o.e.m.c.i.e.AbstractTransferListenerAdapter - Downloaded https://repo.maven.apache.org/maven2/org/springframework/boot/spring-boot-starter-jdbc/3.5.6/spring-boot-starter-jdbc-3.5.6-sources.jar
2026-09-02 11:17:59,793 [Worker-20: Download sources and javadoc] INFO  o.e.m.j.internal.DownloadSourcesJob - Downloaded sources for org.springframework.boot:spring-boot-starter-jdbc:3.5.6
2026-09-02 11:18:00,054 [Worker-20: Download sources and javadoc] INFO  o.e.m.c.i.e.AbstractTransferListenerAdapter - Downloading https://repo.maven.apache.org/maven2/com/zaxxer/HikariCP/6.3.3/HikariCP-6.3.3-sources.jar
2026-09-02 11:18:00,486 [Worker-20: Download sources and javadoc] INFO  o.e.m.c.i.e.AbstractTransferListenerAdapter - Downloaded https://repo.maven.apache.org/maven2/com/zaxxer/HikariCP/6.3.3/HikariCP-6.3.3-sources.jar
2026-09-02 11:18:00,491 [Worker-20: Download sources and javadoc] INFO  o.e.m.j.internal.DownloadSourcesJob - Downloaded sources for com.zaxxer:HikariCP:6.3.3
2026-09-02 11:18:00,708 [Worker-20: Download sources and javadoc] INFO  o.e.m.c.i.e.AbstractTransferListenerAdapter - Downloading https://repo.maven.apache.org/maven2/org/springframework/spring-jdbc/6.2.11/spring-jdbc-6.2.11-sources.jar
2026-09-02 11:18:00,808 [Worker-20: Download sources and javadoc] INFO  o.e.m.c.i.e.AbstractTransferListenerAdapter - Downloaded https://repo.maven.apache.org/maven2/org/springframework/spring-jdbc/6.2.11/spring-jdbc-6.2.11-sources.jar
2026-09-02 11:18:00,813 [Worker-20: Download sources and javadoc] INFO  o.e.m.j.internal.DownloadSourcesJob - Downloaded sources for org.springframework:spring-jdbc:6.2.11
2026-09-02 11:18:00,952 [Worker-20: Download sources and javadoc] INFO  o.e.m.c.i.e.AbstractTransferListenerAdapter - Downloading https://repo.maven.apache.org/maven2/org/hibernate/orm/hibernate-core/6.6.29.Final/hibernate-core-6.6.29.Final-sources.jar
2026-09-02 11:18:01,961 [Worker-20: Download sources and javadoc] INFO  o.e.m.c.i.e.AbstractTransferListenerAdapter - Downloaded https://repo.maven.apache.org/maven2/org/hibernate/orm/hibernate-core/6.6.29.Final/hibernate-core-6.6.29.Final-sources.jar
2026-09-02 11:18:01,966 [Worker-20: Download sources and javadoc] INFO  o.e.m.j.internal.DownloadSourcesJob - Downloaded sources for org.hibernate.orm:hibernate-core:6.6.29.Final
2026-09-02 11:18:02,085 [Worker-20: Download sources and javadoc] INFO  o.e.m.c.i.e.AbstractTransferListenerAdapter - Downloading https://repo.maven.apache.org/maven2/jakarta/persistence/jakarta.persistence-api/3.1.0/jakarta.persistence-api-3.1.0-sources.jar
2026-09-02 11:18:02,178 [Worker-20: Download sources and javadoc] INFO  o.e.m.c.i.e.AbstractTransferListenerAdapter - Downloaded https://repo.maven.apache.org/maven2/jakarta/persistence/jakarta.persistence-api/3.1.0/jakarta.persistence-api-3.1.0-sources.jar
2026-09-02 11:18:02,182 [Worker-20: Download sources and javadoc] INFO  o.e.m.j.internal.DownloadSourcesJob - Downloaded sources for jakarta.persistence:jakarta.persistence-api:3.1.0
2026-09-02 11:18:02,321 [Worker-20: Download sources and javadoc] INFO  o.e.m.c.i.e.AbstractTransferListenerAdapter - Downloading https://repo.maven.apache.org/maven2/org/hibernate/common/hibernate-commons-annotations/7.0.3.Final/hibernate-commons-annotations-7.0.3.Final-sources.jar
2026-09-02 11:18:02,958 [Worker-20: Download sources and javadoc] INFO  o.e.m.c.i.e.AbstractTransferListenerAdapter - Downloaded https://repo.maven.apache.org/maven2/org/hibernate/common/hibernate-commons-annotations/7.0.3.Final/hibernate-commons-annotations-7.0.3.Final-sources.jar
2026-09-02 11:18:02,961 [Worker-20: Download sources and javadoc] INFO  o.e.m.j.internal.DownloadSourcesJob - Downloaded sources for org.hibernate.common:hibernate-commons-annotations:7.0.3.Final
2026-09-02 11:18:03,081 [Worker-20: Download sources and javadoc] INFO  o.e.m.c.i.e.AbstractTransferListenerAdapter - Downloading https://repo.maven.apache.org/maven2/io/smallrye/jandex/3.2.0/jandex-3.2.0-sources.jar
2026-09-02 11:18:03,171 [Worker-20: Download sources and javadoc] INFO  o.e.m.c.i.e.AbstractTransferListenerAdapter - Downloaded https://repo.maven.apache.org/maven2/io/smallrye/jandex/3.2.0/jandex-3.2.0-sources.jar
2026-09-02 11:18:03,175 [Worker-20: Download sources and javadoc] INFO  o.e.m.j.internal.DownloadSourcesJob - Downloaded sources for io.smallrye:jandex:3.2.0
2026-09-02 11:18:03,300 [Worker-20: Download sources and javadoc] INFO  o.e.m.c.i.e.AbstractTransferListenerAdapter - Downloading https://repo.maven.apache.org/maven2/net/bytebuddy/byte-buddy/1.17.7/byte-buddy-1.17.7-sources.jar
2026-09-02 11:18:03,531 [Worker-20: Download sources and javadoc] INFO  o.e.m.c.i.e.AbstractTransferListenerAdapter - Downloaded https://repo.maven.apache.org/maven2/net/bytebuddy/byte-buddy/1.17.7/byte-buddy-1.17.7-sources.jar
2026-09-02 11:18:03,534 [Worker-20: Download sources and javadoc] INFO  o.e.m.j.internal.DownloadSourcesJob - Downloaded sources for net.bytebuddy:byte-buddy:1.17.7
2026-09-02 11:18:03,688 [Worker-20: Download sources and javadoc] INFO  o.e.m.c.i.e.AbstractTransferListenerAdapter - Downloading https://repo.maven.apache.org/maven2/org/glassfish/jaxb/jaxb-runtime/4.0.5/jaxb-runtime-4.0.5-sources.jar
2026-09-02 11:18:03,807 [Worker-20: Download sources and javadoc] INFO  o.e.m.c.i.e.AbstractTransferListenerAdapter - Downloaded https://repo.maven.apache.org/maven2/org/glassfish/jaxb/jaxb-runtime/4.0.5/jaxb-runtime-4.0.5-sources.jar
2026-09-02 11:18:03,810 [Worker-20: Download sources and javadoc] INFO  o.e.m.j.internal.DownloadSourcesJob - Downloaded sources for org.glassfish.jaxb:jaxb-runtime:4.0.5
2026-09-02 11:18:03,928 [Worker-20: Download sources and javadoc] INFO  o.e.m.c.i.e.AbstractTransferListenerAdapter - Downloading https://repo.maven.apache.org/maven2/org/glassfish/jaxb/jaxb-core/4.0.5/jaxb-core-4.0.5-sources.jar
2026-09-02 11:18:04,000 [Worker-20: Download sources and javadoc] INFO  o.e.m.c.i.e.AbstractTransferListenerAdapter - Downloaded https://repo.maven.apache.org/maven2/org/glassfish/jaxb/jaxb-core/4.0.5/jaxb-core-4.0.5-sources.jar
2026-09-02 11:18:04,003 [Worker-20: Download sources and javadoc] INFO  o.e.m.j.internal.DownloadSourcesJob - Downloaded sources for org.glassfish.jaxb:jaxb-core:4.0.5
2026-09-02 11:18:04,137 [Worker-20: Download sources and javadoc] INFO  o.e.m.c.i.e.AbstractTransferListenerAdapter - Downloading https://repo.maven.apache.org/maven2/org/eclipse/angus/angus-activation/2.0.2/angus-activation-2.0.2-sources.jar
2026-09-02 11:18:04,425 [Worker-20: Download sources and javadoc] INFO  o.e.m.c.i.e.AbstractTransferListenerAdapter - Downloaded https://repo.maven.apache.org/maven2/org/eclipse/angus/angus-activation/2.0.2/angus-activation-2.0.2-sources.jar
2026-09-02 11:18:04,429 [Worker-20: Download sources and javadoc] INFO  o.e.m.j.internal.DownloadSourcesJob - Downloaded sources for org.eclipse.angus:angus-activation:2.0.2
2026-09-02 11:18:04,551 [Worker-20: Download sources and javadoc] INFO  o.e.m.c.i.e.AbstractTransferListenerAdapter - Downloading https://repo.maven.apache.org/maven2/org/glassfish/jaxb/txw2/4.0.5/txw2-4.0.5-sources.jar
2026-09-02 11:18:04,604 [Worker-20: Download sources and javadoc] INFO  o.e.m.c.i.e.AbstractTransferListenerAdapter - Downloaded https://repo.maven.apache.org/maven2/org/glassfish/jaxb/txw2/4.0.5/txw2-4.0.5-sources.jar
2026-09-02 11:18:04,609 [Worker-20: Download sources and javadoc] INFO  o.e.m.j.internal.DownloadSourcesJob - Downloaded sources for org.glassfish.jaxb:txw2:4.0.5
2026-09-02 11:18:04,723 [Worker-20: Download sources and javadoc] INFO  o.e.m.c.i.e.AbstractTransferListenerAdapter - Downloading https://repo.maven.apache.org/maven2/org/antlr/antlr4-runtime/4.13.0/antlr4-runtime-4.13.0-sources.jar
2026-09-02 11:18:04,816 [Worker-20: Download sources and javadoc] INFO  o.e.m.c.i.e.AbstractTransferListenerAdapter - Downloaded https://repo.maven.apache.org/maven2/org/antlr/antlr4-runtime/4.13.0/antlr4-runtime-4.13.0-sources.jar
2026-09-02 11:18:04,819 [Worker-20: Download sources and javadoc] INFO  o.e.m.j.internal.DownloadSourcesJob - Downloaded sources for org.antlr:antlr4-runtime:4.13.0
2026-09-02 11:18:04,972 [Worker-20: Download sources and javadoc] INFO  o.e.m.c.i.e.AbstractTransferListenerAdapter - Downloading https://repo.maven.apache.org/maven2/org/springframework/data/spring-data-jpa/3.5.4/spring-data-jpa-3.5.4-sources.jar
2026-09-02 11:18:05,101 [Worker-20: Download sources and javadoc] INFO  o.e.m.c.i.e.AbstractTransferListenerAdapter - Downloaded https://repo.maven.apache.org/maven2/org/springframework/data/spring-data-jpa/3.5.4/spring-data-jpa-3.5.4-sources.jar
2026-09-02 11:18:05,105 [Worker-20: Download sources and javadoc] INFO  o.e.m.j.internal.DownloadSourcesJob - Downloaded sources for org.springframework.data:spring-data-jpa:3.5.4
2026-09-02 11:18:05,224 [Worker-20: Download sources and javadoc] INFO  o.e.m.c.i.e.AbstractTransferListenerAdapter - Downloading https://repo.maven.apache.org/maven2/org/springframework/data/spring-data-commons/3.5.4/spring-data-commons-3.5.4-sources.jar
2026-09-02 11:18:05,378 [Worker-20: Download sources and javadoc] INFO  o.e.m.c.i.e.AbstractTransferListenerAdapter - Downloaded https://repo.maven.apache.org/maven2/org/springframework/data/spring-data-commons/3.5.4/spring-data-commons-3.5.4-sources.jar
2026-09-02 11:18:05,381 [Worker-20: Download sources and javadoc] INFO  o.e.m.j.internal.DownloadSourcesJob - Downloaded sources for org.springframework.data:spring-data-commons:3.5.4
2026-09-02 11:18:05,507 [Worker-20: Download sources and javadoc] INFO  o.e.m.c.i.e.AbstractTransferListenerAdapter - Downloading https://repo.maven.apache.org/maven2/org/springframework/spring-orm/6.2.11/spring-orm-6.2.11-sources.jar
2026-09-02 11:18:05,855 [Worker-20: Download sources and javadoc] INFO  o.e.m.c.i.e.AbstractTransferListenerAdapter - Downloaded https://repo.maven.apache.org/maven2/org/springframework/spring-orm/6.2.11/spring-orm-6.2.11-sources.jar
2026-09-02 11:18:05,858 [Worker-20: Download sources and javadoc] INFO  o.e.m.j.internal.DownloadSourcesJob - Downloaded sources for org.springframework:spring-orm:6.2.11
2026-09-02 11:18:05,979 [Worker-20: Download sources and javadoc] INFO  o.e.m.c.i.e.AbstractTransferListenerAdapter - Downloading https://repo.maven.apache.org/maven2/org/springframework/spring-context/6.2.11/spring-context-6.2.11-sources.jar
2026-09-02 11:18:06,151 [Worker-20: Download sources and javadoc] INFO  o.e.m.c.i.e.AbstractTransferListenerAdapter - Downloaded https://repo.maven.apache.org/maven2/org/springframework/spring-context/6.2.11/spring-context-6.2.11-sources.jar
2026-09-02 11:18:06,155 [Worker-20: Download sources and javadoc] INFO  o.e.m.j.internal.DownloadSourcesJob - Downloaded sources for org.springframework:spring-context:6.2.11
2026-09-02 11:18:06,398 [Worker-20: Download sources and javadoc] INFO  o.e.m.c.i.e.AbstractTransferListenerAdapter - Downloading https://repo.maven.apache.org/maven2/org/springframework/spring-expression/6.2.11/spring-expression-6.2.11-sources.jar
2026-09-02 11:18:06,482 [Worker-20: Download sources and javadoc] INFO  o.e.m.c.i.e.AbstractTransferListenerAdapter - Downloaded https://repo.maven.apache.org/maven2/org/springframework/spring-expression/6.2.11/spring-expression-6.2.11-sources.jar
2026-09-02 11:18:06,486 [Worker-20: Download sources and javadoc] INFO  o.e.m.j.internal.DownloadSourcesJob - Downloaded sources for org.springframework:spring-expression:6.2.11
2026-09-02 11:18:06,633 [Worker-20: Download sources and javadoc] INFO  o.e.m.c.i.e.AbstractTransferListenerAdapter - Downloading https://repo.maven.apache.org/maven2/io/micrometer/micrometer-observation/1.15.4/micrometer-observation-1.15.4-sources.jar
2026-09-02 11:18:06,671 [Worker-20: Download sources and javadoc] INFO  o.e.m.c.i.e.AbstractTransferListenerAdapter - Downloaded https://repo.maven.apache.org/maven2/io/micrometer/micrometer-observation/1.15.4/micrometer-observation-1.15.4-sources.jar
2026-09-02 11:18:06,674 [Worker-20: Download sources and javadoc] INFO  o.e.m.j.internal.DownloadSourcesJob - Downloaded sources for io.micrometer:micrometer-observation:1.15.4
2026-09-02 11:18:06,801 [Worker-20: Download sources and javadoc] INFO  o.e.m.c.i.e.AbstractTransferListenerAdapter - Downloading https://repo.maven.apache.org/maven2/io/micrometer/micrometer-commons/1.15.4/micrometer-commons-1.15.4-sources.jar
2026-09-02 11:18:07,431 [Worker-20: Download sources and javadoc] INFO  o.e.m.c.i.e.AbstractTransferListenerAdapter - Downloaded https://repo.maven.apache.org/maven2/io/micrometer/micrometer-commons/1.15.4/micrometer-commons-1.15.4-sources.jar
2026-09-02 11:18:07,434 [Worker-20: Download sources and javadoc] INFO  o.e.m.j.internal.DownloadSourcesJob - Downloaded sources for io.micrometer:micrometer-commons:1.15.4
2026-09-02 11:18:07,567 [Worker-20: Download sources and javadoc] INFO  o.e.m.c.i.e.AbstractTransferListenerAdapter - Downloading https://repo.maven.apache.org/maven2/org/springframework/spring-aop/6.2.11/spring-aop-6.2.11-sources.jar
2026-09-02 11:18:07,682 [Worker-20: Download sources and javadoc] INFO  o.e.m.c.i.e.AbstractTransferListenerAdapter - Downloaded https://repo.maven.apache.org/maven2/org/springframework/spring-aop/6.2.11/spring-aop-6.2.11-sources.jar
2026-09-02 11:18:07,684 [Worker-20: Download sources and javadoc] INFO  o.e.m.j.internal.DownloadSourcesJob - Downloaded sources for org.springframework:spring-aop:6.2.11
2026-09-02 11:18:07,799 [Worker-20: Download sources and javadoc] INFO  o.e.m.c.i.e.AbstractTransferListenerAdapter - Downloading https://repo.maven.apache.org/maven2/org/springframework/spring-tx/6.2.11/spring-tx-6.2.11-sources.jar
2026-09-02 11:18:07,890 [Worker-20: Download sources and javadoc] INFO  o.e.m.c.i.e.AbstractTransferListenerAdapter - Downloaded https://repo.maven.apache.org/maven2/org/springframework/spring-tx/6.2.11/spring-tx-6.2.11-sources.jar
2026-09-02 11:18:07,893 [Worker-20: Download sources and javadoc] INFO  o.e.m.j.internal.DownloadSourcesJob - Downloaded sources for org.springframework:spring-tx:6.2.11
2026-09-02 11:18:08,042 [Worker-20: Download sources and javadoc] INFO  o.e.m.c.i.e.AbstractTransferListenerAdapter - Downloading https://repo.maven.apache.org/maven2/org/springframework/spring-beans/6.2.11/spring-beans-6.2.11-sources.jar
2026-09-02 11:18:08,181 [Worker-20: Download sources and javadoc] INFO  o.e.m.c.i.e.AbstractTransferListenerAdapter - Downloaded https://repo.maven.apache.org/maven2/org/springframework/spring-beans/6.2.11/spring-beans-6.2.11-sources.jar
2026-09-02 11:18:08,185 [Worker-20: Download sources and javadoc] INFO  o.e.m.j.internal.DownloadSourcesJob - Downloaded sources for org.springframework:spring-beans:6.2.11
2026-09-02 11:18:08,308 [Worker-20: Download sources and javadoc] INFO  o.e.m.c.i.e.AbstractTransferListenerAdapter - Downloading https://repo.maven.apache.org/maven2/org/springframework/spring-aspects/6.2.11/spring-aspects-6.2.11-sources.jar
2026-09-02 11:18:08,728 [Worker-20: Download sources and javadoc] INFO  o.e.m.c.i.e.AbstractTransferListenerAdapter - Downloaded https://repo.maven.apache.org/maven2/org/springframework/spring-aspects/6.2.11/spring-aspects-6.2.11-sources.jar
2026-09-02 11:18:08,732 [Worker-20: Download sources and javadoc] INFO  o.e.m.j.internal.DownloadSourcesJob - Downloaded sources for org.springframework:spring-aspects:6.2.11
2026-09-02 11:18:08,875 [Worker-20: Download sources and javadoc] INFO  o.e.m.c.i.e.AbstractTransferListenerAdapter - Downloading https://repo.maven.apache.org/maven2/org/aspectj/aspectjweaver/1.9.24/aspectjweaver-1.9.24-sources.jar
2026-09-02 11:18:09,086 [Worker-20: Download sources and javadoc] INFO  o.e.m.c.i.e.AbstractTransferListenerAdapter - Downloaded https://repo.maven.apache.org/maven2/org/aspectj/aspectjweaver/1.9.24/aspectjweaver-1.9.24-sources.jar
2026-09-02 11:18:09,090 [Worker-20: Download sources and javadoc] INFO  o.e.m.j.internal.DownloadSourcesJob - Downloaded sources for org.aspectj:aspectjweaver:1.9.24
2026-09-02 11:18:09,223 [Worker-20: Download sources and javadoc] INFO  o.e.m.c.i.e.AbstractTransferListenerAdapter - Downloading https://repo.maven.apache.org/maven2/org/springframework/boot/spring-boot-devtools/3.5.6/spring-boot-devtools-3.5.6-sources.jar
2026-09-02 11:18:09,286 [Worker-20: Download sources and javadoc] INFO  o.e.m.c.i.e.AbstractTransferListenerAdapter - Downloaded https://repo.maven.apache.org/maven2/org/springframework/boot/spring-boot-devtools/3.5.6/spring-boot-devtools-3.5.6-sources.jar
2026-09-02 11:18:09,289 [Worker-20: Download sources and javadoc] INFO  o.e.m.j.internal.DownloadSourcesJob - Downloaded sources for org.springframework.boot:spring-boot-devtools:3.5.6
2026-09-02 11:18:09,420 [Worker-20: Download sources and javadoc] INFO  o.e.m.c.i.e.AbstractTransferListenerAdapter - Downloading https://repo.maven.apache.org/maven2/org/springframework/boot/spring-boot/3.5.6/spring-boot-3.5.6-sources.jar
2026-09-02 11:18:09,595 [Worker-20: Download sources and javadoc] INFO  o.e.m.c.i.e.AbstractTransferListenerAdapter - Downloaded https://repo.maven.apache.org/maven2/org/springframework/boot/spring-boot/3.5.6/spring-boot-3.5.6-sources.jar
2026-09-02 11:18:09,598 [Worker-20: Download sources and javadoc] INFO  o.e.m.j.internal.DownloadSourcesJob - Downloaded sources for org.springframework.boot:spring-boot:3.5.6
2026-09-02 11:18:09,705 [Worker-20: Download sources and javadoc] INFO  o.e.m.c.i.e.AbstractTransferListenerAdapter - Downloading https://repo.maven.apache.org/maven2/org/springframework/boot/spring-boot-autoconfigure/3.5.6/spring-boot-autoconfigure-3.5.6-sources.jar
2026-09-02 11:18:09,855 [Worker-20: Download sources and javadoc] INFO  o.e.m.c.i.e.AbstractTransferListenerAdapter - Downloaded https://repo.maven.apache.org/maven2/org/springframework/boot/spring-boot-autoconfigure/3.5.6/spring-boot-autoconfigure-3.5.6-sources.jar
2026-09-02 11:18:09,859 [Worker-20: Download sources and javadoc] INFO  o.e.m.j.internal.DownloadSourcesJob - Downloaded sources for org.springframework.boot:spring-boot-autoconfigure:3.5.6
2026-09-02 11:18:10,019 [Worker-20: Download sources and javadoc] INFO  o.e.m.c.i.e.AbstractTransferListenerAdapter - Downloading https://repo.maven.apache.org/maven2/com/mysql/mysql-connector-j/9.4.0/mysql-connector-j-9.4.0-sources.jar
2026-09-02 11:18:10,209 [Worker-20: Download sources and javadoc] INFO  o.e.m.c.i.e.AbstractTransferListenerAdapter - Downloaded https://repo.maven.apache.org/maven2/com/mysql/mysql-connector-j/9.4.0/mysql-connector-j-9.4.0-sources.jar
2026-09-02 11:18:10,213 [Worker-20: Download sources and javadoc] INFO  o.e.m.j.internal.DownloadSourcesJob - Downloaded sources for com.mysql:mysql-connector-j:9.4.0
2026-09-02 11:19:46,153 [Worker-20: Building] INFO  o.e.m.c.i.l.LifecycleMappingFactory - Using org.eclipse.m2e.jdt.JarLifecycleMapping lifecycle mapping for MavenProject: com.info:StudentManagement:0.0.1-SNAPSHOT @ D:\RestAPI\StudentManagement\pom.xml.
2026-09-02 11:19:46,584 [Worker-20: Building] INFO  o.e.m.c.i.e.AbstractTransferListenerAdapter - Downloading https://repo.maven.apache.org/maven2/org/springframework/boot/spring-boot-starter-test/3.5.6/spring-boot-starter-test-3.5.6.pom
2026-09-02 11:19:46,630 [Worker-20: Building] INFO  o.e.m.c.i.e.AbstractTransferListenerAdapter - Downloaded https://repo.maven.apache.org/maven2/org/springframework/boot/spring-boot-starter-test/3.5.6/spring-boot-starter-test-3.5.6.pom
2026-09-02 11:19:46,682 [Worker-20: Building] INFO  o.e.m.c.i.e.AbstractTransferListenerAdapter - Downloading https://repo.maven.apache.org/maven2/org/springframework/boot/spring-boot-test/3.5.6/spring-boot-test-3.5.6.pom
2026-09-02 11:19:46,715 [Worker-20: Building] INFO  o.e.m.c.i.e.AbstractTransferListenerAdapter - Downloaded https://repo.maven.apache.org/maven2/org/springframework/boot/spring-boot-test/3.5.6/spring-boot-test-3.5.6.pom
2026-09-02 11:19:46,765 [Worker-20: Building] INFO  o.e.m.c.i.e.AbstractTransferListenerAdapter - Downloading https://repo.maven.apache.org/maven2/org/springframework/spring-test/6.2.11/spring-test-6.2.11.pom
2026-09-02 11:19:46,805 [Worker-20: Building] INFO  o.e.m.c.i.e.AbstractTransferListenerAdapter - Downloaded https://repo.maven.apache.org/maven2/org/springframework/spring-test/6.2.11/spring-test-6.2.11.pom
2026-09-02 11:19:46,860 [Worker-20: Building] INFO  o.e.m.c.i.e.AbstractTransferListenerAdapter - Downloading https://repo.maven.apache.org/maven2/org/springframework/boot/spring-boot-test-autoconfigure/3.5.6/spring-boot-test-autoconfigure-3.5.6.pom
2026-09-02 11:19:46,898 [Worker-20: Building] INFO  o.e.m.c.i.e.AbstractTransferListenerAdapter - Downloaded https://repo.maven.apache.org/maven2/org/springframework/boot/spring-boot-test-autoconfigure/3.5.6/spring-boot-test-autoconfigure-3.5.6.pom
2026-09-02 11:19:46,947 [Worker-20: Building] INFO  o.e.m.c.i.e.AbstractTransferListenerAdapter - Downloading https://repo.maven.apache.org/maven2/net/minidev/json-smart/2.5.2/json-smart-2.5.2.pom
2026-09-02 11:19:47,001 [Worker-20: Building] INFO  o.e.m.c.i.e.AbstractTransferListenerAdapter - Downloaded https://repo.maven.apache.org/maven2/net/minidev/json-smart/2.5.2/json-smart-2.5.2.pom
2026-09-02 11:19:47,070 [Worker-20: Building] INFO  o.e.m.c.i.e.AbstractTransferListenerAdapter - Downloading https://repo.maven.apache.org/maven2/net/minidev/accessors-smart/2.5.2/accessors-smart-2.5.2.pom
2026-09-02 11:19:47,117 [Worker-20: Building] INFO  o.e.m.c.i.e.AbstractTransferListenerAdapter - Downloaded https://repo.maven.apache.org/maven2/net/minidev/accessors-smart/2.5.2/accessors-smart-2.5.2.pom
2026-09-02 11:19:47,195 [Worker-20: Building] INFO  o.e.m.c.i.e.AbstractTransferListenerAdapter - Downloading https://repo.maven.apache.org/maven2/org/assertj/assertj-core/3.27.4/assertj-core-3.27.4.pom
2026-09-02 11:19:47,265 [Worker-20: Building] INFO  o.e.m.c.i.e.AbstractTransferListenerAdapter - Downloaded https://repo.maven.apache.org/maven2/org/assertj/assertj-core/3.27.4/assertj-core-3.27.4.pom
2026-09-02 11:19:47,322 [Worker-20: Building] INFO  o.e.m.c.i.e.AbstractTransferListenerAdapter - Downloading https://repo.maven.apache.org/maven2/org/junit/jupiter/junit-jupiter/5.12.2/junit-jupiter-5.12.2.pom
2026-09-02 11:19:47,354 [Worker-20: Building] INFO  o.e.m.c.i.e.AbstractTransferListenerAdapter - Downloaded https://repo.maven.apache.org/maven2/org/junit/jupiter/junit-jupiter/5.12.2/junit-jupiter-5.12.2.pom
2026-09-02 11:19:47,403 [Worker-20: Building] INFO  o.e.m.c.i.e.AbstractTransferListenerAdapter - Downloading https://repo.maven.apache.org/maven2/org/junit/jupiter/junit-jupiter-api/5.12.2/junit-jupiter-api-5.12.2.pom
2026-09-02 11:19:47,442 [Worker-20: Building] INFO  o.e.m.c.i.e.AbstractTransferListenerAdapter - Downloaded https://repo.maven.apache.org/maven2/org/junit/jupiter/junit-jupiter-api/5.12.2/junit-jupiter-api-5.12.2.pom
2026-09-02 11:19:47,497 [Worker-20: Building] INFO  o.e.m.c.i.e.AbstractTransferListenerAdapter - Downloading https://repo.maven.apache.org/maven2/org/junit/platform/junit-platform-commons/1.12.2/junit-platform-commons-1.12.2.pom
2026-09-02 11:19:47,536 [Worker-20: Building] INFO  o.e.m.c.i.e.AbstractTransferListenerAdapter - Downloaded https://repo.maven.apache.org/maven2/org/junit/platform/junit-platform-commons/1.12.2/junit-platform-commons-1.12.2.pom
2026-09-02 11:19:47,589 [Worker-20: Building] INFO  o.e.m.c.i.e.AbstractTransferListenerAdapter - Downloading https://repo.maven.apache.org/maven2/org/junit/jupiter/junit-jupiter-params/5.12.2/junit-jupiter-params-5.12.2.pom
2026-09-02 11:19:47,623 [Worker-20: Building] INFO  o.e.m.c.i.e.AbstractTransferListenerAdapter - Downloaded https://repo.maven.apache.org/maven2/org/junit/jupiter/junit-jupiter-params/5.12.2/junit-jupiter-params-5.12.2.pom
2026-09-02 11:19:47,670 [Worker-20: Building] INFO  o.e.m.c.i.e.AbstractTransferListenerAdapter - Downloading https://repo.maven.apache.org/maven2/org/junit/jupiter/junit-jupiter-engine/5.12.2/junit-jupiter-engine-5.12.2.pom
2026-09-02 11:19:47,700 [Worker-20: Building] INFO  o.e.m.c.i.e.AbstractTransferListenerAdapter - Downloaded https://repo.maven.apache.org/maven2/org/junit/jupiter/junit-jupiter-engine/5.12.2/junit-jupiter-engine-5.12.2.pom
2026-09-02 11:19:47,745 [Worker-20: Building] INFO  o.e.m.c.i.e.AbstractTransferListenerAdapter - Downloading https://repo.maven.apache.org/maven2/org/junit/platform/junit-platform-engine/1.12.2/junit-platform-engine-1.12.2.pom
2026-09-02 11:19:47,775 [Worker-20: Building] INFO  o.e.m.c.i.e.AbstractTransferListenerAdapter - Downloaded https://repo.maven.apache.org/maven2/org/junit/platform/junit-platform-engine/1.12.2/junit-platform-engine-1.12.2.pom
2026-09-02 11:19:47,821 [Worker-20: Building] INFO  o.e.m.c.i.e.AbstractTransferListenerAdapter - Downloading https://repo.maven.apache.org/maven2/org/mockito/mockito-core/5.17.0/mockito-core-5.17.0.pom
2026-09-02 11:19:47,859 [Worker-20: Building] INFO  o.e.m.c.i.e.AbstractTransferListenerAdapter - Downloaded https://repo.maven.apache.org/maven2/org/mockito/mockito-core/5.17.0/mockito-core-5.17.0.pom
2026-09-02 11:19:47,906 [Worker-20: Building] INFO  o.e.m.c.i.e.AbstractTransferListenerAdapter - Downloading https://repo.maven.apache.org/maven2/net/bytebuddy/byte-buddy-agent/1.17.7/byte-buddy-agent-1.17.7.pom
2026-09-02 11:19:47,933 [Worker-20: Building] INFO  o.e.m.c.i.e.AbstractTransferListenerAdapter - Downloaded https://repo.maven.apache.org/maven2/net/bytebuddy/byte-buddy-agent/1.17.7/byte-buddy-agent-1.17.7.pom
2026-09-02 11:19:47,992 [Worker-20: Building] INFO  o.e.m.c.i.e.AbstractTransferListenerAdapter - Downloading https://repo.maven.apache.org/maven2/org/mockito/mockito-junit-jupiter/5.17.0/mockito-junit-jupiter-5.17.0.pom
2026-09-02 11:19:48,022 [Worker-20: Building] INFO  o.e.m.c.i.e.AbstractTransferListenerAdapter - Downloaded https://repo.maven.apache.org/maven2/org/mockito/mockito-junit-jupiter/5.17.0/mockito-junit-jupiter-5.17.0.pom
2026-09-02 11:19:48,235 [Worker-20: Building] INFO  o.e.m.c.i.e.AbstractTransferListenerAdapter - Downloading https://repo.maven.apache.org/maven2/org/springframework/boot/spring-boot-starter-test/3.5.6/spring-boot-starter-test-3.5.6.jar
2026-09-02 11:19:48,279 [Worker-20: Building] INFO  o.e.m.c.i.e.AbstractTransferListenerAdapter - Downloaded https://repo.maven.apache.org/maven2/org/springframework/boot/spring-boot-starter-test/3.5.6/spring-boot-starter-test-3.5.6.jar
2026-09-02 11:19:48,319 [BasicRepositoryConnector-repo.maven.apache.org-1-1] INFO  o.e.m.c.i.e.AbstractTransferListenerAdapter - Downloading https://repo.maven.apache.org/maven2/org/springframework/boot/spring-boot-test-autoconfigure/3.5.6/spring-boot-test-autoconfigure-3.5.6.jar
2026-09-02 11:19:48,407 [BasicRepositoryConnector-repo.maven.apache.org-1-2] INFO  o.e.m.c.i.e.AbstractTransferListenerAdapter - Downloading https://repo.maven.apache.org/maven2/net/minidev/json-smart/2.5.2/json-smart-2.5.2.jar
2026-09-02 11:19:48,411 [BasicRepositoryConnector-repo.maven.apache.org-1-1] INFO  o.e.m.c.i.e.AbstractTransferListenerAdapter - Downloaded https://repo.maven.apache.org/maven2/org/springframework/boot/spring-boot-test-autoconfigure/3.5.6/spring-boot-test-autoconfigure-3.5.6.jar
2026-09-02 11:19:48,422 [BasicRepositoryConnector-repo.maven.apache.org-1-0] INFO  o.e.m.c.i.e.AbstractTransferListenerAdapter - Downloading https://repo.maven.apache.org/maven2/org/springframework/boot/spring-boot-test/3.5.6/spring-boot-test-3.5.6.jar
2026-09-02 11:19:48,424 [BasicRepositoryConnector-repo.maven.apache.org-1-3] INFO  o.e.m.c.i.e.AbstractTransferListenerAdapter - Downloading https://repo.maven.apache.org/maven2/net/minidev/accessors-smart/2.5.2/accessors-smart-2.5.2.jar
2026-09-02 11:19:48,437 [BasicRepositoryConnector-repo.maven.apache.org-1-4] INFO  o.e.m.c.i.e.AbstractTransferListenerAdapter - Downloading https://repo.maven.apache.org/maven2/org/assertj/assertj-core/3.27.4/assertj-core-3.27.4.jar
2026-09-02 11:19:48,455 [BasicRepositoryConnector-repo.maven.apache.org-1-1] INFO  o.e.m.c.i.e.AbstractTransferListenerAdapter - Downloading https://repo.maven.apache.org/maven2/org/junit/jupiter/junit-jupiter/5.12.2/junit-jupiter-5.12.2.jar
2026-09-02 11:19:48,485 [BasicRepositoryConnector-repo.maven.apache.org-1-2] INFO  o.e.m.c.i.e.AbstractTransferListenerAdapter - Downloaded https://repo.maven.apache.org/maven2/net/minidev/json-smart/2.5.2/json-smart-2.5.2.jar
2026-09-02 11:19:48,523 [BasicRepositoryConnector-repo.maven.apache.org-1-2] INFO  o.e.m.c.i.e.AbstractTransferListenerAdapter - Downloading https://repo.maven.apache.org/maven2/org/junit/jupiter/junit-jupiter-api/5.12.2/junit-jupiter-api-5.12.2.jar
2026-09-02 11:19:48,533 [BasicRepositoryConnector-repo.maven.apache.org-1-0] INFO  o.e.m.c.i.e.AbstractTransferListenerAdapter - Downloaded https://repo.maven.apache.org/maven2/org/springframework/boot/spring-boot-test/3.5.6/spring-boot-test-3.5.6.jar
2026-09-02 11:19:48,540 [BasicRepositoryConnector-repo.maven.apache.org-1-1] INFO  o.e.m.c.i.e.AbstractTransferListenerAdapter - Downloaded https://repo.maven.apache.org/maven2/org/junit/jupiter/junit-jupiter/5.12.2/junit-jupiter-5.12.2.jar
2026-09-02 11:19:48,575 [BasicRepositoryConnector-repo.maven.apache.org-1-2] INFO  o.e.m.c.i.e.AbstractTransferListenerAdapter - Downloaded https://repo.maven.apache.org/maven2/org/junit/jupiter/junit-jupiter-api/5.12.2/junit-jupiter-api-5.12.2.jar
2026-09-02 11:19:48,577 [BasicRepositoryConnector-repo.maven.apache.org-1-1] INFO  o.e.m.c.i.e.AbstractTransferListenerAdapter - Downloading https://repo.maven.apache.org/maven2/org/junit/jupiter/junit-jupiter-params/5.12.2/junit-jupiter-params-5.12.2.jar
2026-09-02 11:19:48,584 [BasicRepositoryConnector-repo.maven.apache.org-1-0] INFO  o.e.m.c.i.e.AbstractTransferListenerAdapter - Downloading https://repo.maven.apache.org/maven2/org/junit/platform/junit-platform-commons/1.12.2/junit-platform-commons-1.12.2.jar
2026-09-02 11:19:48,623 [BasicRepositoryConnector-repo.maven.apache.org-1-2] INFO  o.e.m.c.i.e.AbstractTransferListenerAdapter - Downloading https://repo.maven.apache.org/maven2/org/junit/jupiter/junit-jupiter-engine/5.12.2/junit-jupiter-engine-5.12.2.jar
2026-09-02 11:19:48,633 [BasicRepositoryConnector-repo.maven.apache.org-1-0] INFO  o.e.m.c.i.e.AbstractTransferListenerAdapter - Downloaded https://repo.maven.apache.org/maven2/org/junit/platform/junit-platform-commons/1.12.2/junit-platform-commons-1.12.2.jar
2026-09-02 11:19:48,655 [BasicRepositoryConnector-repo.maven.apache.org-1-4] INFO  o.e.m.c.i.e.AbstractTransferListenerAdapter - Downloaded https://repo.maven.apache.org/maven2/org/assertj/assertj-core/3.27.4/assertj-core-3.27.4.jar
2026-09-02 11:19:48,665 [BasicRepositoryConnector-repo.maven.apache.org-1-1] INFO  o.e.m.c.i.e.AbstractTransferListenerAdapter - Downloaded https://repo.maven.apache.org/maven2/org/junit/jupiter/junit-jupiter-params/5.12.2/junit-jupiter-params-5.12.2.jar
2026-09-02 11:19:48,671 [BasicRepositoryConnector-repo.maven.apache.org-1-0] INFO  o.e.m.c.i.e.AbstractTransferListenerAdapter - Downloading https://repo.maven.apache.org/maven2/org/junit/platform/junit-platform-engine/1.12.2/junit-platform-engine-1.12.2.jar
2026-09-02 11:19:48,714 [BasicRepositoryConnector-repo.maven.apache.org-1-4] INFO  o.e.m.c.i.e.AbstractTransferListenerAdapter - Downloading https://repo.maven.apache.org/maven2/org/mockito/mockito-core/5.17.0/mockito-core-5.17.0.jar
2026-09-02 11:19:48,722 [BasicRepositoryConnector-repo.maven.apache.org-1-2] INFO  o.e.m.c.i.e.AbstractTransferListenerAdapter - Downloaded https://repo.maven.apache.org/maven2/org/junit/jupiter/junit-jupiter-engine/5.12.2/junit-jupiter-engine-5.12.2.jar
2026-09-02 11:19:48,722 [BasicRepositoryConnector-repo.maven.apache.org-1-0] INFO  o.e.m.c.i.e.AbstractTransferListenerAdapter - Downloaded https://repo.maven.apache.org/maven2/org/junit/platform/junit-platform-engine/1.12.2/junit-platform-engine-1.12.2.jar
2026-09-02 11:19:48,730 [BasicRepositoryConnector-repo.maven.apache.org-1-1] INFO  o.e.m.c.i.e.AbstractTransferListenerAdapter - Downloading https://repo.maven.apache.org/maven2/net/bytebuddy/byte-buddy-agent/1.17.7/byte-buddy-agent-1.17.7.jar
2026-09-02 11:19:48,761 [BasicRepositoryConnector-repo.maven.apache.org-1-0] INFO  o.e.m.c.i.e.AbstractTransferListenerAdapter - Downloading https://repo.maven.apache.org/maven2/org/mockito/mockito-junit-jupiter/5.17.0/mockito-junit-jupiter-5.17.0.jar
2026-09-02 11:19:48,763 [BasicRepositoryConnector-repo.maven.apache.org-1-2] INFO  o.e.m.c.i.e.AbstractTransferListenerAdapter - Downloading https://repo.maven.apache.org/maven2/org/springframework/spring-test/6.2.11/spring-test-6.2.11.jar
2026-09-02 11:19:48,778 [BasicRepositoryConnector-repo.maven.apache.org-1-4] INFO  o.e.m.c.i.e.AbstractTransferListenerAdapter - Downloaded https://repo.maven.apache.org/maven2/org/mockito/mockito-core/5.17.0/mockito-core-5.17.0.jar
2026-09-02 11:19:48,828 [BasicRepositoryConnector-repo.maven.apache.org-1-1] INFO  o.e.m.c.i.e.AbstractTransferListenerAdapter - Downloaded https://repo.maven.apache.org/maven2/net/bytebuddy/byte-buddy-agent/1.17.7/byte-buddy-agent-1.17.7.jar
2026-09-02 11:19:48,897 [BasicRepositoryConnector-repo.maven.apache.org-1-3] INFO  o.e.m.c.i.e.AbstractTransferListenerAdapter - Downloaded https://repo.maven.apache.org/maven2/net/minidev/accessors-smart/2.5.2/accessors-smart-2.5.2.jar
2026-09-02 11:19:48,980 [BasicRepositoryConnector-repo.maven.apache.org-1-0] INFO  o.e.m.c.i.e.AbstractTransferListenerAdapter - Downloaded https://repo.maven.apache.org/maven2/org/mockito/mockito-junit-jupiter/5.17.0/mockito-junit-jupiter-5.17.0.jar
2026-09-02 11:19:48,990 [BasicRepositoryConnector-repo.maven.apache.org-1-2] INFO  o.e.m.c.i.e.AbstractTransferListenerAdapter - Downloaded https://repo.maven.apache.org/maven2/org/springframework/spring-test/6.2.11/spring-test-6.2.11.jar
2026-09-02 11:19:51,233 [Worker-20: Building] INFO  o.a.m.s.f.DefaultMavenResourcesFiltering - Copying 0 resource from src\main\resources to target\classes
2026-09-02 11:19:51,233 [Worker-20: Building] INFO  o.a.m.s.f.DefaultMavenResourcesFiltering - Copying 0 resource from src\main\resources to target\classes
2026-09-02 11:19:51,238 [Worker-20: Building] INFO  o.a.m.s.f.DefaultMavenResourcesFiltering - skip non existing resourceDirectory D:\RestAPI\StudentManagement\src\test\resources
2026-09-02 11:19:51,250 [Worker-20: Building] WARN  o.apache.maven.project.MavenProject - Direct modification of compileSourceRoots through clear() is deprecated and will not work in Maven 4.0.0. Please use the add/remove methods instead. If you're using a plugin that causes this warning, please upgrade to the latest version and report an issue if the warning persists. To disable these warnings, set -Dmaven.project.sourceRoots.warningsDisabled=true on the command line, in the .mvn/maven.config file, or in project POM properties.
2026-09-02 11:19:51,251 [Worker-20: Building] WARN  o.apache.maven.project.MavenProject - Direct modification of compileSourceRoots through add() is deprecated and will not work in Maven 4.0.0. Please use the add/remove methods instead. If you're using a plugin that causes this warning, please upgrade to the latest version and report an issue if the warning persists. To disable these warnings, set -Dmaven.project.sourceRoots.warningsDisabled=true on the command line, in the .mvn/maven.config file, or in project POM properties.
2026-09-02 11:19:51,251 [Worker-20: Building] WARN  o.apache.maven.project.MavenProject - Direct modification of testCompileSourceRoots through clear() is deprecated and will not work in Maven 4.0.0. Please use the add/remove methods instead. If you're using a plugin that causes this warning, please upgrade to the latest version and report an issue if the warning persists. To disable these warnings, set -Dmaven.project.sourceRoots.warningsDisabled=true on the command line, in the .mvn/maven.config file, or in project POM properties.
2026-09-02 11:19:51,254 [Worker-20: Building] WARN  o.apache.maven.project.MavenProject - Direct modification of testCompileSourceRoots through add() is deprecated and will not work in Maven 4.0.0. Please use the add/remove methods instead. If you're using a plugin that causes this warning, please upgrade to the latest version and report an issue if the warning persists. To disable these warnings, set -Dmaven.project.sourceRoots.warningsDisabled=true on the command line, in the .mvn/maven.config file, or in project POM properties.
2026-09-02 11:19:51,371 [Worker-24: Updating Maven Project] INFO  o.e.m.c.i.p.ProjectConfigurationManager - Update started
2026-09-02 11:19:51,834 [Worker-24: Updating Maven Project] INFO  o.e.m.c.i.l.LifecycleMappingFactory - Using org.eclipse.m2e.jdt.JarLifecycleMapping lifecycle mapping for MavenProject: com.info:StudentManagement:0.0.1-SNAPSHOT @ D:\RestAPI\StudentManagement\pom.xml.
2026-09-02 11:19:51,910 [Worker-27: Download sources and javadoc] INFO  o.e.m.c.i.e.AbstractTransferListenerAdapter - Downloading https://repo.maven.apache.org/maven2/org/springframework/boot/spring-boot-starter-test/3.5.6/spring-boot-starter-test-3.5.6-sources.jar
2026-09-02 11:19:52,014 [Worker-27: Download sources and javadoc] INFO  o.e.m.c.i.e.AbstractTransferListenerAdapter - Downloaded https://repo.maven.apache.org/maven2/org/springframework/boot/spring-boot-starter-test/3.5.6/spring-boot-starter-test-3.5.6-sources.jar
2026-09-02 11:19:52,019 [Worker-27: Download sources and javadoc] INFO  o.e.m.j.internal.DownloadSourcesJob - Downloaded sources for org.springframework.boot:spring-boot-starter-test:3.5.6
2026-09-02 11:19:52,139 [Worker-27: Download sources and javadoc] INFO  o.e.m.c.i.e.AbstractTransferListenerAdapter - Downloading https://repo.maven.apache.org/maven2/org/springframework/boot/spring-boot-test/3.5.6/spring-boot-test-3.5.6-sources.jar
2026-09-02 11:19:52,252 [Worker-27: Download sources and javadoc] INFO  o.e.m.c.i.e.AbstractTransferListenerAdapter - Downloaded https://repo.maven.apache.org/maven2/org/springframework/boot/spring-boot-test/3.5.6/spring-boot-test-3.5.6-sources.jar
2026-09-02 11:19:52,256 [Worker-27: Download sources and javadoc] INFO  o.e.m.j.internal.DownloadSourcesJob - Downloaded sources for org.springframework.boot:spring-boot-test:3.5.6
2026-09-02 11:19:52,382 [Worker-27: Download sources and javadoc] INFO  o.e.m.c.i.e.AbstractTransferListenerAdapter - Downloading https://repo.maven.apache.org/maven2/org/springframework/boot/spring-boot-test-autoconfigure/3.5.6/spring-boot-test-autoconfigure-3.5.6-sources.jar
2026-09-02 11:19:52,485 [Worker-27: Download sources and javadoc] INFO  o.e.m.c.i.e.AbstractTransferListenerAdapter - Downloaded https://repo.maven.apache.org/maven2/org/springframework/boot/spring-boot-test-autoconfigure/3.5.6/spring-boot-test-autoconfigure-3.5.6-sources.jar
2026-09-02 11:19:52,490 [Worker-27: Download sources and javadoc] INFO  o.e.m.j.internal.DownloadSourcesJob - Downloaded sources for org.springframework.boot:spring-boot-test-autoconfigure:3.5.6
2026-09-02 11:19:52,599 [Worker-24: Updating Maven Project] INFO  o.e.m.j.i.AbstractJavaProjectConfigurator - Adding source folder /StudentManagement/src/main/java
2026-09-02 11:19:52,600 [Worker-24: Updating Maven Project] INFO  o.e.m.j.i.AbstractJavaProjectConfigurator - Adding resource folder /StudentManagement/src/main/resources
2026-09-02 11:19:52,601 [Worker-24: Updating Maven Project] INFO  o.e.m.j.i.AbstractJavaProjectConfigurator - Adding resource folder /StudentManagement/src/main/resources
2026-09-02 11:19:52,602 [Worker-24: Updating Maven Project] INFO  o.e.m.j.i.AbstractJavaProjectConfigurator - Adding source folder /StudentManagement/src/test/java
2026-09-02 11:19:52,603 [Worker-24: Updating Maven Project] INFO  o.e.m.j.i.AbstractJavaProjectConfigurator - Adding resource folder /StudentManagement/src/test/resources
2026-09-02 11:19:52,627 [Worker-27: Download sources and javadoc] INFO  o.e.m.c.i.e.AbstractTransferListenerAdapter - Downloading https://repo.maven.apache.org/maven2/net/minidev/json-smart/2.5.2/json-smart-2.5.2-sources.jar
2026-09-02 11:19:52,738 [Worker-27: Download sources and javadoc] INFO  o.e.m.c.i.e.AbstractTransferListenerAdapter - Downloaded https://repo.maven.apache.org/maven2/net/minidev/json-smart/2.5.2/json-smart-2.5.2-sources.jar
2026-09-02 11:19:52,743 [Worker-27: Download sources and javadoc] INFO  o.e.m.j.internal.DownloadSourcesJob - Downloaded sources for net.minidev:json-smart:2.5.2
2026-09-02 11:19:52,859 [Worker-27: Download sources and javadoc] INFO  o.e.m.c.i.e.AbstractTransferListenerAdapter - Downloading https://repo.maven.apache.org/maven2/net/minidev/accessors-smart/2.5.2/accessors-smart-2.5.2-sources.jar
2026-09-02 11:19:52,982 [Worker-24: Updating Maven Project] WARN  o.apache.maven.project.MavenProject - Direct modification of compileSourceRoots through clear() is deprecated and will not work in Maven 4.0.0. Please use the add/remove methods instead. If you're using a plugin that causes this warning, please upgrade to the latest version and report an issue if the warning persists. To disable these warnings, set -Dmaven.project.sourceRoots.warningsDisabled=true on the command line, in the .mvn/maven.config file, or in project POM properties.
2026-09-02 11:19:52,983 [Worker-24: Updating Maven Project] WARN  o.apache.maven.project.MavenProject - Direct modification of compileSourceRoots through add() is deprecated and will not work in Maven 4.0.0. Please use the add/remove methods instead. If you're using a plugin that causes this warning, please upgrade to the latest version and report an issue if the warning persists. To disable these warnings, set -Dmaven.project.sourceRoots.warningsDisabled=true on the command line, in the .mvn/maven.config file, or in project POM properties.
2026-09-02 11:19:52,984 [Worker-24: Updating Maven Project] WARN  o.apache.maven.project.MavenProject - Direct modification of testCompileSourceRoots through clear() is deprecated and will not work in Maven 4.0.0. Please use the add/remove methods instead. If you're using a plugin that causes this warning, please upgrade to the latest version and report an issue if the warning persists. To disable these warnings, set -Dmaven.project.sourceRoots.warningsDisabled=true on the command line, in the .mvn/maven.config file, or in project POM properties.
2026-09-02 11:19:52,984 [Worker-24: Updating Maven Project] WARN  o.apache.maven.project.MavenProject - Direct modification of testCompileSourceRoots through add() is deprecated and will not work in Maven 4.0.0. Please use the add/remove methods instead. If you're using a plugin that causes this warning, please upgrade to the latest version and report an issue if the warning persists. To disable these warnings, set -Dmaven.project.sourceRoots.warningsDisabled=true on the command line, in the .mvn/maven.config file, or in project POM properties.
2026-09-02 11:19:53,028 [Worker-24: Updating Maven Project] INFO  o.e.m.c.i.p.ProjectConfigurationManager - Update completed for 1 poms: local refresh takes 0.00 sec, refresh facades takes 1.00 sec, update config takes 0.00 sec 
2026-09-02 11:19:53,437 [Worker-27: Download sources and javadoc] INFO  o.e.m.c.i.e.AbstractTransferListenerAdapter - Downloaded https://repo.maven.apache.org/maven2/net/minidev/accessors-smart/2.5.2/accessors-smart-2.5.2-sources.jar
2026-09-02 11:19:53,442 [Worker-27: Download sources and javadoc] INFO  o.e.m.j.internal.DownloadSourcesJob - Downloaded sources for net.minidev:accessors-smart:2.5.2
2026-09-02 11:19:53,456 [Worker-24: Building] INFO  o.a.m.s.f.DefaultMavenResourcesFiltering - Copying 1 resource from src\main\resources to target\classes
2026-09-02 11:19:53,482 [Worker-24: Building] INFO  o.a.m.s.f.DefaultMavenResourcesFiltering - Copying 0 resource from src\main\resources to target\classes
2026-09-02 11:19:53,488 [Worker-24: Building] INFO  o.a.m.s.f.DefaultMavenResourcesFiltering - skip non existing resourceDirectory D:\RestAPI\StudentManagement\src\test\resources
2026-09-02 11:19:53,504 [Worker-24: Building] WARN  o.apache.maven.project.MavenProject - Direct modification of compileSourceRoots through clear() is deprecated and will not work in Maven 4.0.0. Please use the add/remove methods instead. If you're using a plugin that causes this warning, please upgrade to the latest version and report an issue if the warning persists. To disable these warnings, set -Dmaven.project.sourceRoots.warningsDisabled=true on the command line, in the .mvn/maven.config file, or in project POM properties.
2026-09-02 11:19:53,505 [Worker-24: Building] WARN  o.apache.maven.project.MavenProject - Direct modification of compileSourceRoots through add() is deprecated and will not work in Maven 4.0.0. Please use the add/remove methods instead. If you're using a plugin that causes this warning, please upgrade to the latest version and report an issue if the warning persists. To disable these warnings, set -Dmaven.project.sourceRoots.warningsDisabled=true on the command line, in the .mvn/maven.config file, or in project POM properties.
2026-09-02 11:19:53,506 [Worker-24: Building] WARN  o.apache.maven.project.MavenProject - Direct modification of testCompileSourceRoots through clear() is deprecated and will not work in Maven 4.0.0. Please use the add/remove methods instead. If you're using a plugin that causes this warning, please upgrade to the latest version and report an issue if the warning persists. To disable these warnings, set -Dmaven.project.sourceRoots.warningsDisabled=true on the command line, in the .mvn/maven.config file, or in project POM properties.
2026-09-02 11:19:53,507 [Worker-24: Building] WARN  o.apache.maven.project.MavenProject - Direct modification of testCompileSourceRoots through add() is deprecated and will not work in Maven 4.0.0. Please use the add/remove methods instead. If you're using a plugin that causes this warning, please upgrade to the latest version and report an issue if the warning persists. To disable these warnings, set -Dmaven.project.sourceRoots.warningsDisabled=true on the command line, in the .mvn/maven.config file, or in project POM properties.
2026-09-02 11:19:53,563 [Worker-27: Download sources and javadoc] INFO  o.e.m.c.i.e.AbstractTransferListenerAdapter - Downloading https://repo.maven.apache.org/maven2/org/assertj/assertj-core/3.27.4/assertj-core-3.27.4-sources.jar
2026-09-02 11:19:53,733 [Worker-27: Download sources and javadoc] INFO  o.e.m.c.i.e.AbstractTransferListenerAdapter - Downloaded https://repo.maven.apache.org/maven2/org/assertj/assertj-core/3.27.4/assertj-core-3.27.4-sources.jar
2026-09-02 11:19:53,737 [Worker-27: Download sources and javadoc] INFO  o.e.m.j.internal.DownloadSourcesJob - Downloaded sources for org.assertj:assertj-core:3.27.4
2026-09-02 11:19:53,858 [Worker-27: Download sources and javadoc] INFO  o.e.m.c.i.e.AbstractTransferListenerAdapter - Downloading https://repo.maven.apache.org/maven2/org/junit/jupiter/junit-jupiter/5.12.2/junit-jupiter-5.12.2-sources.jar
2026-09-02 11:19:53,902 [Worker-27: Download sources and javadoc] INFO  o.e.m.c.i.e.AbstractTransferListenerAdapter - Downloaded https://repo.maven.apache.org/maven2/org/junit/jupiter/junit-jupiter/5.12.2/junit-jupiter-5.12.2-sources.jar
2026-09-02 11:19:53,904 [Worker-27: Download sources and javadoc] INFO  o.e.m.j.internal.DownloadSourcesJob - Downloaded sources for org.junit.jupiter:junit-jupiter:5.12.2
2026-09-02 11:19:54,019 [Worker-27: Download sources and javadoc] INFO  o.e.m.c.i.e.AbstractTransferListenerAdapter - Downloading https://repo.maven.apache.org/maven2/org/junit/jupiter/junit-jupiter-api/5.12.2/junit-jupiter-api-5.12.2-sources.jar
2026-09-02 11:19:54,106 [Worker-27: Download sources and javadoc] INFO  o.e.m.c.i.e.AbstractTransferListenerAdapter - Downloaded https://repo.maven.apache.org/maven2/org/junit/jupiter/junit-jupiter-api/5.12.2/junit-jupiter-api-5.12.2-sources.jar
2026-09-02 11:19:54,110 [Worker-27: Download sources and javadoc] INFO  o.e.m.j.internal.DownloadSourcesJob - Downloaded sources for org.junit.jupiter:junit-jupiter-api:5.12.2
2026-09-02 11:19:54,294 [Worker-27: Download sources and javadoc] INFO  o.e.m.c.i.e.AbstractTransferListenerAdapter - Downloading https://repo.maven.apache.org/maven2/org/junit/platform/junit-platform-commons/1.12.2/junit-platform-commons-1.12.2-sources.jar
2026-09-02 11:19:54,356 [Worker-27: Download sources and javadoc] INFO  o.e.m.c.i.e.AbstractTransferListenerAdapter - Downloaded https://repo.maven.apache.org/maven2/org/junit/platform/junit-platform-commons/1.12.2/junit-platform-commons-1.12.2-sources.jar
2026-09-02 11:19:54,360 [Worker-27: Download sources and javadoc] INFO  o.e.m.j.internal.DownloadSourcesJob - Downloaded sources for org.junit.platform:junit-platform-commons:1.12.2
2026-09-02 11:19:54,478 [Worker-27: Download sources and javadoc] INFO  o.e.m.c.i.e.AbstractTransferListenerAdapter - Downloading https://repo.maven.apache.org/maven2/org/junit/jupiter/junit-jupiter-params/5.12.2/junit-jupiter-params-5.12.2-sources.jar
2026-09-02 11:19:54,538 [Worker-27: Download sources and javadoc] INFO  o.e.m.c.i.e.AbstractTransferListenerAdapter - Downloaded https://repo.maven.apache.org/maven2/org/junit/jupiter/junit-jupiter-params/5.12.2/junit-jupiter-params-5.12.2-sources.jar
2026-09-02 11:19:54,542 [Worker-27: Download sources and javadoc] INFO  o.e.m.j.internal.DownloadSourcesJob - Downloaded sources for org.junit.jupiter:junit-jupiter-params:5.12.2
2026-09-02 11:19:54,657 [Worker-27: Download sources and javadoc] INFO  o.e.m.c.i.e.AbstractTransferListenerAdapter - Downloading https://repo.maven.apache.org/maven2/org/junit/jupiter/junit-jupiter-engine/5.12.2/junit-jupiter-engine-5.12.2-sources.jar
2026-09-02 11:19:54,730 [Worker-27: Download sources and javadoc] INFO  o.e.m.c.i.e.AbstractTransferListenerAdapter - Downloaded https://repo.maven.apache.org/maven2/org/junit/jupiter/junit-jupiter-engine/5.12.2/junit-jupiter-engine-5.12.2-sources.jar
2026-09-02 11:19:54,734 [Worker-27: Download sources and javadoc] INFO  o.e.m.j.internal.DownloadSourcesJob - Downloaded sources for org.junit.jupiter:junit-jupiter-engine:5.12.2
2026-09-02 11:19:54,983 [Worker-27: Download sources and javadoc] INFO  o.e.m.c.i.e.AbstractTransferListenerAdapter - Downloading https://repo.maven.apache.org/maven2/org/junit/platform/junit-platform-engine/1.12.2/junit-platform-engine-1.12.2-sources.jar
2026-09-02 11:19:55,352 [Worker-27: Download sources and javadoc] INFO  o.e.m.c.i.e.AbstractTransferListenerAdapter - Downloaded https://repo.maven.apache.org/maven2/org/junit/platform/junit-platform-engine/1.12.2/junit-platform-engine-1.12.2-sources.jar
2026-09-02 11:19:55,356 [Worker-27: Download sources and javadoc] INFO  o.e.m.j.internal.DownloadSourcesJob - Downloaded sources for org.junit.platform:junit-platform-engine:1.12.2
2026-09-02 11:19:55,471 [Worker-27: Download sources and javadoc] INFO  o.e.m.c.i.e.AbstractTransferListenerAdapter - Downloading https://repo.maven.apache.org/maven2/org/mockito/mockito-core/5.17.0/mockito-core-5.17.0-sources.jar
2026-09-02 11:19:55,582 [Worker-27: Download sources and javadoc] INFO  o.e.m.c.i.e.AbstractTransferListenerAdapter - Downloaded https://repo.maven.apache.org/maven2/org/mockito/mockito-core/5.17.0/mockito-core-5.17.0-sources.jar
2026-09-02 11:19:55,585 [Worker-27: Download sources and javadoc] INFO  o.e.m.j.internal.DownloadSourcesJob - Downloaded sources for org.mockito:mockito-core:5.17.0
2026-09-02 11:19:55,701 [Worker-27: Download sources and javadoc] INFO  o.e.m.c.i.e.AbstractTransferListenerAdapter - Downloading https://repo.maven.apache.org/maven2/net/bytebuddy/byte-buddy-agent/1.17.7/byte-buddy-agent-1.17.7-sources.jar
2026-09-02 11:19:55,791 [Worker-27: Download sources and javadoc] INFO  o.e.m.c.i.e.AbstractTransferListenerAdapter - Downloaded https://repo.maven.apache.org/maven2/net/bytebuddy/byte-buddy-agent/1.17.7/byte-buddy-agent-1.17.7-sources.jar
2026-09-02 11:19:55,795 [Worker-27: Download sources and javadoc] INFO  o.e.m.j.internal.DownloadSourcesJob - Downloaded sources for net.bytebuddy:byte-buddy-agent:1.17.7
2026-09-02 11:19:55,920 [Worker-27: Download sources and javadoc] INFO  o.e.m.c.i.e.AbstractTransferListenerAdapter - Downloading https://repo.maven.apache.org/maven2/org/mockito/mockito-junit-jupiter/5.17.0/mockito-junit-jupiter-5.17.0-sources.jar
2026-09-02 11:19:55,994 [Worker-27: Download sources and javadoc] INFO  o.e.m.c.i.e.AbstractTransferListenerAdapter - Downloaded https://repo.maven.apache.org/maven2/org/mockito/mockito-junit-jupiter/5.17.0/mockito-junit-jupiter-5.17.0-sources.jar
2026-09-02 11:19:55,997 [Worker-27: Download sources and javadoc] INFO  o.e.m.j.internal.DownloadSourcesJob - Downloaded sources for org.mockito:mockito-junit-jupiter:5.17.0
2026-09-02 11:19:56,112 [Worker-27: Download sources and javadoc] INFO  o.e.m.c.i.e.AbstractTransferListenerAdapter - Downloading https://repo.maven.apache.org/maven2/org/springframework/spring-test/6.2.11/spring-test-6.2.11-sources.jar
2026-09-02 11:19:56,259 [Worker-27: Download sources and javadoc] INFO  o.e.m.c.i.e.AbstractTransferListenerAdapter - Downloaded https://repo.maven.apache.org/maven2/org/springframework/spring-test/6.2.11/spring-test-6.2.11-sources.jar
2026-09-02 11:19:56,263 [Worker-27: Download sources and javadoc] INFO  o.e.m.j.internal.DownloadSourcesJob - Downloaded sources for org.springframework:spring-test:6.2.11
2026-09-02 11:20:08,189 [Worker-24: Launching Executing clean in D__RestAPI_StudentManagement] INFO  o.eclipse.m2e.core.internal.Bundles - getClasspathEntries(Bundle=org.eclipse.m2e.maven.runtime_3.9.1101.20251020-1549 [372])
2026-09-02 11:20:08,190 [Worker-24: Launching Executing clean in D__RestAPI_StudentManagement] INFO  o.eclipse.m2e.core.internal.Bundles - 	Entry: D:\SPRING STS\sts-5.0.0.RELEASE\plugins\org.eclipse.m2e.maven.runtime_3.9.1101.20251020-1549
2026-09-02 11:20:08,190 [Worker-24: Launching Executing clean in D__RestAPI_StudentManagement] INFO  o.eclipse.m2e.core.internal.Bundles - 	Entry: D:\SPRING STS\sts-5.0.0.RELEASE\plugins\org.eclipse.m2e.maven.runtime_3.9.1101.20251020-1549\jars\aopalliance-1.0.jar
2026-09-02 11:20:08,190 [Worker-24: Launching Executing clean in D__RestAPI_StudentManagement] INFO  o.eclipse.m2e.core.internal.Bundles - 	Entry: D:\SPRING STS\sts-5.0.0.RELEASE\plugins\org.eclipse.m2e.maven.runtime_3.9.1101.20251020-1549\jars\asm-9.8.jar
2026-09-02 11:20:08,190 [Worker-24: Launching Executing clean in D__RestAPI_StudentManagement] INFO  o.eclipse.m2e.core.internal.Bundles - 	Entry: D:\SPRING STS\sts-5.0.0.RELEASE\plugins\org.eclipse.m2e.maven.runtime_3.9.1101.20251020-1549\jars\error_prone_annotations-2.38.0.jar
2026-09-02 11:20:08,190 [Worker-24: Launching Executing clean in D__RestAPI_StudentManagement] INFO  o.eclipse.m2e.core.internal.Bundles - 	Entry: D:\SPRING STS\sts-5.0.0.RELEASE\plugins\org.eclipse.m2e.maven.runtime_3.9.1101.20251020-1549\jars\gson-2.13.1.jar
2026-09-02 11:20:08,190 [Worker-24: Launching Executing clean in D__RestAPI_StudentManagement] INFO  o.eclipse.m2e.core.internal.Bundles - 	Entry: D:\SPRING STS\sts-5.0.0.RELEASE\plugins\org.eclipse.m2e.maven.runtime_3.9.1101.20251020-1549\jars\guice-5.1.0-classes.jar
2026-09-02 11:20:08,191 [Worker-24: Launching Executing clean in D__RestAPI_StudentManagement] INFO  o.eclipse.m2e.core.internal.Bundles - 	Entry: D:\SPRING STS\sts-5.0.0.RELEASE\plugins\org.eclipse.m2e.maven.runtime_3.9.1101.20251020-1549\jars\httpclient-4.5.14.jar
2026-09-02 11:20:08,191 [Worker-24: Launching Executing clean in D__RestAPI_StudentManagement] INFO  o.eclipse.m2e.core.internal.Bundles - 	Entry: D:\SPRING STS\sts-5.0.0.RELEASE\plugins\org.eclipse.m2e.maven.runtime_3.9.1101.20251020-1549\jars\httpcore-4.4.16.jar
2026-09-02 11:20:08,191 [Worker-24: Launching Executing clean in D__RestAPI_StudentManagement] INFO  o.eclipse.m2e.core.internal.Bundles - 	Entry: D:\SPRING STS\sts-5.0.0.RELEASE\plugins\org.eclipse.m2e.maven.runtime_3.9.1101.20251020-1549\jars\jansi-2.4.2.jar
2026-09-02 11:20:08,191 [Worker-24: Launching Executing clean in D__RestAPI_StudentManagement] INFO  o.eclipse.m2e.core.internal.Bundles - 	Entry: D:\SPRING STS\sts-5.0.0.RELEASE\plugins\org.eclipse.m2e.maven.runtime_3.9.1101.20251020-1549\jars\jcl-over-slf4j-1.7.36.jar
2026-09-02 11:20:08,191 [Worker-24: Launching Executing clean in D__RestAPI_StudentManagement] INFO  o.eclipse.m2e.core.internal.Bundles - 	Entry: D:\SPRING STS\sts-5.0.0.RELEASE\plugins\org.eclipse.m2e.maven.runtime_3.9.1101.20251020-1549\jars\maven-artifact-3.9.11.jar
2026-09-02 11:20:08,191 [Worker-24: Launching Executing clean in D__RestAPI_StudentManagement] INFO  o.eclipse.m2e.core.internal.Bundles - 	Entry: D:\SPRING STS\sts-5.0.0.RELEASE\plugins\org.eclipse.m2e.maven.runtime_3.9.1101.20251020-1549\jars\maven-builder-support-3.9.11.jar
2026-09-02 11:20:08,191 [Worker-24: Launching Executing clean in D__RestAPI_StudentManagement] INFO  o.eclipse.m2e.core.internal.Bundles - 	Entry: D:\SPRING STS\sts-5.0.0.RELEASE\plugins\org.eclipse.m2e.maven.runtime_3.9.1101.20251020-1549\jars\maven-compat-3.9.11.jar
2026-09-02 11:20:08,191 [Worker-24: Launching Executing clean in D__RestAPI_StudentManagement] INFO  o.eclipse.m2e.core.internal.Bundles - 	Entry: D:\SPRING STS\sts-5.0.0.RELEASE\plugins\org.eclipse.m2e.maven.runtime_3.9.1101.20251020-1549\jars\maven-core-3.9.11.jar
2026-09-02 11:20:08,191 [Worker-24: Launching Executing clean in D__RestAPI_StudentManagement] INFO  o.eclipse.m2e.core.internal.Bundles - 	Entry: D:\SPRING STS\sts-5.0.0.RELEASE\plugins\org.eclipse.m2e.maven.runtime_3.9.1101.20251020-1549\jars\maven-embedder-3.9.11.jar
2026-09-02 11:20:08,191 [Worker-24: Launching Executing clean in D__RestAPI_StudentManagement] INFO  o.eclipse.m2e.core.internal.Bundles - 	Entry: D:\SPRING STS\sts-5.0.0.RELEASE\plugins\org.eclipse.m2e.maven.runtime_3.9.1101.20251020-1549\jars\maven-model-3.9.11.jar
2026-09-02 11:20:08,191 [Worker-24: Launching Executing clean in D__RestAPI_StudentManagement] INFO  o.eclipse.m2e.core.internal.Bundles - 	Entry: D:\SPRING STS\sts-5.0.0.RELEASE\plugins\org.eclipse.m2e.maven.runtime_3.9.1101.20251020-1549\jars\maven-model-builder-3.9.11.jar
2026-09-02 11:20:08,191 [Worker-24: Launching Executing clean in D__RestAPI_StudentManagement] INFO  o.eclipse.m2e.core.internal.Bundles - 	Entry: D:\SPRING STS\sts-5.0.0.RELEASE\plugins\org.eclipse.m2e.maven.runtime_3.9.1101.20251020-1549\jars\maven-plugin-api-3.9.11.jar
2026-09-02 11:20:08,191 [Worker-24: Launching Executing clean in D__RestAPI_StudentManagement] INFO  o.eclipse.m2e.core.internal.Bundles - 	Entry: D:\SPRING STS\sts-5.0.0.RELEASE\plugins\org.eclipse.m2e.maven.runtime_3.9.1101.20251020-1549\jars\maven-repository-metadata-3.9.11.jar
2026-09-02 11:20:08,191 [Worker-24: Launching Executing clean in D__RestAPI_StudentManagement] INFO  o.eclipse.m2e.core.internal.Bundles - 	Entry: D:\SPRING STS\sts-5.0.0.RELEASE\plugins\org.eclipse.m2e.maven.runtime_3.9.1101.20251020-1549\jars\maven-resolver-api-1.9.24.jar
2026-09-02 11:20:08,191 [Worker-24: Launching Executing clean in D__RestAPI_StudentManagement] INFO  o.eclipse.m2e.core.internal.Bundles - 	Entry: D:\SPRING STS\sts-5.0.0.RELEASE\plugins\org.eclipse.m2e.maven.runtime_3.9.1101.20251020-1549\jars\maven-resolver-connector-basic-1.9.24.jar
2026-09-02 11:20:08,191 [Worker-24: Launching Executing clean in D__RestAPI_StudentManagement] INFO  o.eclipse.m2e.core.internal.Bundles - 	Entry: D:\SPRING STS\sts-5.0.0.RELEASE\plugins\org.eclipse.m2e.maven.runtime_3.9.1101.20251020-1549\jars\maven-resolver-impl-1.9.24.jar
2026-09-02 11:20:08,191 [Worker-24: Launching Executing clean in D__RestAPI_StudentManagement] INFO  o.eclipse.m2e.core.internal.Bundles - 	Entry: D:\SPRING STS\sts-5.0.0.RELEASE\plugins\org.eclipse.m2e.maven.runtime_3.9.1101.20251020-1549\jars\maven-resolver-named-locks-1.9.24.jar
2026-09-02 11:20:08,192 [Worker-24: Launching Executing clean in D__RestAPI_StudentManagement] INFO  o.eclipse.m2e.core.internal.Bundles - 	Entry: D:\SPRING STS\sts-5.0.0.RELEASE\plugins\org.eclipse.m2e.maven.runtime_3.9.1101.20251020-1549\jars\maven-resolver-provider-3.9.11.jar
2026-09-02 11:20:08,192 [Worker-24: Launching Executing clean in D__RestAPI_StudentManagement] INFO  o.eclipse.m2e.core.internal.Bundles - 	Entry: D:\SPRING STS\sts-5.0.0.RELEASE\plugins\org.eclipse.m2e.maven.runtime_3.9.1101.20251020-1549\jars\maven-resolver-spi-1.9.24.jar
2026-09-02 11:20:08,192 [Worker-24: Launching Executing clean in D__RestAPI_StudentManagement] INFO  o.eclipse.m2e.core.internal.Bundles - 	Entry: D:\SPRING STS\sts-5.0.0.RELEASE\plugins\org.eclipse.m2e.maven.runtime_3.9.1101.20251020-1549\jars\maven-resolver-transport-file-1.9.24.jar
2026-09-02 11:20:08,192 [Worker-24: Launching Executing clean in D__RestAPI_StudentManagement] INFO  o.eclipse.m2e.core.internal.Bundles - 	Entry: D:\SPRING STS\sts-5.0.0.RELEASE\plugins\org.eclipse.m2e.maven.runtime_3.9.1101.20251020-1549\jars\maven-resolver-transport-http-1.9.24.jar
2026-09-02 11:20:08,192 [Worker-24: Launching Executing clean in D__RestAPI_StudentManagement] INFO  o.eclipse.m2e.core.internal.Bundles - 	Entry: D:\SPRING STS\sts-5.0.0.RELEASE\plugins\org.eclipse.m2e.maven.runtime_3.9.1101.20251020-1549\jars\maven-resolver-transport-wagon-1.9.24.jar
2026-09-02 11:20:08,192 [Worker-24: Launching Executing clean in D__RestAPI_StudentManagement] INFO  o.eclipse.m2e.core.internal.Bundles - 	Entry: D:\SPRING STS\sts-5.0.0.RELEASE\plugins\org.eclipse.m2e.maven.runtime_3.9.1101.20251020-1549\jars\maven-resolver-util-1.9.24.jar
2026-09-02 11:20:08,192 [Worker-24: Launching Executing clean in D__RestAPI_StudentManagement] INFO  o.eclipse.m2e.core.internal.Bundles - 	Entry: D:\SPRING STS\sts-5.0.0.RELEASE\plugins\org.eclipse.m2e.maven.runtime_3.9.1101.20251020-1549\jars\maven-settings-3.9.11.jar
2026-09-02 11:20:08,192 [Worker-24: Launching Executing clean in D__RestAPI_StudentManagement] INFO  o.eclipse.m2e.core.internal.Bundles - 	Entry: D:\SPRING STS\sts-5.0.0.RELEASE\plugins\org.eclipse.m2e.maven.runtime_3.9.1101.20251020-1549\jars\maven-settings-builder-3.9.11.jar
2026-09-02 11:20:08,192 [Worker-24: Launching Executing clean in D__RestAPI_StudentManagement] INFO  o.eclipse.m2e.core.internal.Bundles - 	Entry: D:\SPRING STS\sts-5.0.0.RELEASE\plugins\org.eclipse.m2e.maven.runtime_3.9.1101.20251020-1549\jars\maven-shared-utils-3.4.2.jar
2026-09-02 11:20:08,192 [Worker-24: Launching Executing clean in D__RestAPI_StudentManagement] INFO  o.eclipse.m2e.core.internal.Bundles - 	Entry: D:\SPRING STS\sts-5.0.0.RELEASE\plugins\org.eclipse.m2e.maven.runtime_3.9.1101.20251020-1549\jars\org.eclipse.sisu.inject-0.9.0.M4.jar
2026-09-02 11:20:08,192 [Worker-24: Launching Executing clean in D__RestAPI_StudentManagement] INFO  o.eclipse.m2e.core.internal.Bundles - 	Entry: D:\SPRING STS\sts-5.0.0.RELEASE\plugins\org.eclipse.m2e.maven.runtime_3.9.1101.20251020-1549\jars\org.eclipse.sisu.plexus-0.9.0.M4.jar
2026-09-02 11:20:08,192 [Worker-24: Launching Executing clean in D__RestAPI_StudentManagement] INFO  o.eclipse.m2e.core.internal.Bundles - 	Entry: D:\SPRING STS\sts-5.0.0.RELEASE\plugins\org.eclipse.m2e.maven.runtime_3.9.1101.20251020-1549\jars\plexus-build-api-0.0.7.jar
2026-09-02 11:20:08,192 [Worker-24: Launching Executing clean in D__RestAPI_StudentManagement] INFO  o.eclipse.m2e.core.internal.Bundles - 	Entry: D:\SPRING STS\sts-5.0.0.RELEASE\plugins\org.eclipse.m2e.maven.runtime_3.9.1101.20251020-1549\jars\plexus-build-api-1.2.0.jar
2026-09-02 11:20:08,192 [Worker-24: Launching Executing clean in D__RestAPI_StudentManagement] INFO  o.eclipse.m2e.core.internal.Bundles - 	Entry: D:\SPRING STS\sts-5.0.0.RELEASE\plugins\org.eclipse.m2e.maven.runtime_3.9.1101.20251020-1549\jars\plexus-cipher-2.0.jar
2026-09-02 11:20:08,192 [Worker-24: Launching Executing clean in D__RestAPI_StudentManagement] INFO  o.eclipse.m2e.core.internal.Bundles - 	Entry: D:\SPRING STS\sts-5.0.0.RELEASE\plugins\org.eclipse.m2e.maven.runtime_3.9.1101.20251020-1549\jars\plexus-classworlds-2.9.0.jar
2026-09-02 11:20:08,192 [Worker-24: Launching Executing clean in D__RestAPI_StudentManagement] INFO  o.eclipse.m2e.core.internal.Bundles - 	Entry: D:\SPRING STS\sts-5.0.0.RELEASE\plugins\org.eclipse.m2e.maven.runtime_3.9.1101.20251020-1549\jars\plexus-component-annotations-2.2.0.jar
2026-09-02 11:20:08,192 [Worker-24: Launching Executing clean in D__RestAPI_StudentManagement] INFO  o.eclipse.m2e.core.internal.Bundles - 	Entry: D:\SPRING STS\sts-5.0.0.RELEASE\plugins\org.eclipse.m2e.maven.runtime_3.9.1101.20251020-1549\jars\plexus-interpolation-1.28.jar
2026-09-02 11:20:08,192 [Worker-24: Launching Executing clean in D__RestAPI_StudentManagement] INFO  o.eclipse.m2e.core.internal.Bundles - 	Entry: D:\SPRING STS\sts-5.0.0.RELEASE\plugins\org.eclipse.m2e.maven.runtime_3.9.1101.20251020-1549\jars\plexus-sec-dispatcher-2.0.jar
2026-09-02 11:20:08,192 [Worker-24: Launching Executing clean in D__RestAPI_StudentManagement] INFO  o.eclipse.m2e.core.internal.Bundles - 	Entry: D:\SPRING STS\sts-5.0.0.RELEASE\plugins\org.eclipse.m2e.maven.runtime_3.9.1101.20251020-1549\jars\plexus-utils-3.6.0.jar
2026-09-02 11:20:08,193 [Worker-24: Launching Executing clean in D__RestAPI_StudentManagement] INFO  o.eclipse.m2e.core.internal.Bundles - 	Entry: D:\SPRING STS\sts-5.0.0.RELEASE\plugins\org.eclipse.m2e.maven.runtime_3.9.1101.20251020-1549\jars\wagon-file-3.5.3.jar
2026-09-02 11:20:08,193 [Worker-24: Launching Executing clean in D__RestAPI_StudentManagement] INFO  o.eclipse.m2e.core.internal.Bundles - 	Entry: D:\SPRING STS\sts-5.0.0.RELEASE\plugins\org.eclipse.m2e.maven.runtime_3.9.1101.20251020-1549\jars\wagon-http-3.5.3.jar
2026-09-02 11:20:08,193 [Worker-24: Launching Executing clean in D__RestAPI_StudentManagement] INFO  o.eclipse.m2e.core.internal.Bundles - 	Entry: D:\SPRING STS\sts-5.0.0.RELEASE\plugins\org.eclipse.m2e.maven.runtime_3.9.1101.20251020-1549\jars\wagon-http-shared-3.5.3.jar
2026-09-02 11:20:08,193 [Worker-24: Launching Executing clean in D__RestAPI_StudentManagement] INFO  o.eclipse.m2e.core.internal.Bundles - 	Entry: D:\SPRING STS\sts-5.0.0.RELEASE\plugins\org.eclipse.m2e.maven.runtime_3.9.1101.20251020-1549\jars\wagon-provider-api-3.5.3.jar
2026-09-02 11:20:08,193 [Worker-24: Launching Executing clean in D__RestAPI_StudentManagement] INFO  o.eclipse.m2e.core.internal.Bundles - getClasspathEntries(Bundle=com.google.guava_33.5.0.jre [31])
2026-09-02 11:20:08,193 [Worker-24: Launching Executing clean in D__RestAPI_StudentManagement] INFO  o.eclipse.m2e.core.internal.Bundles - 	Entry: D:\SPRING STS\sts-5.0.0.RELEASE\plugins\com.google.guava_33.5.0.jre.jar
2026-09-02 11:20:08,193 [Worker-24: Launching Executing clean in D__RestAPI_StudentManagement] INFO  o.eclipse.m2e.core.internal.Bundles - getClasspathEntries(Bundle=slf4j.api_2.0.17 [620])
2026-09-02 11:20:08,194 [Worker-24: Launching Executing clean in D__RestAPI_StudentManagement] INFO  o.eclipse.m2e.core.internal.Bundles - 	Entry: D:\SPRING STS\sts-5.0.0.RELEASE\plugins\slf4j.api_2.0.17.jar
2026-09-02 11:20:08,194 [Worker-24: Launching Executing clean in D__RestAPI_StudentManagement] INFO  o.eclipse.m2e.core.internal.Bundles - getClasspathEntries(Bundle=jakarta.inject.jakarta.inject-api_1.0.5 [46])
2026-09-02 11:20:08,194 [Worker-24: Launching Executing clean in D__RestAPI_StudentManagement] INFO  o.eclipse.m2e.core.internal.Bundles - 	Entry: D:\SPRING STS\sts-5.0.0.RELEASE\plugins\jakarta.inject.jakarta.inject-api_1.0.5.jar
2026-09-02 11:20:08,194 [Worker-24: Launching Executing clean in D__RestAPI_StudentManagement] INFO  o.eclipse.m2e.core.internal.Bundles - getClasspathEntries(Bundle=jakarta.annotation-api_1.3.5 [43])
2026-09-02 11:20:08,194 [Worker-24: Launching Executing clean in D__RestAPI_StudentManagement] INFO  o.eclipse.m2e.core.internal.Bundles - 	Entry: D:\SPRING STS\sts-5.0.0.RELEASE\plugins\jakarta.annotation-api_1.3.5.jar
2026-09-02 11:20:08,194 [Worker-24: Launching Executing clean in D__RestAPI_StudentManagement] INFO  o.eclipse.m2e.core.internal.Bundles - getClasspathEntries(Bundle=org.apache.commons.cli_1.11.0 [85])
2026-09-02 11:20:08,195 [Worker-24: Launching Executing clean in D__RestAPI_StudentManagement] INFO  o.eclipse.m2e.core.internal.Bundles - 	Entry: D:\SPRING STS\sts-5.0.0.RELEASE\plugins\org.apache.commons.cli_1.11.0.jar
2026-09-02 11:20:08,195 [Worker-24: Launching Executing clean in D__RestAPI_StudentManagement] INFO  o.eclipse.m2e.core.internal.Bundles - getClasspathEntries(Bundle=org.apache.commons.commons-codec_1.20.0 [87])
2026-09-02 11:20:08,195 [Worker-24: Launching Executing clean in D__RestAPI_StudentManagement] INFO  o.eclipse.m2e.core.internal.Bundles - 	Entry: D:\SPRING STS\sts-5.0.0.RELEASE\plugins\org.apache.commons.commons-codec_1.20.0.jar
2026-09-02 11:20:08,195 [Worker-24: Launching Executing clean in D__RestAPI_StudentManagement] INFO  o.eclipse.m2e.core.internal.Bundles - getClasspathEntries(Bundle=com.google.guava.failureaccess_1.0.3 [32])
2026-09-02 11:20:08,196 [Worker-24: Launching Executing clean in D__RestAPI_StudentManagement] INFO  o.eclipse.m2e.core.internal.Bundles - 	Entry: D:\SPRING STS\sts-5.0.0.RELEASE\plugins\com.google.guava.failureaccess_1.0.3.jar
2026-09-02 11:20:08,197 [Worker-24: Launching Executing clean in D__RestAPI_StudentManagement] INFO  o.e.m.i.launch.MavenLaunchDelegate - Run build in "D:\RestAPI\StudentManagement":
2026-09-02 11:20:08,198 [Worker-24: Launching Executing clean in D__RestAPI_StudentManagement] INFO  o.e.m.i.launch.MavenLaunchDelegate -  mvn  -Ppom.xml -B -Dstyle.color=always clean
2026-09-02 11:20:11,723 [Worker-20: Building] INFO  o.a.m.s.f.DefaultMavenResourcesFiltering - Copying 1 resource from src\main\resources to target\classes
2026-09-02 11:20:11,724 [Worker-20: Building] INFO  o.a.m.s.f.DefaultMavenResourcesFiltering - Copying 0 resource from src\main\resources to target\classes
2026-09-02 11:20:11,727 [Worker-20: Building] INFO  o.a.m.s.f.DefaultMavenResourcesFiltering - skip non existing resourceDirectory D:\RestAPI\StudentManagement\src\test\resources
2026-09-02 11:20:11,741 [Worker-20: Building] WARN  o.apache.maven.project.MavenProject - Direct modification of compileSourceRoots through clear() is deprecated and will not work in Maven 4.0.0. Please use the add/remove methods instead. If you're using a plugin that causes this warning, please upgrade to the latest version and report an issue if the warning persists. To disable these warnings, set -Dmaven.project.sourceRoots.warningsDisabled=true on the command line, in the .mvn/maven.config file, or in project POM properties.
2026-09-02 11:20:11,742 [Worker-20: Building] WARN  o.apache.maven.project.MavenProject - Direct modification of compileSourceRoots through add() is deprecated and will not work in Maven 4.0.0. Please use the add/remove methods instead. If you're using a plugin that causes this warning, please upgrade to the latest version and report an issue if the warning persists. To disable these warnings, set -Dmaven.project.sourceRoots.warningsDisabled=true on the command line, in the .mvn/maven.config file, or in project POM properties.
2026-09-02 11:20:11,742 [Worker-20: Building] WARN  o.apache.maven.project.MavenProject - Direct modification of testCompileSourceRoots through clear() is deprecated and will not work in Maven 4.0.0. Please use the add/remove methods instead. If you're using a plugin that causes this warning, please upgrade to the latest version and report an issue if the warning persists. To disable these warnings, set -Dmaven.project.sourceRoots.warningsDisabled=true on the command line, in the .mvn/maven.config file, or in project POM properties.
2026-09-02 11:20:11,745 [Worker-20: Building] WARN  o.apache.maven.project.MavenProject - Direct modification of testCompileSourceRoots through add() is deprecated and will not work in Maven 4.0.0. Please use the add/remove methods instead. If you're using a plugin that causes this warning, please upgrade to the latest version and report an issue if the warning persists. To disable these warnings, set -Dmaven.project.sourceRoots.warningsDisabled=true on the command line, in the .mvn/maven.config file, or in project POM properties.
2026-09-02 11:28:51,364 [Worker-24: Building] INFO  o.a.m.s.f.DefaultMavenResourcesFiltering - Copying 1 resource from src\main\resources to target\classes
2026-09-02 11:28:51,382 [Worker-24: Building] INFO  o.a.m.s.f.DefaultMavenResourcesFiltering - Copying 0 resource from src\main\resources to target\classes
2026-09-02 11:28:51,391 [Worker-24: Building] INFO  o.a.m.s.f.DefaultMavenResourcesFiltering - skip non existing resourceDirectory D:\RestAPI\StudentManagement\src\test\resources
2026-09-02 11:28:51,392 [Worker-24: Building] WARN  o.apache.maven.project.MavenProject - Direct modification of compileSourceRoots through clear() is deprecated and will not work in Maven 4.0.0. Please use the add/remove methods instead. If you're using a plugin that causes this warning, please upgrade to the latest version and report an issue if the warning persists. To disable these warnings, set -Dmaven.project.sourceRoots.warningsDisabled=true on the command line, in the .mvn/maven.config file, or in project POM properties.
2026-09-02 11:28:51,393 [Worker-24: Building] WARN  o.apache.maven.project.MavenProject - Direct modification of compileSourceRoots through add() is deprecated and will not work in Maven 4.0.0. Please use the add/remove methods instead. If you're using a plugin that causes this warning, please upgrade to the latest version and report an issue if the warning persists. To disable these warnings, set -Dmaven.project.sourceRoots.warningsDisabled=true on the command line, in the .mvn/maven.config file, or in project POM properties.
2026-09-02 11:28:51,394 [Worker-24: Building] WARN  o.apache.maven.project.MavenProject - Direct modification of testCompileSourceRoots through clear() is deprecated and will not work in Maven 4.0.0. Please use the add/remove methods instead. If you're using a plugin that causes this warning, please upgrade to the latest version and report an issue if the warning persists. To disable these warnings, set -Dmaven.project.sourceRoots.warningsDisabled=true on the command line, in the .mvn/maven.config file, or in project POM properties.
2026-09-02 11:28:51,395 [Worker-24: Building] WARN  o.apache.maven.project.MavenProject - Direct modification of testCompileSourceRoots through add() is deprecated and will not work in Maven 4.0.0. Please use the add/remove methods instead. If you're using a plugin that causes this warning, please upgrade to the latest version and report an issue if the warning persists. To disable these warnings, set -Dmaven.project.sourceRoots.warningsDisabled=true on the command line, in the .mvn/maven.config file, or in project POM properties.
2026-09-02 11:29:44,785 [Worker-24: Building] INFO  o.a.m.s.f.DefaultMavenResourcesFiltering - Copying 1 resource from src\main\resources to target\classes
2026-09-02 11:29:44,790 [Worker-24: Building] INFO  o.a.m.s.f.DefaultMavenResourcesFiltering - Copying 0 resource from src\main\resources to target\classes
2026-09-02 11:29:44,793 [Worker-24: Building] INFO  o.a.m.s.f.DefaultMavenResourcesFiltering - skip non existing resourceDirectory D:\RestAPI\StudentManagement\src\test\resources
2026-09-02 11:29:44,794 [Worker-24: Building] WARN  o.apache.maven.project.MavenProject - Direct modification of compileSourceRoots through clear() is deprecated and will not work in Maven 4.0.0. Please use the add/remove methods instead. If you're using a plugin that causes this warning, please upgrade to the latest version and report an issue if the warning persists. To disable these warnings, set -Dmaven.project.sourceRoots.warningsDisabled=true on the command line, in the .mvn/maven.config file, or in project POM properties.
2026-09-02 11:29:44,794 [Worker-24: Building] WARN  o.apache.maven.project.MavenProject - Direct modification of compileSourceRoots through add() is deprecated and will not work in Maven 4.0.0. Please use the add/remove methods instead. If you're using a plugin that causes this warning, please upgrade to the latest version and report an issue if the warning persists. To disable these warnings, set -Dmaven.project.sourceRoots.warningsDisabled=true on the command line, in the .mvn/maven.config file, or in project POM properties.
2026-09-02 11:29:44,794 [Worker-24: Building] WARN  o.apache.maven.project.MavenProject - Direct modification of testCompileSourceRoots through clear() is deprecated and will not work in Maven 4.0.0. Please use the add/remove methods instead. If you're using a plugin that causes this warning, please upgrade to the latest version and report an issue if the warning persists. To disable these warnings, set -Dmaven.project.sourceRoots.warningsDisabled=true on the command line, in the .mvn/maven.config file, or in project POM properties.
2026-09-02 11:29:44,795 [Worker-24: Building] WARN  o.apache.maven.project.MavenProject - Direct modification of testCompileSourceRoots through add() is deprecated and will not work in Maven 4.0.0. Please use the add/remove methods instead. If you're using a plugin that causes this warning, please upgrade to the latest version and report an issue if the warning persists. To disable these warnings, set -Dmaven.project.sourceRoots.warningsDisabled=true on the command line, in the .mvn/maven.config file, or in project POM properties.
2026-09-02 11:31:30,388 [Worker-35: Building] INFO  o.a.m.s.f.DefaultMavenResourcesFiltering - Copying 1 resource from src\main\resources to target\classes
2026-09-02 11:31:30,393 [Worker-35: Building] INFO  o.a.m.s.f.DefaultMavenResourcesFiltering - Copying 0 resource from src\main\resources to target\classes
2026-09-02 11:31:30,395 [Worker-35: Building] INFO  o.a.m.s.f.DefaultMavenResourcesFiltering - skip non existing resourceDirectory D:\RestAPI\StudentManagement\src\test\resources
2026-09-02 11:31:30,395 [Worker-35: Building] WARN  o.apache.maven.project.MavenProject - Direct modification of compileSourceRoots through clear() is deprecated and will not work in Maven 4.0.0. Please use the add/remove methods instead. If you're using a plugin that causes this warning, please upgrade to the latest version and report an issue if the warning persists. To disable these warnings, set -Dmaven.project.sourceRoots.warningsDisabled=true on the command line, in the .mvn/maven.config file, or in project POM properties.
2026-09-02 11:31:30,396 [Worker-35: Building] WARN  o.apache.maven.project.MavenProject - Direct modification of compileSourceRoots through add() is deprecated and will not work in Maven 4.0.0. Please use the add/remove methods instead. If you're using a plugin that causes this warning, please upgrade to the latest version and report an issue if the warning persists. To disable these warnings, set -Dmaven.project.sourceRoots.warningsDisabled=true on the command line, in the .mvn/maven.config file, or in project POM properties.
2026-09-02 11:31:30,396 [Worker-35: Building] WARN  o.apache.maven.project.MavenProject - Direct modification of testCompileSourceRoots through clear() is deprecated and will not work in Maven 4.0.0. Please use the add/remove methods instead. If you're using a plugin that causes this warning, please upgrade to the latest version and report an issue if the warning persists. To disable these warnings, set -Dmaven.project.sourceRoots.warningsDisabled=true on the command line, in the .mvn/maven.config file, or in project POM properties.
2026-09-02 11:31:30,396 [Worker-35: Building] WARN  o.apache.maven.project.MavenProject - Direct modification of testCompileSourceRoots through add() is deprecated and will not work in Maven 4.0.0. Please use the add/remove methods instead. If you're using a plugin that causes this warning, please upgrade to the latest version and report an issue if the warning persists. To disable these warnings, set -Dmaven.project.sourceRoots.warningsDisabled=true on the command line, in the .mvn/maven.config file, or in project POM properties.
2026-09-02 11:41:31,977 [Worker-34: Building] INFO  o.a.m.s.f.DefaultMavenResourcesFiltering - Copying 1 resource from src\main\resources to target\classes
2026-09-02 11:41:31,984 [Worker-34: Building] INFO  o.a.m.s.f.DefaultMavenResourcesFiltering - Copying 0 resource from src\main\resources to target\classes
2026-09-02 11:41:31,991 [Worker-34: Building] INFO  o.a.m.s.f.DefaultMavenResourcesFiltering - skip non existing resourceDirectory D:\RestAPI\StudentManagement\src\test\resources
2026-09-02 11:41:31,991 [Worker-34: Building] WARN  o.apache.maven.project.MavenProject - Direct modification of compileSourceRoots through clear() is deprecated and will not work in Maven 4.0.0. Please use the add/remove methods instead. If you're using a plugin that causes this warning, please upgrade to the latest version and report an issue if the warning persists. To disable these warnings, set -Dmaven.project.sourceRoots.warningsDisabled=true on the command line, in the .mvn/maven.config file, or in project POM properties.
2026-09-02 11:41:31,992 [Worker-34: Building] WARN  o.apache.maven.project.MavenProject - Direct modification of compileSourceRoots through add() is deprecated and will not work in Maven 4.0.0. Please use the add/remove methods instead. If you're using a plugin that causes this warning, please upgrade to the latest version and report an issue if the warning persists. To disable these warnings, set -Dmaven.project.sourceRoots.warningsDisabled=true on the command line, in the .mvn/maven.config file, or in project POM properties.
2026-09-02 11:41:31,993 [Worker-34: Building] WARN  o.apache.maven.project.MavenProject - Direct modification of testCompileSourceRoots through clear() is deprecated and will not work in Maven 4.0.0. Please use the add/remove methods instead. If you're using a plugin that causes this warning, please upgrade to the latest version and report an issue if the warning persists. To disable these warnings, set -Dmaven.project.sourceRoots.warningsDisabled=true on the command line, in the .mvn/maven.config file, or in project POM properties.
2026-09-02 11:41:31,993 [Worker-34: Building] WARN  o.apache.maven.project.MavenProject - Direct modification of testCompileSourceRoots through add() is deprecated and will not work in Maven 4.0.0. Please use the add/remove methods instead. If you're using a plugin that causes this warning, please upgrade to the latest version and report an issue if the warning persists. To disable these warnings, set -Dmaven.project.sourceRoots.warningsDisabled=true on the command line, in the .mvn/maven.config file, or in project POM properties.
2026-09-02 11:42:03,078 [Worker-38: Building] INFO  o.a.m.s.f.DefaultMavenResourcesFiltering - Copying 1 resource from src\main\resources to target\classes
2026-09-02 11:42:03,087 [Worker-38: Building] INFO  o.a.m.s.f.DefaultMavenResourcesFiltering - Copying 0 resource from src\main\resources to target\classes
2026-09-02 11:42:03,096 [Worker-38: Building] INFO  o.a.m.s.f.DefaultMavenResourcesFiltering - skip non existing resourceDirectory D:\RestAPI\StudentManagement\src\test\resources
2026-09-02 11:42:03,097 [Worker-38: Building] WARN  o.apache.maven.project.MavenProject - Direct modification of compileSourceRoots through clear() is deprecated and will not work in Maven 4.0.0. Please use the add/remove methods instead. If you're using a plugin that causes this warning, please upgrade to the latest version and report an issue if the warning persists. To disable these warnings, set -Dmaven.project.sourceRoots.warningsDisabled=true on the command line, in the .mvn/maven.config file, or in project POM properties.
2026-09-02 11:42:03,099 [Worker-38: Building] WARN  o.apache.maven.project.MavenProject - Direct modification of compileSourceRoots through add() is deprecated and will not work in Maven 4.0.0. Please use the add/remove methods instead. If you're using a plugin that causes this warning, please upgrade to the latest version and report an issue if the warning persists. To disable these warnings, set -Dmaven.project.sourceRoots.warningsDisabled=true on the command line, in the .mvn/maven.config file, or in project POM properties.
2026-09-02 11:42:03,100 [Worker-38: Building] WARN  o.apache.maven.project.MavenProject - Direct modification of testCompileSourceRoots through clear() is deprecated and will not work in Maven 4.0.0. Please use the add/remove methods instead. If you're using a plugin that causes this warning, please upgrade to the latest version and report an issue if the warning persists. To disable these warnings, set -Dmaven.project.sourceRoots.warningsDisabled=true on the command line, in the .mvn/maven.config file, or in project POM properties.
2026-09-02 11:42:03,101 [Worker-38: Building] WARN  o.apache.maven.project.MavenProject - Direct modification of testCompileSourceRoots through add() is deprecated and will not work in Maven 4.0.0. Please use the add/remove methods instead. If you're using a plugin that causes this warning, please upgrade to the latest version and report an issue if the warning persists. To disable these warnings, set -Dmaven.project.sourceRoots.warningsDisabled=true on the command line, in the .mvn/maven.config file, or in project POM properties.
2026-09-02 11:42:18,655 [Worker-33: Building] INFO  o.a.m.s.f.DefaultMavenResourcesFiltering - Copying 1 resource from src\main\resources to target\classes
2026-09-02 11:42:18,667 [Worker-33: Building] INFO  o.a.m.s.f.DefaultMavenResourcesFiltering - Copying 0 resource from src\main\resources to target\classes
2026-09-02 11:42:18,679 [Worker-33: Building] INFO  o.a.m.s.f.DefaultMavenResourcesFiltering - skip non existing resourceDirectory D:\RestAPI\StudentManagement\src\test\resources
2026-09-02 11:42:18,710 [Worker-33: Building] WARN  o.apache.maven.project.MavenProject - Direct modification of compileSourceRoots through clear() is deprecated and will not work in Maven 4.0.0. Please use the add/remove methods instead. If you're using a plugin that causes this warning, please upgrade to the latest version and report an issue if the warning persists. To disable these warnings, set -Dmaven.project.sourceRoots.warningsDisabled=true on the command line, in the .mvn/maven.config file, or in project POM properties.
2026-09-02 11:42:18,711 [Worker-33: Building] WARN  o.apache.maven.project.MavenProject - Direct modification of compileSourceRoots through add() is deprecated and will not work in Maven 4.0.0. Please use the add/remove methods instead. If you're using a plugin that causes this warning, please upgrade to the latest version and report an issue if the warning persists. To disable these warnings, set -Dmaven.project.sourceRoots.warningsDisabled=true on the command line, in the .mvn/maven.config file, or in project POM properties.
2026-09-02 11:42:18,712 [Worker-33: Building] WARN  o.apache.maven.project.MavenProject - Direct modification of testCompileSourceRoots through clear() is deprecated and will not work in Maven 4.0.0. Please use the add/remove methods instead. If you're using a plugin that causes this warning, please upgrade to the latest version and report an issue if the warning persists. To disable these warnings, set -Dmaven.project.sourceRoots.warningsDisabled=true on the command line, in the .mvn/maven.config file, or in project POM properties.
2026-09-02 11:42:18,712 [Worker-33: Building] WARN  o.apache.maven.project.MavenProject - Direct modification of testCompileSourceRoots through add() is deprecated and will not work in Maven 4.0.0. Please use the add/remove methods instead. If you're using a plugin that causes this warning, please upgrade to the latest version and report an issue if the warning persists. To disable these warnings, set -Dmaven.project.sourceRoots.warningsDisabled=true on the command line, in the .mvn/maven.config file, or in project POM properties.
2026-09-02 11:43:09,467 [Worker-33: Building] INFO  o.a.m.s.f.DefaultMavenResourcesFiltering - Copying 1 resource from src\main\resources to target\classes
2026-09-02 11:43:09,480 [Worker-33: Building] INFO  o.a.m.s.f.DefaultMavenResourcesFiltering - Copying 0 resource from src\main\resources to target\classes
2026-09-02 11:43:09,485 [Worker-33: Building] INFO  o.a.m.s.f.DefaultMavenResourcesFiltering - skip non existing resourceDirectory D:\RestAPI\StudentManagement\src\test\resources
2026-09-02 11:43:09,485 [Worker-33: Building] WARN  o.apache.maven.project.MavenProject - Direct modification of compileSourceRoots through clear() is deprecated and will not work in Maven 4.0.0. Please use the add/remove methods instead. If you're using a plugin that causes this warning, please upgrade to the latest version and report an issue if the warning persists. To disable these warnings, set -Dmaven.project.sourceRoots.warningsDisabled=true on the command line, in the .mvn/maven.config file, or in project POM properties.
2026-09-02 11:43:09,486 [Worker-33: Building] WARN  o.apache.maven.project.MavenProject - Direct modification of compileSourceRoots through add() is deprecated and will not work in Maven 4.0.0. Please use the add/remove methods instead. If you're using a plugin that causes this warning, please upgrade to the latest version and report an issue if the warning persists. To disable these warnings, set -Dmaven.project.sourceRoots.warningsDisabled=true on the command line, in the .mvn/maven.config file, or in project POM properties.
2026-09-02 11:43:09,487 [Worker-33: Building] WARN  o.apache.maven.project.MavenProject - Direct modification of testCompileSourceRoots through clear() is deprecated and will not work in Maven 4.0.0. Please use the add/remove methods instead. If you're using a plugin that causes this warning, please upgrade to the latest version and report an issue if the warning persists. To disable these warnings, set -Dmaven.project.sourceRoots.warningsDisabled=true on the command line, in the .mvn/maven.config file, or in project POM properties.
2026-09-02 11:43:09,490 [Worker-33: Building] WARN  o.apache.maven.project.MavenProject - Direct modification of testCompileSourceRoots through add() is deprecated and will not work in Maven 4.0.0. Please use the add/remove methods instead. If you're using a plugin that causes this warning, please upgrade to the latest version and report an issue if the warning persists. To disable these warnings, set -Dmaven.project.sourceRoots.warningsDisabled=true on the command line, in the .mvn/maven.config file, or in project POM properties.
2026-09-02 11:43:49,250 [Worker-38: Building] INFO  o.a.m.s.f.DefaultMavenResourcesFiltering - Copying 1 resource from src\main\resources to target\classes
2026-09-02 11:43:49,255 [Worker-38: Building] INFO  o.a.m.s.f.DefaultMavenResourcesFiltering - Copying 0 resource from src\main\resources to target\classes
2026-09-02 11:43:49,260 [Worker-38: Building] INFO  o.a.m.s.f.DefaultMavenResourcesFiltering - skip non existing resourceDirectory D:\RestAPI\StudentManagement\src\test\resources
2026-09-02 11:43:49,261 [Worker-38: Building] WARN  o.apache.maven.project.MavenProject - Direct modification of compileSourceRoots through clear() is deprecated and will not work in Maven 4.0.0. Please use the add/remove methods instead. If you're using a plugin that causes this warning, please upgrade to the latest version and report an issue if the warning persists. To disable these warnings, set -Dmaven.project.sourceRoots.warningsDisabled=true on the command line, in the .mvn/maven.config file, or in project POM properties.
2026-09-02 11:43:49,261 [Worker-38: Building] WARN  o.apache.maven.project.MavenProject - Direct modification of compileSourceRoots through add() is deprecated and will not work in Maven 4.0.0. Please use the add/remove methods instead. If you're using a plugin that causes this warning, please upgrade to the latest version and report an issue if the warning persists. To disable these warnings, set -Dmaven.project.sourceRoots.warningsDisabled=true on the command line, in the .mvn/maven.config file, or in project POM properties.
2026-09-02 11:43:49,261 [Worker-38: Building] WARN  o.apache.maven.project.MavenProject - Direct modification of testCompileSourceRoots through clear() is deprecated and will not work in Maven 4.0.0. Please use the add/remove methods instead. If you're using a plugin that causes this warning, please upgrade to the latest version and report an issue if the warning persists. To disable these warnings, set -Dmaven.project.sourceRoots.warningsDisabled=true on the command line, in the .mvn/maven.config file, or in project POM properties.
2026-09-02 11:43:49,262 [Worker-38: Building] WARN  o.apache.maven.project.MavenProject - Direct modification of testCompileSourceRoots through add() is deprecated and will not work in Maven 4.0.0. Please use the add/remove methods instead. If you're using a plugin that causes this warning, please upgrade to the latest version and report an issue if the warning persists. To disable these warnings, set -Dmaven.project.sourceRoots.warningsDisabled=true on the command line, in the .mvn/maven.config file, or in project POM properties.
2026-09-02 11:45:06,907 [Worker-38: Building] INFO  o.a.m.s.f.DefaultMavenResourcesFiltering - Copying 1 resource from src\main\resources to target\classes
2026-09-02 11:45:06,919 [Worker-38: Building] INFO  o.a.m.s.f.DefaultMavenResourcesFiltering - Copying 0 resource from src\main\resources to target\classes
2026-09-02 11:45:06,923 [Worker-38: Building] INFO  o.a.m.s.f.DefaultMavenResourcesFiltering - skip non existing resourceDirectory D:\RestAPI\StudentManagement\src\test\resources
2026-09-02 11:45:06,924 [Worker-38: Building] WARN  o.apache.maven.project.MavenProject - Direct modification of compileSourceRoots through clear() is deprecated and will not work in Maven 4.0.0. Please use the add/remove methods instead. If you're using a plugin that causes this warning, please upgrade to the latest version and report an issue if the warning persists. To disable these warnings, set -Dmaven.project.sourceRoots.warningsDisabled=true on the command line, in the .mvn/maven.config file, or in project POM properties.
2026-09-02 11:45:06,925 [Worker-38: Building] WARN  o.apache.maven.project.MavenProject - Direct modification of compileSourceRoots through add() is deprecated and will not work in Maven 4.0.0. Please use the add/remove methods instead. If you're using a plugin that causes this warning, please upgrade to the latest version and report an issue if the warning persists. To disable these warnings, set -Dmaven.project.sourceRoots.warningsDisabled=true on the command line, in the .mvn/maven.config file, or in project POM properties.
2026-09-02 11:45:06,926 [Worker-38: Building] WARN  o.apache.maven.project.MavenProject - Direct modification of testCompileSourceRoots through clear() is deprecated and will not work in Maven 4.0.0. Please use the add/remove methods instead. If you're using a plugin that causes this warning, please upgrade to the latest version and report an issue if the warning persists. To disable these warnings, set -Dmaven.project.sourceRoots.warningsDisabled=true on the command line, in the .mvn/maven.config file, or in project POM properties.
2026-09-02 11:45:06,928 [Worker-38: Building] WARN  o.apache.maven.project.MavenProject - Direct modification of testCompileSourceRoots through add() is deprecated and will not work in Maven 4.0.0. Please use the add/remove methods instead. If you're using a plugin that causes this warning, please upgrade to the latest version and report an issue if the warning persists. To disable these warnings, set -Dmaven.project.sourceRoots.warningsDisabled=true on the command line, in the .mvn/maven.config file, or in project POM properties.
2026-09-02 11:49:01,693 [Worker-39: Building] INFO  o.a.m.s.f.DefaultMavenResourcesFiltering - Copying 1 resource from src\main\resources to target\classes
2026-09-02 11:49:01,701 [Worker-39: Building] INFO  o.a.m.s.f.DefaultMavenResourcesFiltering - Copying 0 resource from src\main\resources to target\classes
2026-09-02 11:49:01,708 [Worker-39: Building] INFO  o.a.m.s.f.DefaultMavenResourcesFiltering - skip non existing resourceDirectory D:\RestAPI\StudentManagement\src\test\resources
2026-09-02 11:49:01,708 [Worker-39: Building] WARN  o.apache.maven.project.MavenProject - Direct modification of compileSourceRoots through clear() is deprecated and will not work in Maven 4.0.0. Please use the add/remove methods instead. If you're using a plugin that causes this warning, please upgrade to the latest version and report an issue if the warning persists. To disable these warnings, set -Dmaven.project.sourceRoots.warningsDisabled=true on the command line, in the .mvn/maven.config file, or in project POM properties.
2026-09-02 11:49:01,709 [Worker-39: Building] WARN  o.apache.maven.project.MavenProject - Direct modification of compileSourceRoots through add() is deprecated and will not work in Maven 4.0.0. Please use the add/remove methods instead. If you're using a plugin that causes this warning, please upgrade to the latest version and report an issue if the warning persists. To disable these warnings, set -Dmaven.project.sourceRoots.warningsDisabled=true on the command line, in the .mvn/maven.config file, or in project POM properties.
2026-09-02 11:49:01,709 [Worker-39: Building] WARN  o.apache.maven.project.MavenProject - Direct modification of testCompileSourceRoots through clear() is deprecated and will not work in Maven 4.0.0. Please use the add/remove methods instead. If you're using a plugin that causes this warning, please upgrade to the latest version and report an issue if the warning persists. To disable these warnings, set -Dmaven.project.sourceRoots.warningsDisabled=true on the command line, in the .mvn/maven.config file, or in project POM properties.
2026-09-02 11:49:01,710 [Worker-39: Building] WARN  o.apache.maven.project.MavenProject - Direct modification of testCompileSourceRoots through add() is deprecated and will not work in Maven 4.0.0. Please use the add/remove methods instead. If you're using a plugin that causes this warning, please upgrade to the latest version and report an issue if the warning persists. To disable these warnings, set -Dmaven.project.sourceRoots.warningsDisabled=true on the command line, in the .mvn/maven.config file, or in project POM properties.
2026-09-02 11:51:33,607 [Worker-37: Building] INFO  o.a.m.s.f.DefaultMavenResourcesFiltering - Copying 1 resource from src\main\resources to target\classes
2026-09-02 11:51:33,612 [Worker-37: Building] INFO  o.a.m.s.f.DefaultMavenResourcesFiltering - Copying 0 resource from src\main\resources to target\classes
2026-09-02 11:51:33,615 [Worker-37: Building] INFO  o.a.m.s.f.DefaultMavenResourcesFiltering - skip non existing resourceDirectory D:\RestAPI\StudentManagement\src\test\resources
2026-09-02 11:51:33,615 [Worker-37: Building] WARN  o.apache.maven.project.MavenProject - Direct modification of compileSourceRoots through clear() is deprecated and will not work in Maven 4.0.0. Please use the add/remove methods instead. If you're using a plugin that causes this warning, please upgrade to the latest version and report an issue if the warning persists. To disable these warnings, set -Dmaven.project.sourceRoots.warningsDisabled=true on the command line, in the .mvn/maven.config file, or in project POM properties.
2026-09-02 11:51:33,615 [Worker-37: Building] WARN  o.apache.maven.project.MavenProject - Direct modification of compileSourceRoots through add() is deprecated and will not work in Maven 4.0.0. Please use the add/remove methods instead. If you're using a plugin that causes this warning, please upgrade to the latest version and report an issue if the warning persists. To disable these warnings, set -Dmaven.project.sourceRoots.warningsDisabled=true on the command line, in the .mvn/maven.config file, or in project POM properties.
2026-09-02 11:51:33,616 [Worker-37: Building] WARN  o.apache.maven.project.MavenProject - Direct modification of testCompileSourceRoots through clear() is deprecated and will not work in Maven 4.0.0. Please use the add/remove methods instead. If you're using a plugin that causes this warning, please upgrade to the latest version and report an issue if the warning persists. To disable these warnings, set -Dmaven.project.sourceRoots.warningsDisabled=true on the command line, in the .mvn/maven.config file, or in project POM properties.
2026-09-02 11:51:33,616 [Worker-37: Building] WARN  o.apache.maven.project.MavenProject - Direct modification of testCompileSourceRoots through add() is deprecated and will not work in Maven 4.0.0. Please use the add/remove methods instead. If you're using a plugin that causes this warning, please upgrade to the latest version and report an issue if the warning persists. To disable these warnings, set -Dmaven.project.sourceRoots.warningsDisabled=true on the command line, in the .mvn/maven.config file, or in project POM properties.
2026-09-02 11:51:40,637 [Worker-35: Building] INFO  o.a.m.s.f.DefaultMavenResourcesFiltering - Copying 1 resource from src\main\resources to target\classes
2026-09-02 11:51:40,655 [Worker-35: Building] INFO  o.a.m.s.f.DefaultMavenResourcesFiltering - Copying 0 resource from src\main\resources to target\classes
2026-09-02 11:51:40,658 [Worker-35: Building] INFO  o.a.m.s.f.DefaultMavenResourcesFiltering - skip non existing resourceDirectory D:\RestAPI\StudentManagement\src\test\resources
2026-09-02 11:51:40,658 [Worker-35: Building] WARN  o.apache.maven.project.MavenProject - Direct modification of compileSourceRoots through clear() is deprecated and will not work in Maven 4.0.0. Please use the add/remove methods instead. If you're using a plugin that causes this warning, please upgrade to the latest version and report an issue if the warning persists. To disable these warnings, set -Dmaven.project.sourceRoots.warningsDisabled=true on the command line, in the .mvn/maven.config file, or in project POM properties.
2026-09-02 11:51:40,659 [Worker-35: Building] WARN  o.apache.maven.project.MavenProject - Direct modification of compileSourceRoots through add() is deprecated and will not work in Maven 4.0.0. Please use the add/remove methods instead. If you're using a plugin that causes this warning, please upgrade to the latest version and report an issue if the warning persists. To disable these warnings, set -Dmaven.project.sourceRoots.warningsDisabled=true on the command line, in the .mvn/maven.config file, or in project POM properties.
2026-09-02 11:51:40,659 [Worker-35: Building] WARN  o.apache.maven.project.MavenProject - Direct modification of testCompileSourceRoots through clear() is deprecated and will not work in Maven 4.0.0. Please use the add/remove methods instead. If you're using a plugin that causes this warning, please upgrade to the latest version and report an issue if the warning persists. To disable these warnings, set -Dmaven.project.sourceRoots.warningsDisabled=true on the command line, in the .mvn/maven.config file, or in project POM properties.
2026-09-02 11:51:40,659 [Worker-35: Building] WARN  o.apache.maven.project.MavenProject - Direct modification of testCompileSourceRoots through add() is deprecated and will not work in Maven 4.0.0. Please use the add/remove methods instead. If you're using a plugin that causes this warning, please upgrade to the latest version and report an issue if the warning persists. To disable these warnings, set -Dmaven.project.sourceRoots.warningsDisabled=true on the command line, in the .mvn/maven.config file, or in project POM properties.
2026-09-02 12:09:44,711 [Worker-43: Building] INFO  o.a.m.s.f.DefaultMavenResourcesFiltering - Copying 1 resource from src\main\resources to target\classes
2026-09-02 12:09:44,721 [Worker-43: Building] INFO  o.a.m.s.f.DefaultMavenResourcesFiltering - Copying 0 resource from src\main\resources to target\classes
2026-09-02 12:09:44,726 [Worker-43: Building] INFO  o.a.m.s.f.DefaultMavenResourcesFiltering - skip non existing resourceDirectory D:\RestAPI\StudentManagement\src\test\resources
2026-09-02 12:09:44,727 [Worker-43: Building] WARN  o.apache.maven.project.MavenProject - Direct modification of compileSourceRoots through clear() is deprecated and will not work in Maven 4.0.0. Please use the add/remove methods instead. If you're using a plugin that causes this warning, please upgrade to the latest version and report an issue if the warning persists. To disable these warnings, set -Dmaven.project.sourceRoots.warningsDisabled=true on the command line, in the .mvn/maven.config file, or in project POM properties.
2026-09-02 12:09:44,728 [Worker-43: Building] WARN  o.apache.maven.project.MavenProject - Direct modification of compileSourceRoots through add() is deprecated and will not work in Maven 4.0.0. Please use the add/remove methods instead. If you're using a plugin that causes this warning, please upgrade to the latest version and report an issue if the warning persists. To disable these warnings, set -Dmaven.project.sourceRoots.warningsDisabled=true on the command line, in the .mvn/maven.config file, or in project POM properties.
2026-09-02 12:09:44,728 [Worker-43: Building] WARN  o.apache.maven.project.MavenProject - Direct modification of testCompileSourceRoots through clear() is deprecated and will not work in Maven 4.0.0. Please use the add/remove methods instead. If you're using a plugin that causes this warning, please upgrade to the latest version and report an issue if the warning persists. To disable these warnings, set -Dmaven.project.sourceRoots.warningsDisabled=true on the command line, in the .mvn/maven.config file, or in project POM properties.
2026-09-02 12:09:44,729 [Worker-43: Building] WARN  o.apache.maven.project.MavenProject - Direct modification of testCompileSourceRoots through add() is deprecated and will not work in Maven 4.0.0. Please use the add/remove methods instead. If you're using a plugin that causes this warning, please upgrade to the latest version and report an issue if the warning persists. To disable these warnings, set -Dmaven.project.sourceRoots.warningsDisabled=true on the command line, in the .mvn/maven.config file, or in project POM properties.
2026-09-02 12:16:36,733 [Worker-43: Building] INFO  o.e.m.c.i.l.LifecycleMappingFactory - Using org.eclipse.m2e.jdt.JarLifecycleMapping lifecycle mapping for MavenProject: com.info:StudentManagement:0.0.1-SNAPSHOT @ D:\RestAPI\StudentManagement\pom.xml.
2026-09-02 12:16:37,453 [Worker-43: Building] INFO  o.e.m.c.i.e.AbstractTransferListenerAdapter - Downloading https://repo.maven.apache.org/maven2/org/springframework/boot/spring-boot-starter-web/3.5.6/spring-boot-starter-web-3.5.6.pom
2026-09-02 12:16:37,496 [Worker-43: Building] INFO  o.e.m.c.i.e.AbstractTransferListenerAdapter - Downloaded https://repo.maven.apache.org/maven2/org/springframework/boot/spring-boot-starter-web/3.5.6/spring-boot-starter-web-3.5.6.pom
2026-09-02 12:16:37,555 [Worker-43: Building] INFO  o.e.m.c.i.e.AbstractTransferListenerAdapter - Downloading https://repo.maven.apache.org/maven2/org/springframework/boot/spring-boot-starter-json/3.5.6/spring-boot-starter-json-3.5.6.pom
2026-09-02 12:16:37,591 [Worker-43: Building] INFO  o.e.m.c.i.e.AbstractTransferListenerAdapter - Downloaded https://repo.maven.apache.org/maven2/org/springframework/boot/spring-boot-starter-json/3.5.6/spring-boot-starter-json-3.5.6.pom
2026-09-02 12:16:37,643 [Worker-43: Building] INFO  o.e.m.c.i.e.AbstractTransferListenerAdapter - Downloading https://repo.maven.apache.org/maven2/org/springframework/spring-web/6.2.11/spring-web-6.2.11.pom
2026-09-02 12:16:37,673 [Worker-43: Building] INFO  o.e.m.c.i.e.AbstractTransferListenerAdapter - Downloaded https://repo.maven.apache.org/maven2/org/springframework/spring-web/6.2.11/spring-web-6.2.11.pom
2026-09-02 12:16:37,734 [Worker-43: Building] INFO  o.e.m.c.i.e.AbstractTransferListenerAdapter - Downloading https://repo.maven.apache.org/maven2/com/fasterxml/jackson/core/jackson-databind/2.19.2/jackson-databind-2.19.2.pom
2026-09-02 12:16:37,776 [Worker-43: Building] INFO  o.e.m.c.i.e.AbstractTransferListenerAdapter - Downloaded https://repo.maven.apache.org/maven2/com/fasterxml/jackson/core/jackson-databind/2.19.2/jackson-databind-2.19.2.pom
2026-09-02 12:16:37,838 [Worker-43: Building] INFO  o.e.m.c.i.e.AbstractTransferListenerAdapter - Downloading https://repo.maven.apache.org/maven2/com/fasterxml/jackson/jackson-base/2.19.2/jackson-base-2.19.2.pom
2026-09-02 12:16:37,879 [Worker-43: Building] INFO  o.e.m.c.i.e.AbstractTransferListenerAdapter - Downloaded https://repo.maven.apache.org/maven2/com/fasterxml/jackson/jackson-base/2.19.2/jackson-base-2.19.2.pom
2026-09-02 12:16:37,947 [Worker-43: Building] INFO  o.e.m.c.i.e.AbstractTransferListenerAdapter - Downloading https://repo.maven.apache.org/maven2/com/fasterxml/jackson/core/jackson-annotations/2.19.2/jackson-annotations-2.19.2.pom
2026-09-02 12:16:37,978 [Worker-43: Building] INFO  o.e.m.c.i.e.AbstractTransferListenerAdapter - Downloaded https://repo.maven.apache.org/maven2/com/fasterxml/jackson/core/jackson-annotations/2.19.2/jackson-annotations-2.19.2.pom
2026-09-02 12:16:38,029 [Worker-43: Building] INFO  o.e.m.c.i.e.AbstractTransferListenerAdapter - Downloading https://repo.maven.apache.org/maven2/com/fasterxml/jackson/core/jackson-core/2.19.2/jackson-core-2.19.2.pom
2026-09-02 12:16:38,092 [Worker-43: Building] INFO  o.e.m.c.i.e.AbstractTransferListenerAdapter - Downloaded https://repo.maven.apache.org/maven2/com/fasterxml/jackson/core/jackson-core/2.19.2/jackson-core-2.19.2.pom
2026-09-02 12:16:38,150 [Worker-43: Building] INFO  o.e.m.c.i.e.AbstractTransferListenerAdapter - Downloading https://repo.maven.apache.org/maven2/com/fasterxml/jackson/datatype/jackson-datatype-jdk8/2.19.2/jackson-datatype-jdk8-2.19.2.pom
2026-09-02 12:16:38,178 [Worker-43: Building] INFO  o.e.m.c.i.e.AbstractTransferListenerAdapter - Downloaded https://repo.maven.apache.org/maven2/com/fasterxml/jackson/datatype/jackson-datatype-jdk8/2.19.2/jackson-datatype-jdk8-2.19.2.pom
2026-09-02 12:16:38,226 [Worker-43: Building] INFO  o.e.m.c.i.e.AbstractTransferListenerAdapter - Downloading https://repo.maven.apache.org/maven2/com/fasterxml/jackson/module/jackson-modules-java8/2.19.2/jackson-modules-java8-2.19.2.pom
2026-09-02 12:16:38,256 [Worker-43: Building] INFO  o.e.m.c.i.e.AbstractTransferListenerAdapter - Downloaded https://repo.maven.apache.org/maven2/com/fasterxml/jackson/module/jackson-modules-java8/2.19.2/jackson-modules-java8-2.19.2.pom
2026-09-02 12:16:38,302 [Worker-43: Building] INFO  o.e.m.c.i.e.AbstractTransferListenerAdapter - Downloading https://repo.maven.apache.org/maven2/com/fasterxml/jackson/datatype/jackson-datatype-jsr310/2.19.2/jackson-datatype-jsr310-2.19.2.pom
2026-09-02 12:16:38,328 [Worker-43: Building] INFO  o.e.m.c.i.e.AbstractTransferListenerAdapter - Downloaded https://repo.maven.apache.org/maven2/com/fasterxml/jackson/datatype/jackson-datatype-jsr310/2.19.2/jackson-datatype-jsr310-2.19.2.pom
2026-09-02 12:16:38,376 [Worker-43: Building] INFO  o.e.m.c.i.e.AbstractTransferListenerAdapter - Downloading https://repo.maven.apache.org/maven2/com/fasterxml/jackson/module/jackson-module-parameter-names/2.19.2/jackson-module-parameter-names-2.19.2.pom
2026-09-02 12:16:38,404 [Worker-43: Building] INFO  o.e.m.c.i.e.AbstractTransferListenerAdapter - Downloaded https://repo.maven.apache.org/maven2/com/fasterxml/jackson/module/jackson-module-parameter-names/2.19.2/jackson-module-parameter-names-2.19.2.pom
2026-09-02 12:16:38,455 [Worker-43: Building] INFO  o.e.m.c.i.e.AbstractTransferListenerAdapter - Downloading https://repo.maven.apache.org/maven2/org/springframework/boot/spring-boot-starter-tomcat/3.5.6/spring-boot-starter-tomcat-3.5.6.pom
2026-09-02 12:16:38,485 [Worker-43: Building] INFO  o.e.m.c.i.e.AbstractTransferListenerAdapter - Downloaded https://repo.maven.apache.org/maven2/org/springframework/boot/spring-boot-starter-tomcat/3.5.6/spring-boot-starter-tomcat-3.5.6.pom
2026-09-02 12:16:38,531 [Worker-43: Building] INFO  o.e.m.c.i.e.AbstractTransferListenerAdapter - Downloading https://repo.maven.apache.org/maven2/org/apache/tomcat/embed/tomcat-embed-core/10.1.46/tomcat-embed-core-10.1.46.pom
2026-09-02 12:16:38,559 [Worker-43: Building] INFO  o.e.m.c.i.e.AbstractTransferListenerAdapter - Downloaded https://repo.maven.apache.org/maven2/org/apache/tomcat/embed/tomcat-embed-core/10.1.46/tomcat-embed-core-10.1.46.pom
2026-09-02 12:16:38,605 [Worker-43: Building] INFO  o.e.m.c.i.e.AbstractTransferListenerAdapter - Downloading https://repo.maven.apache.org/maven2/org/apache/tomcat/embed/tomcat-embed-el/10.1.46/tomcat-embed-el-10.1.46.pom
2026-09-02 12:16:38,639 [Worker-43: Building] INFO  o.e.m.c.i.e.AbstractTransferListenerAdapter - Downloaded https://repo.maven.apache.org/maven2/org/apache/tomcat/embed/tomcat-embed-el/10.1.46/tomcat-embed-el-10.1.46.pom
2026-09-02 12:16:38,685 [Worker-43: Building] INFO  o.e.m.c.i.e.AbstractTransferListenerAdapter - Downloading https://repo.maven.apache.org/maven2/org/apache/tomcat/embed/tomcat-embed-websocket/10.1.46/tomcat-embed-websocket-10.1.46.pom
2026-09-02 12:16:38,709 [Worker-43: Building] INFO  o.e.m.c.i.e.AbstractTransferListenerAdapter - Downloaded https://repo.maven.apache.org/maven2/org/apache/tomcat/embed/tomcat-embed-websocket/10.1.46/tomcat-embed-websocket-10.1.46.pom
2026-09-02 12:16:38,757 [Worker-43: Building] INFO  o.e.m.c.i.e.AbstractTransferListenerAdapter - Downloading https://repo.maven.apache.org/maven2/org/springframework/spring-webmvc/6.2.11/spring-webmvc-6.2.11.pom
2026-09-02 12:16:38,785 [Worker-43: Building] INFO  o.e.m.c.i.e.AbstractTransferListenerAdapter - Downloaded https://repo.maven.apache.org/maven2/org/springframework/spring-webmvc/6.2.11/spring-webmvc-6.2.11.pom
2026-09-02 12:16:39,046 [Worker-43: Building] INFO  o.e.m.c.i.e.AbstractTransferListenerAdapter - Downloading https://repo.maven.apache.org/maven2/org/springframework/boot/spring-boot-starter-web/3.5.6/spring-boot-starter-web-3.5.6.jar
2026-09-02 12:16:39,106 [Worker-43: Building] INFO  o.e.m.c.i.e.AbstractTransferListenerAdapter - Downloaded https://repo.maven.apache.org/maven2/org/springframework/boot/spring-boot-starter-web/3.5.6/spring-boot-starter-web-3.5.6.jar
2026-09-02 12:16:39,149 [BasicRepositoryConnector-repo.maven.apache.org-2-2] INFO  o.e.m.c.i.e.AbstractTransferListenerAdapter - Downloading https://repo.maven.apache.org/maven2/com/fasterxml/jackson/core/jackson-annotations/2.19.2/jackson-annotations-2.19.2.jar
2026-09-02 12:16:39,219 [BasicRepositoryConnector-repo.maven.apache.org-2-3] INFO  o.e.m.c.i.e.AbstractTransferListenerAdapter - Downloading https://repo.maven.apache.org/maven2/com/fasterxml/jackson/core/jackson-core/2.19.2/jackson-core-2.19.2.jar
2026-09-02 12:16:39,224 [BasicRepositoryConnector-repo.maven.apache.org-2-2] INFO  o.e.m.c.i.e.AbstractTransferListenerAdapter - Downloaded https://repo.maven.apache.org/maven2/com/fasterxml/jackson/core/jackson-annotations/2.19.2/jackson-annotations-2.19.2.jar
2026-09-02 12:16:39,232 [BasicRepositoryConnector-repo.maven.apache.org-2-0] INFO  o.e.m.c.i.e.AbstractTransferListenerAdapter - Downloading https://repo.maven.apache.org/maven2/org/springframework/boot/spring-boot-starter-json/3.5.6/spring-boot-starter-json-3.5.6.jar
2026-09-02 12:16:39,233 [BasicRepositoryConnector-repo.maven.apache.org-2-4] INFO  o.e.m.c.i.e.AbstractTransferListenerAdapter - Downloading https://repo.maven.apache.org/maven2/com/fasterxml/jackson/datatype/jackson-datatype-jdk8/2.19.2/jackson-datatype-jdk8-2.19.2.jar
2026-09-02 12:16:39,242 [BasicRepositoryConnector-repo.maven.apache.org-2-1] INFO  o.e.m.c.i.e.AbstractTransferListenerAdapter - Downloading https://repo.maven.apache.org/maven2/com/fasterxml/jackson/core/jackson-databind/2.19.2/jackson-databind-2.19.2.jar
2026-09-02 12:16:39,267 [BasicRepositoryConnector-repo.maven.apache.org-2-2] INFO  o.e.m.c.i.e.AbstractTransferListenerAdapter - Downloading https://repo.maven.apache.org/maven2/com/fasterxml/jackson/datatype/jackson-datatype-jsr310/2.19.2/jackson-datatype-jsr310-2.19.2.jar
2026-09-02 12:16:39,283 [BasicRepositoryConnector-repo.maven.apache.org-2-0] INFO  o.e.m.c.i.e.AbstractTransferListenerAdapter - Downloaded https://repo.maven.apache.org/maven2/org/springframework/boot/spring-boot-starter-json/3.5.6/spring-boot-starter-json-3.5.6.jar
2026-09-02 12:16:39,324 [BasicRepositoryConnector-repo.maven.apache.org-2-2] INFO  o.e.m.c.i.e.AbstractTransferListenerAdapter - Downloaded https://repo.maven.apache.org/maven2/com/fasterxml/jackson/datatype/jackson-datatype-jsr310/2.19.2/jackson-datatype-jsr310-2.19.2.jar
2026-09-02 12:16:39,326 [BasicRepositoryConnector-repo.maven.apache.org-2-0] INFO  o.e.m.c.i.e.AbstractTransferListenerAdapter - Downloading https://repo.maven.apache.org/maven2/com/fasterxml/jackson/module/jackson-module-parameter-names/2.19.2/jackson-module-parameter-names-2.19.2.jar
2026-09-02 12:16:39,360 [BasicRepositoryConnector-repo.maven.apache.org-2-3] INFO  o.e.m.c.i.e.AbstractTransferListenerAdapter - Downloaded https://repo.maven.apache.org/maven2/com/fasterxml/jackson/core/jackson-core/2.19.2/jackson-core-2.19.2.jar
2026-09-02 12:16:39,368 [BasicRepositoryConnector-repo.maven.apache.org-2-2] INFO  o.e.m.c.i.e.AbstractTransferListenerAdapter - Downloading https://repo.maven.apache.org/maven2/org/springframework/boot/spring-boot-starter-tomcat/3.5.6/spring-boot-starter-tomcat-3.5.6.jar
2026-09-02 12:16:39,403 [BasicRepositoryConnector-repo.maven.apache.org-2-3] INFO  o.e.m.c.i.e.AbstractTransferListenerAdapter - Downloading https://repo.maven.apache.org/maven2/org/apache/tomcat/embed/tomcat-embed-core/10.1.46/tomcat-embed-core-10.1.46.jar
2026-09-02 12:16:39,424 [BasicRepositoryConnector-repo.maven.apache.org-2-2] INFO  o.e.m.c.i.e.AbstractTransferListenerAdapter - Downloaded https://repo.maven.apache.org/maven2/org/springframework/boot/spring-boot-starter-tomcat/3.5.6/spring-boot-starter-tomcat-3.5.6.jar
2026-09-02 12:16:39,471 [BasicRepositoryConnector-repo.maven.apache.org-2-2] INFO  o.e.m.c.i.e.AbstractTransferListenerAdapter - Downloading https://repo.maven.apache.org/maven2/org/apache/tomcat/embed/tomcat-embed-el/10.1.46/tomcat-embed-el-10.1.46.jar
2026-09-02 12:16:39,473 [BasicRepositoryConnector-repo.maven.apache.org-2-1] INFO  o.e.m.c.i.e.AbstractTransferListenerAdapter - Downloaded https://repo.maven.apache.org/maven2/com/fasterxml/jackson/core/jackson-databind/2.19.2/jackson-databind-2.19.2.jar
2026-09-02 12:16:39,523 [BasicRepositoryConnector-repo.maven.apache.org-2-1] INFO  o.e.m.c.i.e.AbstractTransferListenerAdapter - Downloading https://repo.maven.apache.org/maven2/org/apache/tomcat/embed/tomcat-embed-websocket/10.1.46/tomcat-embed-websocket-10.1.46.jar
2026-09-02 12:16:39,587 [BasicRepositoryConnector-repo.maven.apache.org-2-0] INFO  o.e.m.c.i.e.AbstractTransferListenerAdapter - Downloaded https://repo.maven.apache.org/maven2/com/fasterxml/jackson/module/jackson-module-parameter-names/2.19.2/jackson-module-parameter-names-2.19.2.jar
2026-09-02 12:16:39,601 [BasicRepositoryConnector-repo.maven.apache.org-2-2] INFO  o.e.m.c.i.e.AbstractTransferListenerAdapter - Downloaded https://repo.maven.apache.org/maven2/org/apache/tomcat/embed/tomcat-embed-el/10.1.46/tomcat-embed-el-10.1.46.jar
2026-09-02 12:16:39,665 [BasicRepositoryConnector-repo.maven.apache.org-2-0] INFO  o.e.m.c.i.e.AbstractTransferListenerAdapter - Downloading https://repo.maven.apache.org/maven2/org/springframework/spring-web/6.2.11/spring-web-6.2.11.jar
2026-09-02 12:16:39,668 [BasicRepositoryConnector-repo.maven.apache.org-2-2] INFO  o.e.m.c.i.e.AbstractTransferListenerAdapter - Downloading https://repo.maven.apache.org/maven2/org/springframework/spring-webmvc/6.2.11/spring-webmvc-6.2.11.jar
2026-09-02 12:16:39,776 [BasicRepositoryConnector-repo.maven.apache.org-2-4] INFO  o.e.m.c.i.e.AbstractTransferListenerAdapter - Downloaded https://repo.maven.apache.org/maven2/com/fasterxml/jackson/datatype/jackson-datatype-jdk8/2.19.2/jackson-datatype-jdk8-2.19.2.jar
2026-09-02 12:16:40,351 [BasicRepositoryConnector-repo.maven.apache.org-2-3] INFO  o.e.m.c.i.e.AbstractTransferListenerAdapter - Downloaded https://repo.maven.apache.org/maven2/org/apache/tomcat/embed/tomcat-embed-core/10.1.46/tomcat-embed-core-10.1.46.jar
2026-09-02 12:16:40,619 [BasicRepositoryConnector-repo.maven.apache.org-2-2] INFO  o.e.m.c.i.e.AbstractTransferListenerAdapter - Downloaded https://repo.maven.apache.org/maven2/org/springframework/spring-webmvc/6.2.11/spring-webmvc-6.2.11.jar
2026-09-02 12:16:40,708 [BasicRepositoryConnector-repo.maven.apache.org-2-1] INFO  o.e.m.c.i.e.AbstractTransferListenerAdapter - Downloaded https://repo.maven.apache.org/maven2/org/apache/tomcat/embed/tomcat-embed-websocket/10.1.46/tomcat-embed-websocket-10.1.46.jar
2026-09-02 12:16:41,588 [BasicRepositoryConnector-repo.maven.apache.org-2-0] INFO  o.e.m.c.i.e.AbstractTransferListenerAdapter - Downloaded https://repo.maven.apache.org/maven2/org/springframework/spring-web/6.2.11/spring-web-6.2.11.jar
2026-09-02 12:16:42,003 [Worker-43: Building] INFO  o.a.m.s.f.DefaultMavenResourcesFiltering - Copying 0 resource from src\main\resources to target\classes
2026-09-02 12:16:42,004 [Worker-43: Building] INFO  o.a.m.s.f.DefaultMavenResourcesFiltering - Copying 0 resource from src\main\resources to target\classes
2026-09-02 12:16:42,010 [Worker-43: Building] INFO  o.a.m.s.f.DefaultMavenResourcesFiltering - skip non existing resourceDirectory D:\RestAPI\StudentManagement\src\test\resources
2026-09-02 12:16:42,024 [Worker-43: Building] WARN  o.apache.maven.project.MavenProject - Direct modification of compileSourceRoots through clear() is deprecated and will not work in Maven 4.0.0. Please use the add/remove methods instead. If you're using a plugin that causes this warning, please upgrade to the latest version and report an issue if the warning persists. To disable these warnings, set -Dmaven.project.sourceRoots.warningsDisabled=true on the command line, in the .mvn/maven.config file, or in project POM properties.
2026-09-02 12:16:42,024 [Worker-43: Building] WARN  o.apache.maven.project.MavenProject - Direct modification of compileSourceRoots through add() is deprecated and will not work in Maven 4.0.0. Please use the add/remove methods instead. If you're using a plugin that causes this warning, please upgrade to the latest version and report an issue if the warning persists. To disable these warnings, set -Dmaven.project.sourceRoots.warningsDisabled=true on the command line, in the .mvn/maven.config file, or in project POM properties.
2026-09-02 12:16:42,025 [Worker-43: Building] WARN  o.apache.maven.project.MavenProject - Direct modification of testCompileSourceRoots through clear() is deprecated and will not work in Maven 4.0.0. Please use the add/remove methods instead. If you're using a plugin that causes this warning, please upgrade to the latest version and report an issue if the warning persists. To disable these warnings, set -Dmaven.project.sourceRoots.warningsDisabled=true on the command line, in the .mvn/maven.config file, or in project POM properties.
2026-09-02 12:16:42,026 [Worker-43: Building] WARN  o.apache.maven.project.MavenProject - Direct modification of testCompileSourceRoots through add() is deprecated and will not work in Maven 4.0.0. Please use the add/remove methods instead. If you're using a plugin that causes this warning, please upgrade to the latest version and report an issue if the warning persists. To disable these warnings, set -Dmaven.project.sourceRoots.warningsDisabled=true on the command line, in the .mvn/maven.config file, or in project POM properties.
2026-09-02 12:16:42,928 [Worker-49: Download sources and javadoc] INFO  o.e.m.c.i.e.AbstractTransferListenerAdapter - Downloading https://repo.maven.apache.org/maven2/org/springframework/boot/spring-boot-starter-web/3.5.6/spring-boot-starter-web-3.5.6-sources.jar
2026-09-02 12:16:43,001 [Worker-49: Download sources and javadoc] INFO  o.e.m.c.i.e.AbstractTransferListenerAdapter - Downloaded https://repo.maven.apache.org/maven2/org/springframework/boot/spring-boot-starter-web/3.5.6/spring-boot-starter-web-3.5.6-sources.jar
2026-09-02 12:16:43,007 [Worker-49: Download sources and javadoc] INFO  o.e.m.j.internal.DownloadSourcesJob - Downloaded sources for org.springframework.boot:spring-boot-starter-web:3.5.6
2026-09-02 12:16:43,210 [Worker-49: Download sources and javadoc] INFO  o.e.m.c.i.e.AbstractTransferListenerAdapter - Downloading https://repo.maven.apache.org/maven2/org/springframework/boot/spring-boot-starter-json/3.5.6/spring-boot-starter-json-3.5.6-sources.jar
2026-09-02 12:16:43,343 [Worker-49: Download sources and javadoc] INFO  o.e.m.c.i.e.AbstractTransferListenerAdapter - Downloaded https://repo.maven.apache.org/maven2/org/springframework/boot/spring-boot-starter-json/3.5.6/spring-boot-starter-json-3.5.6-sources.jar
2026-09-02 12:16:43,349 [Worker-49: Download sources and javadoc] INFO  o.e.m.j.internal.DownloadSourcesJob - Downloaded sources for org.springframework.boot:spring-boot-starter-json:3.5.6
2026-09-02 12:16:43,399 [Worker-47: Building] INFO  o.a.m.s.f.DefaultMavenResourcesFiltering - Copying 1 resource from src\main\resources to target\classes
2026-09-02 12:16:43,422 [Worker-47: Building] INFO  o.a.m.s.f.DefaultMavenResourcesFiltering - Copying 0 resource from src\main\resources to target\classes
2026-09-02 12:16:43,426 [Worker-47: Building] INFO  o.a.m.s.f.DefaultMavenResourcesFiltering - skip non existing resourceDirectory D:\RestAPI\StudentManagement\src\test\resources
2026-09-02 12:16:43,443 [Worker-47: Building] WARN  o.apache.maven.project.MavenProject - Direct modification of compileSourceRoots through clear() is deprecated and will not work in Maven 4.0.0. Please use the add/remove methods instead. If you're using a plugin that causes this warning, please upgrade to the latest version and report an issue if the warning persists. To disable these warnings, set -Dmaven.project.sourceRoots.warningsDisabled=true on the command line, in the .mvn/maven.config file, or in project POM properties.
2026-09-02 12:16:43,444 [Worker-47: Building] WARN  o.apache.maven.project.MavenProject - Direct modification of compileSourceRoots through add() is deprecated and will not work in Maven 4.0.0. Please use the add/remove methods instead. If you're using a plugin that causes this warning, please upgrade to the latest version and report an issue if the warning persists. To disable these warnings, set -Dmaven.project.sourceRoots.warningsDisabled=true on the command line, in the .mvn/maven.config file, or in project POM properties.
2026-09-02 12:16:43,445 [Worker-47: Building] WARN  o.apache.maven.project.MavenProject - Direct modification of testCompileSourceRoots through clear() is deprecated and will not work in Maven 4.0.0. Please use the add/remove methods instead. If you're using a plugin that causes this warning, please upgrade to the latest version and report an issue if the warning persists. To disable these warnings, set -Dmaven.project.sourceRoots.warningsDisabled=true on the command line, in the .mvn/maven.config file, or in project POM properties.
2026-09-02 12:16:43,445 [Worker-47: Building] WARN  o.apache.maven.project.MavenProject - Direct modification of testCompileSourceRoots through add() is deprecated and will not work in Maven 4.0.0. Please use the add/remove methods instead. If you're using a plugin that causes this warning, please upgrade to the latest version and report an issue if the warning persists. To disable these warnings, set -Dmaven.project.sourceRoots.warningsDisabled=true on the command line, in the .mvn/maven.config file, or in project POM properties.
2026-09-02 12:16:43,470 [Worker-49: Download sources and javadoc] INFO  o.e.m.c.i.e.AbstractTransferListenerAdapter - Downloading https://repo.maven.apache.org/maven2/com/fasterxml/jackson/core/jackson-databind/2.19.2/jackson-databind-2.19.2-sources.jar
2026-09-02 12:16:43,666 [Worker-49: Download sources and javadoc] INFO  o.e.m.c.i.e.AbstractTransferListenerAdapter - Downloaded https://repo.maven.apache.org/maven2/com/fasterxml/jackson/core/jackson-databind/2.19.2/jackson-databind-2.19.2-sources.jar
2026-09-02 12:16:43,672 [Worker-49: Download sources and javadoc] INFO  o.e.m.j.internal.DownloadSourcesJob - Downloaded sources for com.fasterxml.jackson.core:jackson-databind:2.19.2
2026-09-02 12:16:43,785 [Worker-49: Download sources and javadoc] INFO  o.e.m.c.i.e.AbstractTransferListenerAdapter - Downloading https://repo.maven.apache.org/maven2/com/fasterxml/jackson/core/jackson-annotations/2.19.2/jackson-annotations-2.19.2-sources.jar
2026-09-02 12:16:43,862 [Worker-49: Download sources and javadoc] INFO  o.e.m.c.i.e.AbstractTransferListenerAdapter - Downloaded https://repo.maven.apache.org/maven2/com/fasterxml/jackson/core/jackson-annotations/2.19.2/jackson-annotations-2.19.2-sources.jar
2026-09-02 12:16:43,868 [Worker-49: Download sources and javadoc] INFO  o.e.m.j.internal.DownloadSourcesJob - Downloaded sources for com.fasterxml.jackson.core:jackson-annotations:2.19.2
2026-09-02 12:16:44,000 [Worker-49: Download sources and javadoc] INFO  o.e.m.c.i.e.AbstractTransferListenerAdapter - Downloading https://repo.maven.apache.org/maven2/com/fasterxml/jackson/core/jackson-core/2.19.2/jackson-core-2.19.2-sources.jar
2026-09-02 12:16:44,582 [Worker-49: Download sources and javadoc] INFO  o.e.m.c.i.e.AbstractTransferListenerAdapter - Downloaded https://repo.maven.apache.org/maven2/com/fasterxml/jackson/core/jackson-core/2.19.2/jackson-core-2.19.2-sources.jar
2026-09-02 12:16:44,589 [Worker-49: Download sources and javadoc] INFO  o.e.m.j.internal.DownloadSourcesJob - Downloaded sources for com.fasterxml.jackson.core:jackson-core:2.19.2
2026-09-02 12:16:44,706 [Worker-49: Download sources and javadoc] INFO  o.e.m.c.i.e.AbstractTransferListenerAdapter - Downloading https://repo.maven.apache.org/maven2/com/fasterxml/jackson/datatype/jackson-datatype-jdk8/2.19.2/jackson-datatype-jdk8-2.19.2-sources.jar
2026-09-02 12:16:45,190 [Worker-49: Download sources and javadoc] INFO  o.e.m.c.i.e.AbstractTransferListenerAdapter - Downloaded https://repo.maven.apache.org/maven2/com/fasterxml/jackson/datatype/jackson-datatype-jdk8/2.19.2/jackson-datatype-jdk8-2.19.2-sources.jar
2026-09-02 12:16:45,194 [Worker-49: Download sources and javadoc] INFO  o.e.m.j.internal.DownloadSourcesJob - Downloaded sources for com.fasterxml.jackson.datatype:jackson-datatype-jdk8:2.19.2
2026-09-02 12:16:45,309 [Worker-49: Download sources and javadoc] INFO  o.e.m.c.i.e.AbstractTransferListenerAdapter - Downloading https://repo.maven.apache.org/maven2/com/fasterxml/jackson/datatype/jackson-datatype-jsr310/2.19.2/jackson-datatype-jsr310-2.19.2-sources.jar
2026-09-02 12:16:45,361 [Worker-49: Download sources and javadoc] INFO  o.e.m.c.i.e.AbstractTransferListenerAdapter - Downloaded https://repo.maven.apache.org/maven2/com/fasterxml/jackson/datatype/jackson-datatype-jsr310/2.19.2/jackson-datatype-jsr310-2.19.2-sources.jar
2026-09-02 12:16:45,366 [Worker-49: Download sources and javadoc] INFO  o.e.m.j.internal.DownloadSourcesJob - Downloaded sources for com.fasterxml.jackson.datatype:jackson-datatype-jsr310:2.19.2
2026-09-02 12:16:45,485 [Worker-49: Download sources and javadoc] INFO  o.e.m.c.i.e.AbstractTransferListenerAdapter - Downloading https://repo.maven.apache.org/maven2/com/fasterxml/jackson/module/jackson-module-parameter-names/2.19.2/jackson-module-parameter-names-2.19.2-sources.jar
2026-09-02 12:16:45,575 [Worker-49: Download sources and javadoc] INFO  o.e.m.c.i.e.AbstractTransferListenerAdapter - Downloaded https://repo.maven.apache.org/maven2/com/fasterxml/jackson/module/jackson-module-parameter-names/2.19.2/jackson-module-parameter-names-2.19.2-sources.jar
2026-09-02 12:16:45,578 [Worker-49: Download sources and javadoc] INFO  o.e.m.j.internal.DownloadSourcesJob - Downloaded sources for com.fasterxml.jackson.module:jackson-module-parameter-names:2.19.2
2026-09-02 12:16:45,685 [Worker-49: Download sources and javadoc] INFO  o.e.m.c.i.e.AbstractTransferListenerAdapter - Downloading https://repo.maven.apache.org/maven2/org/springframework/boot/spring-boot-starter-tomcat/3.5.6/spring-boot-starter-tomcat-3.5.6-sources.jar
2026-09-02 12:16:45,723 [Worker-49: Download sources and javadoc] INFO  o.e.m.c.i.e.AbstractTransferListenerAdapter - Downloaded https://repo.maven.apache.org/maven2/org/springframework/boot/spring-boot-starter-tomcat/3.5.6/spring-boot-starter-tomcat-3.5.6-sources.jar
2026-09-02 12:16:45,726 [Worker-49: Download sources and javadoc] INFO  o.e.m.j.internal.DownloadSourcesJob - Downloaded sources for org.springframework.boot:spring-boot-starter-tomcat:3.5.6
2026-09-02 12:16:45,848 [Worker-49: Download sources and javadoc] INFO  o.e.m.c.i.e.AbstractTransferListenerAdapter - Downloading https://repo.maven.apache.org/maven2/org/apache/tomcat/embed/tomcat-embed-core/10.1.46/tomcat-embed-core-10.1.46-sources.jar
2026-09-02 12:16:46,106 [Worker-49: Download sources and javadoc] INFO  o.e.m.c.i.e.AbstractTransferListenerAdapter - Downloaded https://repo.maven.apache.org/maven2/org/apache/tomcat/embed/tomcat-embed-core/10.1.46/tomcat-embed-core-10.1.46-sources.jar
2026-09-02 12:16:46,109 [Worker-49: Download sources and javadoc] INFO  o.e.m.j.internal.DownloadSourcesJob - Downloaded sources for org.apache.tomcat.embed:tomcat-embed-core:10.1.46
2026-09-02 12:16:46,233 [Worker-49: Download sources and javadoc] INFO  o.e.m.c.i.e.AbstractTransferListenerAdapter - Downloading https://repo.maven.apache.org/maven2/org/apache/tomcat/embed/tomcat-embed-el/10.1.46/tomcat-embed-el-10.1.46-sources.jar
2026-09-02 12:16:46,322 [Worker-49: Download sources and javadoc] INFO  o.e.m.c.i.e.AbstractTransferListenerAdapter - Downloaded https://repo.maven.apache.org/maven2/org/apache/tomcat/embed/tomcat-embed-el/10.1.46/tomcat-embed-el-10.1.46-sources.jar
2026-09-02 12:16:46,325 [Worker-49: Download sources and javadoc] INFO  o.e.m.j.internal.DownloadSourcesJob - Downloaded sources for org.apache.tomcat.embed:tomcat-embed-el:10.1.46
2026-09-02 12:16:46,437 [Worker-49: Download sources and javadoc] INFO  o.e.m.c.i.e.AbstractTransferListenerAdapter - Downloading https://repo.maven.apache.org/maven2/org/apache/tomcat/embed/tomcat-embed-websocket/10.1.46/tomcat-embed-websocket-10.1.46-sources.jar
2026-09-02 12:16:46,516 [Worker-49: Download sources and javadoc] INFO  o.e.m.c.i.e.AbstractTransferListenerAdapter - Downloaded https://repo.maven.apache.org/maven2/org/apache/tomcat/embed/tomcat-embed-websocket/10.1.46/tomcat-embed-websocket-10.1.46-sources.jar
2026-09-02 12:16:46,520 [Worker-49: Download sources and javadoc] INFO  o.e.m.j.internal.DownloadSourcesJob - Downloaded sources for org.apache.tomcat.embed:tomcat-embed-websocket:10.1.46
2026-09-02 12:16:46,645 [Worker-49: Download sources and javadoc] INFO  o.e.m.c.i.e.AbstractTransferListenerAdapter - Downloading https://repo.maven.apache.org/maven2/org/springframework/spring-web/6.2.11/spring-web-6.2.11-sources.jar
2026-09-02 12:16:46,832 [Worker-49: Download sources and javadoc] INFO  o.e.m.c.i.e.AbstractTransferListenerAdapter - Downloaded https://repo.maven.apache.org/maven2/org/springframework/spring-web/6.2.11/spring-web-6.2.11-sources.jar
2026-09-02 12:16:46,836 [Worker-49: Download sources and javadoc] INFO  o.e.m.j.internal.DownloadSourcesJob - Downloaded sources for org.springframework:spring-web:6.2.11
2026-09-02 12:16:46,988 [Worker-49: Download sources and javadoc] INFO  o.e.m.c.i.e.AbstractTransferListenerAdapter - Downloading https://repo.maven.apache.org/maven2/org/springframework/spring-webmvc/6.2.11/spring-webmvc-6.2.11-sources.jar
2026-09-02 12:16:47,165 [Worker-49: Download sources and javadoc] INFO  o.e.m.c.i.e.AbstractTransferListenerAdapter - Downloaded https://repo.maven.apache.org/maven2/org/springframework/spring-webmvc/6.2.11/spring-webmvc-6.2.11-sources.jar
2026-09-02 12:16:47,169 [Worker-49: Download sources and javadoc] INFO  o.e.m.j.internal.DownloadSourcesJob - Downloaded sources for org.springframework:spring-webmvc:6.2.11
2026-09-02 12:19:37,933 [Worker-43: Building] INFO  o.a.m.s.f.DefaultMavenResourcesFiltering - Copying 1 resource from src\main\resources to target\classes
2026-09-02 12:19:37,940 [Worker-43: Building] INFO  o.a.m.s.f.DefaultMavenResourcesFiltering - Copying 0 resource from src\main\resources to target\classes
2026-09-02 12:19:37,942 [Worker-43: Building] INFO  o.a.m.s.f.DefaultMavenResourcesFiltering - skip non existing resourceDirectory D:\RestAPI\StudentManagement\src\test\resources
2026-09-02 12:19:37,942 [Worker-43: Building] WARN  o.apache.maven.project.MavenProject - Direct modification of compileSourceRoots through clear() is deprecated and will not work in Maven 4.0.0. Please use the add/remove methods instead. If you're using a plugin that causes this warning, please upgrade to the latest version and report an issue if the warning persists. To disable these warnings, set -Dmaven.project.sourceRoots.warningsDisabled=true on the command line, in the .mvn/maven.config file, or in project POM properties.
2026-09-02 12:19:37,943 [Worker-43: Building] WARN  o.apache.maven.project.MavenProject - Direct modification of compileSourceRoots through add() is deprecated and will not work in Maven 4.0.0. Please use the add/remove methods instead. If you're using a plugin that causes this warning, please upgrade to the latest version and report an issue if the warning persists. To disable these warnings, set -Dmaven.project.sourceRoots.warningsDisabled=true on the command line, in the .mvn/maven.config file, or in project POM properties.
2026-09-02 12:19:37,943 [Worker-43: Building] WARN  o.apache.maven.project.MavenProject - Direct modification of testCompileSourceRoots through clear() is deprecated and will not work in Maven 4.0.0. Please use the add/remove methods instead. If you're using a plugin that causes this warning, please upgrade to the latest version and report an issue if the warning persists. To disable these warnings, set -Dmaven.project.sourceRoots.warningsDisabled=true on the command line, in the .mvn/maven.config file, or in project POM properties.
2026-09-02 12:19:37,943 [Worker-43: Building] WARN  o.apache.maven.project.MavenProject - Direct modification of testCompileSourceRoots through add() is deprecated and will not work in Maven 4.0.0. Please use the add/remove methods instead. If you're using a plugin that causes this warning, please upgrade to the latest version and report an issue if the warning persists. To disable these warnings, set -Dmaven.project.sourceRoots.warningsDisabled=true on the command line, in the .mvn/maven.config file, or in project POM properties.
2026-09-02 12:34:52,049 [Worker-48: Building] INFO  o.a.m.s.f.DefaultMavenResourcesFiltering - Copying 1 resource from src\main\resources to target\classes
2026-09-02 12:34:52,053 [Worker-48: Building] INFO  o.a.m.s.f.DefaultMavenResourcesFiltering - Copying 0 resource from src\main\resources to target\classes
2026-09-02 12:34:52,055 [Worker-48: Building] INFO  o.a.m.s.f.DefaultMavenResourcesFiltering - skip non existing resourceDirectory D:\RestAPI\StudentManagement\src\test\resources
2026-09-02 12:34:52,056 [Worker-48: Building] WARN  o.apache.maven.project.MavenProject - Direct modification of compileSourceRoots through clear() is deprecated and will not work in Maven 4.0.0. Please use the add/remove methods instead. If you're using a plugin that causes this warning, please upgrade to the latest version and report an issue if the warning persists. To disable these warnings, set -Dmaven.project.sourceRoots.warningsDisabled=true on the command line, in the .mvn/maven.config file, or in project POM properties.
2026-09-02 12:34:52,056 [Worker-48: Building] WARN  o.apache.maven.project.MavenProject - Direct modification of compileSourceRoots through add() is deprecated and will not work in Maven 4.0.0. Please use the add/remove methods instead. If you're using a plugin that causes this warning, please upgrade to the latest version and report an issue if the warning persists. To disable these warnings, set -Dmaven.project.sourceRoots.warningsDisabled=true on the command line, in the .mvn/maven.config file, or in project POM properties.
2026-09-02 12:34:52,056 [Worker-48: Building] WARN  o.apache.maven.project.MavenProject - Direct modification of testCompileSourceRoots through clear() is deprecated and will not work in Maven 4.0.0. Please use the add/remove methods instead. If you're using a plugin that causes this warning, please upgrade to the latest version and report an issue if the warning persists. To disable these warnings, set -Dmaven.project.sourceRoots.warningsDisabled=true on the command line, in the .mvn/maven.config file, or in project POM properties.
2026-09-02 12:34:52,056 [Worker-48: Building] WARN  o.apache.maven.project.MavenProject - Direct modification of testCompileSourceRoots through add() is deprecated and will not work in Maven 4.0.0. Please use the add/remove methods instead. If you're using a plugin that causes this warning, please upgrade to the latest version and report an issue if the warning persists. To disable these warnings, set -Dmaven.project.sourceRoots.warningsDisabled=true on the command line, in the .mvn/maven.config file, or in project POM properties.
2026-09-02 12:35:59,179 [Worker-53: Building] INFO  o.a.m.s.f.DefaultMavenResourcesFiltering - Copying 1 resource from src\main\resources to target\classes
2026-09-02 12:35:59,183 [Worker-53: Building] INFO  o.a.m.s.f.DefaultMavenResourcesFiltering - Copying 0 resource from src\main\resources to target\classes
2026-09-02 12:35:59,186 [Worker-53: Building] INFO  o.a.m.s.f.DefaultMavenResourcesFiltering - skip non existing resourceDirectory D:\RestAPI\StudentManagement\src\test\resources
2026-09-02 12:35:59,187 [Worker-53: Building] WARN  o.apache.maven.project.MavenProject - Direct modification of compileSourceRoots through clear() is deprecated and will not work in Maven 4.0.0. Please use the add/remove methods instead. If you're using a plugin that causes this warning, please upgrade to the latest version and report an issue if the warning persists. To disable these warnings, set -Dmaven.project.sourceRoots.warningsDisabled=true on the command line, in the .mvn/maven.config file, or in project POM properties.
2026-09-02 12:35:59,187 [Worker-53: Building] WARN  o.apache.maven.project.MavenProject - Direct modification of compileSourceRoots through add() is deprecated and will not work in Maven 4.0.0. Please use the add/remove methods instead. If you're using a plugin that causes this warning, please upgrade to the latest version and report an issue if the warning persists. To disable these warnings, set -Dmaven.project.sourceRoots.warningsDisabled=true on the command line, in the .mvn/maven.config file, or in project POM properties.
2026-09-02 12:35:59,187 [Worker-53: Building] WARN  o.apache.maven.project.MavenProject - Direct modification of testCompileSourceRoots through clear() is deprecated and will not work in Maven 4.0.0. Please use the add/remove methods instead. If you're using a plugin that causes this warning, please upgrade to the latest version and report an issue if the warning persists. To disable these warnings, set -Dmaven.project.sourceRoots.warningsDisabled=true on the command line, in the .mvn/maven.config file, or in project POM properties.
2026-09-02 12:35:59,187 [Worker-53: Building] WARN  o.apache.maven.project.MavenProject - Direct modification of testCompileSourceRoots through add() is deprecated and will not work in Maven 4.0.0. Please use the add/remove methods instead. If you're using a plugin that causes this warning, please upgrade to the latest version and report an issue if the warning persists. To disable these warnings, set -Dmaven.project.sourceRoots.warningsDisabled=true on the command line, in the .mvn/maven.config file, or in project POM properties.
2026-09-02 12:52:07,697 [Worker-53: Building] INFO  o.e.m.c.i.l.LifecycleMappingFactory - Using org.eclipse.m2e.jdt.JarLifecycleMapping lifecycle mapping for MavenProject: com.info:StudentManagement:0.0.1-SNAPSHOT @ D:\RestAPI\StudentManagement\pom.xml.
2026-09-02 12:52:08,017 [Worker-53: Building] INFO  o.e.m.c.i.e.AbstractTransferListenerAdapter - Downloading https://repo.maven.apache.org/maven2/org/springframework/boot/spring-boot-starter-security/3.5.6/spring-boot-starter-security-3.5.6.pom
2026-09-02 12:52:08,055 [Worker-53: Building] INFO  o.e.m.c.i.e.AbstractTransferListenerAdapter - Downloaded https://repo.maven.apache.org/maven2/org/springframework/boot/spring-boot-starter-security/3.5.6/spring-boot-starter-security-3.5.6.pom
2026-09-02 12:52:08,234 [Worker-53: Building] INFO  o.e.m.c.i.e.AbstractTransferListenerAdapter - Downloading https://repo.maven.apache.org/maven2/org/springframework/security/spring-security-config/6.5.5/spring-security-config-6.5.5.pom
2026-09-02 12:52:08,278 [Worker-53: Building] INFO  o.e.m.c.i.e.AbstractTransferListenerAdapter - Downloaded https://repo.maven.apache.org/maven2/org/springframework/security/spring-security-config/6.5.5/spring-security-config-6.5.5.pom
2026-09-02 12:52:08,327 [Worker-53: Building] INFO  o.e.m.c.i.e.AbstractTransferListenerAdapter - Downloading https://repo.maven.apache.org/maven2/org/springframework/security/spring-security-core/6.5.5/spring-security-core-6.5.5.pom
2026-09-02 12:52:08,374 [Worker-53: Building] INFO  o.e.m.c.i.e.AbstractTransferListenerAdapter - Downloaded https://repo.maven.apache.org/maven2/org/springframework/security/spring-security-core/6.5.5/spring-security-core-6.5.5.pom
2026-09-02 12:52:08,422 [Worker-53: Building] INFO  o.e.m.c.i.e.AbstractTransferListenerAdapter - Downloading https://repo.maven.apache.org/maven2/org/springframework/security/spring-security-crypto/6.5.5/spring-security-crypto-6.5.5.pom
2026-09-02 12:52:08,457 [Worker-53: Building] INFO  o.e.m.c.i.e.AbstractTransferListenerAdapter - Downloaded https://repo.maven.apache.org/maven2/org/springframework/security/spring-security-crypto/6.5.5/spring-security-crypto-6.5.5.pom
2026-09-02 12:52:08,506 [Worker-53: Building] INFO  o.e.m.c.i.e.AbstractTransferListenerAdapter - Downloading https://repo.maven.apache.org/maven2/org/springframework/security/spring-security-web/6.5.5/spring-security-web-6.5.5.pom
2026-09-02 12:52:08,543 [Worker-53: Building] INFO  o.e.m.c.i.e.AbstractTransferListenerAdapter - Downloaded https://repo.maven.apache.org/maven2/org/springframework/security/spring-security-web/6.5.5/spring-security-web-6.5.5.pom
2026-09-02 12:52:09,088 [Worker-53: Building] INFO  o.e.m.c.i.e.AbstractTransferListenerAdapter - Downloading https://repo.maven.apache.org/maven2/org/springframework/boot/spring-boot-starter-security/3.5.6/spring-boot-starter-security-3.5.6.jar
2026-09-02 12:52:09,134 [Worker-53: Building] INFO  o.e.m.c.i.e.AbstractTransferListenerAdapter - Downloaded https://repo.maven.apache.org/maven2/org/springframework/boot/spring-boot-starter-security/3.5.6/spring-boot-starter-security-3.5.6.jar
2026-09-02 12:52:09,180 [BasicRepositoryConnector-repo.maven.apache.org-3-0] INFO  o.e.m.c.i.e.AbstractTransferListenerAdapter - Downloading https://repo.maven.apache.org/maven2/org/springframework/security/spring-security-config/6.5.5/spring-security-config-6.5.5.jar
2026-09-02 12:52:09,267 [BasicRepositoryConnector-repo.maven.apache.org-3-3] INFO  o.e.m.c.i.e.AbstractTransferListenerAdapter - Downloading https://repo.maven.apache.org/maven2/org/springframework/security/spring-security-web/6.5.5/spring-security-web-6.5.5.jar
2026-09-02 12:52:09,269 [BasicRepositoryConnector-repo.maven.apache.org-3-1] INFO  o.e.m.c.i.e.AbstractTransferListenerAdapter - Downloading https://repo.maven.apache.org/maven2/org/springframework/security/spring-security-core/6.5.5/spring-security-core-6.5.5.jar
2026-09-02 12:52:09,299 [BasicRepositoryConnector-repo.maven.apache.org-3-2] INFO  o.e.m.c.i.e.AbstractTransferListenerAdapter - Downloading https://repo.maven.apache.org/maven2/org/springframework/security/spring-security-crypto/6.5.5/spring-security-crypto-6.5.5.jar
2026-09-02 12:52:09,380 [BasicRepositoryConnector-repo.maven.apache.org-3-2] INFO  o.e.m.c.i.e.AbstractTransferListenerAdapter - Downloaded https://repo.maven.apache.org/maven2/org/springframework/security/spring-security-crypto/6.5.5/spring-security-crypto-6.5.5.jar
2026-09-02 12:52:09,397 [BasicRepositoryConnector-repo.maven.apache.org-3-0] INFO  o.e.m.c.i.e.AbstractTransferListenerAdapter - Downloaded https://repo.maven.apache.org/maven2/org/springframework/security/spring-security-config/6.5.5/spring-security-config-6.5.5.jar
2026-09-02 12:52:09,477 [BasicRepositoryConnector-repo.maven.apache.org-3-1] INFO  o.e.m.c.i.e.AbstractTransferListenerAdapter - Downloaded https://repo.maven.apache.org/maven2/org/springframework/security/spring-security-core/6.5.5/spring-security-core-6.5.5.jar
2026-09-02 12:52:09,479 [BasicRepositoryConnector-repo.maven.apache.org-3-3] INFO  o.e.m.c.i.e.AbstractTransferListenerAdapter - Downloaded https://repo.maven.apache.org/maven2/org/springframework/security/spring-security-web/6.5.5/spring-security-web-6.5.5.jar
2026-09-02 12:52:09,930 [Worker-53: Building] INFO  o.a.m.s.f.DefaultMavenResourcesFiltering - Copying 0 resource from src\main\resources to target\classes
2026-09-02 12:52:09,930 [Worker-53: Building] INFO  o.a.m.s.f.DefaultMavenResourcesFiltering - Copying 0 resource from src\main\resources to target\classes
2026-09-02 12:52:09,935 [Worker-53: Building] INFO  o.a.m.s.f.DefaultMavenResourcesFiltering - skip non existing resourceDirectory D:\RestAPI\StudentManagement\src\test\resources
2026-09-02 12:52:09,949 [Worker-53: Building] WARN  o.apache.maven.project.MavenProject - Direct modification of compileSourceRoots through clear() is deprecated and will not work in Maven 4.0.0. Please use the add/remove methods instead. If you're using a plugin that causes this warning, please upgrade to the latest version and report an issue if the warning persists. To disable these warnings, set -Dmaven.project.sourceRoots.warningsDisabled=true on the command line, in the .mvn/maven.config file, or in project POM properties.
2026-09-02 12:52:09,949 [Worker-53: Building] WARN  o.apache.maven.project.MavenProject - Direct modification of compileSourceRoots through add() is deprecated and will not work in Maven 4.0.0. Please use the add/remove methods instead. If you're using a plugin that causes this warning, please upgrade to the latest version and report an issue if the warning persists. To disable these warnings, set -Dmaven.project.sourceRoots.warningsDisabled=true on the command line, in the .mvn/maven.config file, or in project POM properties.
2026-09-02 12:52:09,950 [Worker-53: Building] WARN  o.apache.maven.project.MavenProject - Direct modification of testCompileSourceRoots through clear() is deprecated and will not work in Maven 4.0.0. Please use the add/remove methods instead. If you're using a plugin that causes this warning, please upgrade to the latest version and report an issue if the warning persists. To disable these warnings, set -Dmaven.project.sourceRoots.warningsDisabled=true on the command line, in the .mvn/maven.config file, or in project POM properties.
2026-09-02 12:52:09,950 [Worker-53: Building] WARN  o.apache.maven.project.MavenProject - Direct modification of testCompileSourceRoots through add() is deprecated and will not work in Maven 4.0.0. Please use the add/remove methods instead. If you're using a plugin that causes this warning, please upgrade to the latest version and report an issue if the warning persists. To disable these warnings, set -Dmaven.project.sourceRoots.warningsDisabled=true on the command line, in the .mvn/maven.config file, or in project POM properties.
2026-09-02 12:52:10,844 [Worker-46: Download sources and javadoc] INFO  o.e.m.c.i.e.AbstractTransferListenerAdapter - Downloading https://repo.maven.apache.org/maven2/org/springframework/boot/spring-boot-starter-security/3.5.6/spring-boot-starter-security-3.5.6-sources.jar
2026-09-02 12:52:10,852 [Worker-46: Download sources and javadoc] INFO  o.e.m.c.i.e.AbstractTransferListenerAdapter - Downloaded https://repo.maven.apache.org/maven2/org/springframework/boot/spring-boot-starter-security/3.5.6/spring-boot-starter-security-3.5.6-sources.jar
2026-09-02 12:52:10,857 [Worker-46: Download sources and javadoc] INFO  o.e.m.j.internal.DownloadSourcesJob - Downloaded sources for org.springframework.boot:spring-boot-starter-security:3.5.6
2026-09-02 12:52:10,984 [Worker-46: Download sources and javadoc] INFO  o.e.m.c.i.e.AbstractTransferListenerAdapter - Downloading https://repo.maven.apache.org/maven2/org/springframework/security/spring-security-config/6.5.5/spring-security-config-6.5.5-sources.jar
2026-09-02 12:52:11,097 [Worker-54: Building] INFO  o.a.m.s.f.DefaultMavenResourcesFiltering - Copying 1 resource from src\main\resources to target\classes
2026-09-02 12:52:11,116 [Worker-54: Building] INFO  o.a.m.s.f.DefaultMavenResourcesFiltering - Copying 0 resource from src\main\resources to target\classes
2026-09-02 12:52:11,120 [Worker-54: Building] INFO  o.a.m.s.f.DefaultMavenResourcesFiltering - skip non existing resourceDirectory D:\RestAPI\StudentManagement\src\test\resources
2026-09-02 12:52:11,163 [Worker-54: Building] WARN  o.apache.maven.project.MavenProject - Direct modification of compileSourceRoots through clear() is deprecated and will not work in Maven 4.0.0. Please use the add/remove methods instead. If you're using a plugin that causes this warning, please upgrade to the latest version and report an issue if the warning persists. To disable these warnings, set -Dmaven.project.sourceRoots.warningsDisabled=true on the command line, in the .mvn/maven.config file, or in project POM properties.
2026-09-02 12:52:11,164 [Worker-54: Building] WARN  o.apache.maven.project.MavenProject - Direct modification of compileSourceRoots through add() is deprecated and will not work in Maven 4.0.0. Please use the add/remove methods instead. If you're using a plugin that causes this warning, please upgrade to the latest version and report an issue if the warning persists. To disable these warnings, set -Dmaven.project.sourceRoots.warningsDisabled=true on the command line, in the .mvn/maven.config file, or in project POM properties.
2026-09-02 12:52:11,164 [Worker-54: Building] WARN  o.apache.maven.project.MavenProject - Direct modification of testCompileSourceRoots through clear() is deprecated and will not work in Maven 4.0.0. Please use the add/remove methods instead. If you're using a plugin that causes this warning, please upgrade to the latest version and report an issue if the warning persists. To disable these warnings, set -Dmaven.project.sourceRoots.warningsDisabled=true on the command line, in the .mvn/maven.config file, or in project POM properties.
2026-09-02 12:52:11,165 [Worker-54: Building] WARN  o.apache.maven.project.MavenProject - Direct modification of testCompileSourceRoots through add() is deprecated and will not work in Maven 4.0.0. Please use the add/remove methods instead. If you're using a plugin that causes this warning, please upgrade to the latest version and report an issue if the warning persists. To disable these warnings, set -Dmaven.project.sourceRoots.warningsDisabled=true on the command line, in the .mvn/maven.config file, or in project POM properties.
2026-09-02 12:52:11,207 [Worker-46: Download sources and javadoc] INFO  o.e.m.c.i.e.AbstractTransferListenerAdapter - Downloaded https://repo.maven.apache.org/maven2/org/springframework/security/spring-security-config/6.5.5/spring-security-config-6.5.5-sources.jar
2026-09-02 12:52:11,213 [Worker-46: Download sources and javadoc] INFO  o.e.m.j.internal.DownloadSourcesJob - Downloaded sources for org.springframework.security:spring-security-config:6.5.5
2026-09-02 12:52:11,344 [Worker-46: Download sources and javadoc] INFO  o.e.m.c.i.e.AbstractTransferListenerAdapter - Downloading https://repo.maven.apache.org/maven2/org/springframework/security/spring-security-core/6.5.5/spring-security-core-6.5.5-sources.jar
2026-09-02 12:52:11,486 [Worker-46: Download sources and javadoc] INFO  o.e.m.c.i.e.AbstractTransferListenerAdapter - Downloaded https://repo.maven.apache.org/maven2/org/springframework/security/spring-security-core/6.5.5/spring-security-core-6.5.5-sources.jar
2026-09-02 12:52:11,491 [Worker-46: Download sources and javadoc] INFO  o.e.m.j.internal.DownloadSourcesJob - Downloaded sources for org.springframework.security:spring-security-core:6.5.5
2026-09-02 12:52:11,648 [Worker-46: Download sources and javadoc] INFO  o.e.m.c.i.e.AbstractTransferListenerAdapter - Downloading https://repo.maven.apache.org/maven2/org/springframework/security/spring-security-crypto/6.5.5/spring-security-crypto-6.5.5-sources.jar
2026-09-02 12:52:11,714 [Worker-46: Download sources and javadoc] INFO  o.e.m.c.i.e.AbstractTransferListenerAdapter - Downloaded https://repo.maven.apache.org/maven2/org/springframework/security/spring-security-crypto/6.5.5/spring-security-crypto-6.5.5-sources.jar
2026-09-02 12:52:11,721 [Worker-46: Download sources and javadoc] INFO  o.e.m.j.internal.DownloadSourcesJob - Downloaded sources for org.springframework.security:spring-security-crypto:6.5.5
2026-09-02 12:52:11,832 [Worker-46: Download sources and javadoc] INFO  o.e.m.c.i.e.AbstractTransferListenerAdapter - Downloading https://repo.maven.apache.org/maven2/org/springframework/security/spring-security-web/6.5.5/spring-security-web-6.5.5-sources.jar
2026-09-02 12:52:11,967 [Worker-46: Download sources and javadoc] INFO  o.e.m.c.i.e.AbstractTransferListenerAdapter - Downloaded https://repo.maven.apache.org/maven2/org/springframework/security/spring-security-web/6.5.5/spring-security-web-6.5.5-sources.jar
2026-09-02 12:52:11,973 [Worker-46: Download sources and javadoc] INFO  o.e.m.j.internal.DownloadSourcesJob - Downloaded sources for org.springframework.security:spring-security-web:6.5.5
2026-09-02 12:53:37,919 [Worker-53: Building] INFO  o.a.m.s.f.DefaultMavenResourcesFiltering - Copying 1 resource from src\main\resources to target\classes
2026-09-02 12:53:37,926 [Worker-53: Building] INFO  o.a.m.s.f.DefaultMavenResourcesFiltering - Copying 0 resource from src\main\resources to target\classes
2026-09-02 12:53:37,928 [Worker-53: Building] INFO  o.a.m.s.f.DefaultMavenResourcesFiltering - skip non existing resourceDirectory D:\RestAPI\StudentManagement\src\test\resources
2026-09-02 12:53:37,929 [Worker-53: Building] WARN  o.apache.maven.project.MavenProject - Direct modification of compileSourceRoots through clear() is deprecated and will not work in Maven 4.0.0. Please use the add/remove methods instead. If you're using a plugin that causes this warning, please upgrade to the latest version and report an issue if the warning persists. To disable these warnings, set -Dmaven.project.sourceRoots.warningsDisabled=true on the command line, in the .mvn/maven.config file, or in project POM properties.
2026-09-02 12:53:37,929 [Worker-53: Building] WARN  o.apache.maven.project.MavenProject - Direct modification of compileSourceRoots through add() is deprecated and will not work in Maven 4.0.0. Please use the add/remove methods instead. If you're using a plugin that causes this warning, please upgrade to the latest version and report an issue if the warning persists. To disable these warnings, set -Dmaven.project.sourceRoots.warningsDisabled=true on the command line, in the .mvn/maven.config file, or in project POM properties.
2026-09-02 12:53:37,929 [Worker-53: Building] WARN  o.apache.maven.project.MavenProject - Direct modification of testCompileSourceRoots through clear() is deprecated and will not work in Maven 4.0.0. Please use the add/remove methods instead. If you're using a plugin that causes this warning, please upgrade to the latest version and report an issue if the warning persists. To disable these warnings, set -Dmaven.project.sourceRoots.warningsDisabled=true on the command line, in the .mvn/maven.config file, or in project POM properties.
2026-09-02 12:53:37,930 [Worker-53: Building] WARN  o.apache.maven.project.MavenProject - Direct modification of testCompileSourceRoots through add() is deprecated and will not work in Maven 4.0.0. Please use the add/remove methods instead. If you're using a plugin that causes this warning, please upgrade to the latest version and report an issue if the warning persists. To disable these warnings, set -Dmaven.project.sourceRoots.warningsDisabled=true on the command line, in the .mvn/maven.config file, or in project POM properties.
2026-09-02 12:59:10,337 [Worker-50: Building] INFO  o.a.m.s.f.DefaultMavenResourcesFiltering - Copying 1 resource from src\main\resources to target\classes
2026-09-02 12:59:10,343 [Worker-50: Building] INFO  o.a.m.s.f.DefaultMavenResourcesFiltering - Copying 0 resource from src\main\resources to target\classes
2026-09-02 12:59:10,346 [Worker-50: Building] INFO  o.a.m.s.f.DefaultMavenResourcesFiltering - skip non existing resourceDirectory D:\RestAPI\StudentManagement\src\test\resources
2026-09-02 12:59:10,346 [Worker-50: Building] WARN  o.apache.maven.project.MavenProject - Direct modification of compileSourceRoots through clear() is deprecated and will not work in Maven 4.0.0. Please use the add/remove methods instead. If you're using a plugin that causes this warning, please upgrade to the latest version and report an issue if the warning persists. To disable these warnings, set -Dmaven.project.sourceRoots.warningsDisabled=true on the command line, in the .mvn/maven.config file, or in project POM properties.
2026-09-02 12:59:10,346 [Worker-50: Building] WARN  o.apache.maven.project.MavenProject - Direct modification of compileSourceRoots through add() is deprecated and will not work in Maven 4.0.0. Please use the add/remove methods instead. If you're using a plugin that causes this warning, please upgrade to the latest version and report an issue if the warning persists. To disable these warnings, set -Dmaven.project.sourceRoots.warningsDisabled=true on the command line, in the .mvn/maven.config file, or in project POM properties.
2026-09-02 12:59:10,347 [Worker-50: Building] WARN  o.apache.maven.project.MavenProject - Direct modification of testCompileSourceRoots through clear() is deprecated and will not work in Maven 4.0.0. Please use the add/remove methods instead. If you're using a plugin that causes this warning, please upgrade to the latest version and report an issue if the warning persists. To disable these warnings, set -Dmaven.project.sourceRoots.warningsDisabled=true on the command line, in the .mvn/maven.config file, or in project POM properties.
2026-09-02 12:59:10,347 [Worker-50: Building] WARN  o.apache.maven.project.MavenProject - Direct modification of testCompileSourceRoots through add() is deprecated and will not work in Maven 4.0.0. Please use the add/remove methods instead. If you're using a plugin that causes this warning, please upgrade to the latest version and report an issue if the warning persists. To disable these warnings, set -Dmaven.project.sourceRoots.warningsDisabled=true on the command line, in the .mvn/maven.config file, or in project POM properties.
2026-09-02 13:00:46,151 [Worker-53: Building] INFO  o.a.m.s.f.DefaultMavenResourcesFiltering - Copying 1 resource from src\main\resources to target\classes
2026-09-02 13:00:46,155 [Worker-53: Building] INFO  o.a.m.s.f.DefaultMavenResourcesFiltering - Copying 0 resource from src\main\resources to target\classes
2026-09-02 13:00:46,158 [Worker-53: Building] INFO  o.a.m.s.f.DefaultMavenResourcesFiltering - skip non existing resourceDirectory D:\RestAPI\StudentManagement\src\test\resources
2026-09-02 13:00:46,158 [Worker-53: Building] WARN  o.apache.maven.project.MavenProject - Direct modification of compileSourceRoots through clear() is deprecated and will not work in Maven 4.0.0. Please use the add/remove methods instead. If you're using a plugin that causes this warning, please upgrade to the latest version and report an issue if the warning persists. To disable these warnings, set -Dmaven.project.sourceRoots.warningsDisabled=true on the command line, in the .mvn/maven.config file, or in project POM properties.
2026-09-02 13:00:46,158 [Worker-53: Building] WARN  o.apache.maven.project.MavenProject - Direct modification of compileSourceRoots through add() is deprecated and will not work in Maven 4.0.0. Please use the add/remove methods instead. If you're using a plugin that causes this warning, please upgrade to the latest version and report an issue if the warning persists. To disable these warnings, set -Dmaven.project.sourceRoots.warningsDisabled=true on the command line, in the .mvn/maven.config file, or in project POM properties.
2026-09-02 13:00:46,159 [Worker-53: Building] WARN  o.apache.maven.project.MavenProject - Direct modification of testCompileSourceRoots through clear() is deprecated and will not work in Maven 4.0.0. Please use the add/remove methods instead. If you're using a plugin that causes this warning, please upgrade to the latest version and report an issue if the warning persists. To disable these warnings, set -Dmaven.project.sourceRoots.warningsDisabled=true on the command line, in the .mvn/maven.config file, or in project POM properties.
2026-09-02 13:00:46,159 [Worker-53: Building] WARN  o.apache.maven.project.MavenProject - Direct modification of testCompileSourceRoots through add() is deprecated and will not work in Maven 4.0.0. Please use the add/remove methods instead. If you're using a plugin that causes this warning, please upgrade to the latest version and report an issue if the warning persists. To disable these warnings, set -Dmaven.project.sourceRoots.warningsDisabled=true on the command line, in the .mvn/maven.config file, or in project POM properties.
2026-09-02 13:26:48,720 [Worker-46: Building] INFO  o.a.m.s.f.DefaultMavenResourcesFiltering - Copying 1 resource from src\main\resources to target\classes
2026-09-02 13:26:48,735 [Worker-46: Building] INFO  o.a.m.s.f.DefaultMavenResourcesFiltering - Copying 0 resource from src\main\resources to target\classes
2026-09-02 13:26:48,738 [Worker-46: Building] INFO  o.a.m.s.f.DefaultMavenResourcesFiltering - skip non existing resourceDirectory D:\RestAPI\StudentManagement\src\test\resources
2026-09-02 13:26:48,739 [Worker-46: Building] WARN  o.apache.maven.project.MavenProject - Direct modification of compileSourceRoots through clear() is deprecated and will not work in Maven 4.0.0. Please use the add/remove methods instead. If you're using a plugin that causes this warning, please upgrade to the latest version and report an issue if the warning persists. To disable these warnings, set -Dmaven.project.sourceRoots.warningsDisabled=true on the command line, in the .mvn/maven.config file, or in project POM properties.
2026-09-02 13:26:48,742 [Worker-46: Building] WARN  o.apache.maven.project.MavenProject - Direct modification of compileSourceRoots through add() is deprecated and will not work in Maven 4.0.0. Please use the add/remove methods instead. If you're using a plugin that causes this warning, please upgrade to the latest version and report an issue if the warning persists. To disable these warnings, set -Dmaven.project.sourceRoots.warningsDisabled=true on the command line, in the .mvn/maven.config file, or in project POM properties.
2026-09-02 13:26:48,742 [Worker-46: Building] WARN  o.apache.maven.project.MavenProject - Direct modification of testCompileSourceRoots through clear() is deprecated and will not work in Maven 4.0.0. Please use the add/remove methods instead. If you're using a plugin that causes this warning, please upgrade to the latest version and report an issue if the warning persists. To disable these warnings, set -Dmaven.project.sourceRoots.warningsDisabled=true on the command line, in the .mvn/maven.config file, or in project POM properties.
2026-09-02 13:26:48,742 [Worker-46: Building] WARN  o.apache.maven.project.MavenProject - Direct modification of testCompileSourceRoots through add() is deprecated and will not work in Maven 4.0.0. Please use the add/remove methods instead. If you're using a plugin that causes this warning, please upgrade to the latest version and report an issue if the warning persists. To disable these warnings, set -Dmaven.project.sourceRoots.warningsDisabled=true on the command line, in the .mvn/maven.config file, or in project POM properties.
2026-09-02 13:29:32,210 [Worker-58: Building] INFO  o.a.m.s.f.DefaultMavenResourcesFiltering - Copying 1 resource from src\main\resources to target\classes
2026-09-02 13:29:32,215 [Worker-58: Building] INFO  o.a.m.s.f.DefaultMavenResourcesFiltering - Copying 0 resource from src\main\resources to target\classes
2026-09-02 13:29:32,218 [Worker-58: Building] INFO  o.a.m.s.f.DefaultMavenResourcesFiltering - skip non existing resourceDirectory D:\RestAPI\StudentManagement\src\test\resources
2026-09-02 13:29:32,219 [Worker-58: Building] WARN  o.apache.maven.project.MavenProject - Direct modification of compileSourceRoots through clear() is deprecated and will not work in Maven 4.0.0. Please use the add/remove methods instead. If you're using a plugin that causes this warning, please upgrade to the latest version and report an issue if the warning persists. To disable these warnings, set -Dmaven.project.sourceRoots.warningsDisabled=true on the command line, in the .mvn/maven.config file, or in project POM properties.
2026-09-02 13:29:32,219 [Worker-58: Building] WARN  o.apache.maven.project.MavenProject - Direct modification of compileSourceRoots through add() is deprecated and will not work in Maven 4.0.0. Please use the add/remove methods instead. If you're using a plugin that causes this warning, please upgrade to the latest version and report an issue if the warning persists. To disable these warnings, set -Dmaven.project.sourceRoots.warningsDisabled=true on the command line, in the .mvn/maven.config file, or in project POM properties.
2026-09-02 13:29:32,220 [Worker-58: Building] WARN  o.apache.maven.project.MavenProject - Direct modification of testCompileSourceRoots through clear() is deprecated and will not work in Maven 4.0.0. Please use the add/remove methods instead. If you're using a plugin that causes this warning, please upgrade to the latest version and report an issue if the warning persists. To disable these warnings, set -Dmaven.project.sourceRoots.warningsDisabled=true on the command line, in the .mvn/maven.config file, or in project POM properties.
2026-09-02 13:29:32,220 [Worker-58: Building] WARN  o.apache.maven.project.MavenProject - Direct modification of testCompileSourceRoots through add() is deprecated and will not work in Maven 4.0.0. Please use the add/remove methods instead. If you're using a plugin that causes this warning, please upgrade to the latest version and report an issue if the warning persists. To disable these warnings, set -Dmaven.project.sourceRoots.warningsDisabled=true on the command line, in the .mvn/maven.config file, or in project POM properties.
2026-09-02 13:32:05,862 [Worker-46: Building] INFO  o.a.m.s.f.DefaultMavenResourcesFiltering - Copying 1 resource from src\main\resources to target\classes
2026-09-02 13:32:05,867 [Worker-46: Building] INFO  o.a.m.s.f.DefaultMavenResourcesFiltering - Copying 0 resource from src\main\resources to target\classes
2026-09-02 13:32:05,869 [Worker-46: Building] INFO  o.a.m.s.f.DefaultMavenResourcesFiltering - skip non existing resourceDirectory D:\RestAPI\StudentManagement\src\test\resources
2026-09-02 13:32:05,869 [Worker-46: Building] WARN  o.apache.maven.project.MavenProject - Direct modification of compileSourceRoots through clear() is deprecated and will not work in Maven 4.0.0. Please use the add/remove methods instead. If you're using a plugin that causes this warning, please upgrade to the latest version and report an issue if the warning persists. To disable these warnings, set -Dmaven.project.sourceRoots.warningsDisabled=true on the command line, in the .mvn/maven.config file, or in project POM properties.
2026-09-02 13:32:05,869 [Worker-46: Building] WARN  o.apache.maven.project.MavenProject - Direct modification of compileSourceRoots through add() is deprecated and will not work in Maven 4.0.0. Please use the add/remove methods instead. If you're using a plugin that causes this warning, please upgrade to the latest version and report an issue if the warning persists. To disable these warnings, set -Dmaven.project.sourceRoots.warningsDisabled=true on the command line, in the .mvn/maven.config file, or in project POM properties.
2026-09-02 13:32:05,869 [Worker-46: Building] WARN  o.apache.maven.project.MavenProject - Direct modification of testCompileSourceRoots through clear() is deprecated and will not work in Maven 4.0.0. Please use the add/remove methods instead. If you're using a plugin that causes this warning, please upgrade to the latest version and report an issue if the warning persists. To disable these warnings, set -Dmaven.project.sourceRoots.warningsDisabled=true on the command line, in the .mvn/maven.config file, or in project POM properties.
2026-09-02 13:32:05,869 [Worker-46: Building] WARN  o.apache.maven.project.MavenProject - Direct modification of testCompileSourceRoots through add() is deprecated and will not work in Maven 4.0.0. Please use the add/remove methods instead. If you're using a plugin that causes this warning, please upgrade to the latest version and report an issue if the warning persists. To disable these warnings, set -Dmaven.project.sourceRoots.warningsDisabled=true on the command line, in the .mvn/maven.config file, or in project POM properties.
2026-09-02 13:38:44,032 [Worker-59: Building] INFO  o.a.m.s.f.DefaultMavenResourcesFiltering - Copying 1 resource from src\main\resources to target\classes
2026-09-02 13:38:44,046 [Worker-59: Building] INFO  o.a.m.s.f.DefaultMavenResourcesFiltering - Copying 0 resource from src\main\resources to target\classes
2026-09-02 13:38:44,050 [Worker-59: Building] INFO  o.a.m.s.f.DefaultMavenResourcesFiltering - skip non existing resourceDirectory D:\RestAPI\StudentManagement\src\test\resources
2026-09-02 13:38:44,051 [Worker-59: Building] WARN  o.apache.maven.project.MavenProject - Direct modification of compileSourceRoots through clear() is deprecated and will not work in Maven 4.0.0. Please use the add/remove methods instead. If you're using a plugin that causes this warning, please upgrade to the latest version and report an issue if the warning persists. To disable these warnings, set -Dmaven.project.sourceRoots.warningsDisabled=true on the command line, in the .mvn/maven.config file, or in project POM properties.
2026-09-02 13:38:44,052 [Worker-59: Building] WARN  o.apache.maven.project.MavenProject - Direct modification of compileSourceRoots through add() is deprecated and will not work in Maven 4.0.0. Please use the add/remove methods instead. If you're using a plugin that causes this warning, please upgrade to the latest version and report an issue if the warning persists. To disable these warnings, set -Dmaven.project.sourceRoots.warningsDisabled=true on the command line, in the .mvn/maven.config file, or in project POM properties.
2026-09-02 13:38:44,052 [Worker-59: Building] WARN  o.apache.maven.project.MavenProject - Direct modification of testCompileSourceRoots through clear() is deprecated and will not work in Maven 4.0.0. Please use the add/remove methods instead. If you're using a plugin that causes this warning, please upgrade to the latest version and report an issue if the warning persists. To disable these warnings, set -Dmaven.project.sourceRoots.warningsDisabled=true on the command line, in the .mvn/maven.config file, or in project POM properties.
2026-09-02 13:38:44,052 [Worker-59: Building] WARN  o.apache.maven.project.MavenProject - Direct modification of testCompileSourceRoots through add() is deprecated and will not work in Maven 4.0.0. Please use the add/remove methods instead. If you're using a plugin that causes this warning, please upgrade to the latest version and report an issue if the warning persists. To disable these warnings, set -Dmaven.project.sourceRoots.warningsDisabled=true on the command line, in the .mvn/maven.config file, or in project POM properties.
2026-09-02 13:59:23,940 [Worker-72: Building] INFO  o.a.m.s.f.DefaultMavenResourcesFiltering - Copying 1 resource from src\main\resources to target\classes
2026-09-02 13:59:23,966 [Worker-72: Building] INFO  o.a.m.s.f.DefaultMavenResourcesFiltering - Copying 0 resource from src\main\resources to target\classes
2026-09-02 13:59:23,968 [Worker-72: Building] INFO  o.a.m.s.f.DefaultMavenResourcesFiltering - skip non existing resourceDirectory D:\RestAPI\StudentManagement\src\test\resources
2026-09-02 13:59:23,968 [Worker-72: Building] WARN  o.apache.maven.project.MavenProject - Direct modification of compileSourceRoots through clear() is deprecated and will not work in Maven 4.0.0. Please use the add/remove methods instead. If you're using a plugin that causes this warning, please upgrade to the latest version and report an issue if the warning persists. To disable these warnings, set -Dmaven.project.sourceRoots.warningsDisabled=true on the command line, in the .mvn/maven.config file, or in project POM properties.
2026-09-02 13:59:23,968 [Worker-72: Building] WARN  o.apache.maven.project.MavenProject - Direct modification of compileSourceRoots through add() is deprecated and will not work in Maven 4.0.0. Please use the add/remove methods instead. If you're using a plugin that causes this warning, please upgrade to the latest version and report an issue if the warning persists. To disable these warnings, set -Dmaven.project.sourceRoots.warningsDisabled=true on the command line, in the .mvn/maven.config file, or in project POM properties.
2026-09-02 13:59:23,969 [Worker-72: Building] WARN  o.apache.maven.project.MavenProject - Direct modification of testCompileSourceRoots through clear() is deprecated and will not work in Maven 4.0.0. Please use the add/remove methods instead. If you're using a plugin that causes this warning, please upgrade to the latest version and report an issue if the warning persists. To disable these warnings, set -Dmaven.project.sourceRoots.warningsDisabled=true on the command line, in the .mvn/maven.config file, or in project POM properties.
2026-09-02 13:59:23,969 [Worker-72: Building] WARN  o.apache.maven.project.MavenProject - Direct modification of testCompileSourceRoots through add() is deprecated and will not work in Maven 4.0.0. Please use the add/remove methods instead. If you're using a plugin that causes this warning, please upgrade to the latest version and report an issue if the warning persists. To disable these warnings, set -Dmaven.project.sourceRoots.warningsDisabled=true on the command line, in the .mvn/maven.config file, or in project POM properties.
2026-09-02 14:03:04,449 [Worker-70: Building] INFO  o.a.m.s.f.DefaultMavenResourcesFiltering - Copying 1 resource from src\main\resources to target\classes
2026-09-02 14:03:04,463 [Worker-70: Building] INFO  o.a.m.s.f.DefaultMavenResourcesFiltering - Copying 0 resource from src\main\resources to target\classes
2026-09-02 14:03:04,466 [Worker-70: Building] INFO  o.a.m.s.f.DefaultMavenResourcesFiltering - skip non existing resourceDirectory D:\RestAPI\StudentManagement\src\test\resources
2026-09-02 14:03:04,466 [Worker-70: Building] WARN  o.apache.maven.project.MavenProject - Direct modification of compileSourceRoots through clear() is deprecated and will not work in Maven 4.0.0. Please use the add/remove methods instead. If you're using a plugin that causes this warning, please upgrade to the latest version and report an issue if the warning persists. To disable these warnings, set -Dmaven.project.sourceRoots.warningsDisabled=true on the command line, in the .mvn/maven.config file, or in project POM properties.
2026-09-02 14:03:04,466 [Worker-70: Building] WARN  o.apache.maven.project.MavenProject - Direct modification of compileSourceRoots through add() is deprecated and will not work in Maven 4.0.0. Please use the add/remove methods instead. If you're using a plugin that causes this warning, please upgrade to the latest version and report an issue if the warning persists. To disable these warnings, set -Dmaven.project.sourceRoots.warningsDisabled=true on the command line, in the .mvn/maven.config file, or in project POM properties.
2026-09-02 14:03:04,466 [Worker-70: Building] WARN  o.apache.maven.project.MavenProject - Direct modification of testCompileSourceRoots through clear() is deprecated and will not work in Maven 4.0.0. Please use the add/remove methods instead. If you're using a plugin that causes this warning, please upgrade to the latest version and report an issue if the warning persists. To disable these warnings, set -Dmaven.project.sourceRoots.warningsDisabled=true on the command line, in the .mvn/maven.config file, or in project POM properties.
2026-09-02 14:03:04,467 [Worker-70: Building] WARN  o.apache.maven.project.MavenProject - Direct modification of testCompileSourceRoots through add() is deprecated and will not work in Maven 4.0.0. Please use the add/remove methods instead. If you're using a plugin that causes this warning, please upgrade to the latest version and report an issue if the warning persists. To disable these warnings, set -Dmaven.project.sourceRoots.warningsDisabled=true on the command line, in the .mvn/maven.config file, or in project POM properties.
2026-09-02 14:03:27,783 [Worker-75: Building] INFO  o.a.m.s.f.DefaultMavenResourcesFiltering - Copying 1 resource from src\main\resources to target\classes
2026-09-02 14:03:27,804 [Worker-75: Building] INFO  o.a.m.s.f.DefaultMavenResourcesFiltering - Copying 0 resource from src\main\resources to target\classes
2026-09-02 14:03:27,806 [Worker-75: Building] INFO  o.a.m.s.f.DefaultMavenResourcesFiltering - skip non existing resourceDirectory D:\RestAPI\StudentManagement\src\test\resources
2026-09-02 14:03:27,807 [Worker-75: Building] WARN  o.apache.maven.project.MavenProject - Direct modification of compileSourceRoots through clear() is deprecated and will not work in Maven 4.0.0. Please use the add/remove methods instead. If you're using a plugin that causes this warning, please upgrade to the latest version and report an issue if the warning persists. To disable these warnings, set -Dmaven.project.sourceRoots.warningsDisabled=true on the command line, in the .mvn/maven.config file, or in project POM properties.
2026-09-02 14:03:27,807 [Worker-75: Building] WARN  o.apache.maven.project.MavenProject - Direct modification of compileSourceRoots through add() is deprecated and will not work in Maven 4.0.0. Please use the add/remove methods instead. If you're using a plugin that causes this warning, please upgrade to the latest version and report an issue if the warning persists. To disable these warnings, set -Dmaven.project.sourceRoots.warningsDisabled=true on the command line, in the .mvn/maven.config file, or in project POM properties.
2026-09-02 14:03:27,807 [Worker-75: Building] WARN  o.apache.maven.project.MavenProject - Direct modification of testCompileSourceRoots through clear() is deprecated and will not work in Maven 4.0.0. Please use the add/remove methods instead. If you're using a plugin that causes this warning, please upgrade to the latest version and report an issue if the warning persists. To disable these warnings, set -Dmaven.project.sourceRoots.warningsDisabled=true on the command line, in the .mvn/maven.config file, or in project POM properties.
2026-09-02 14:03:27,807 [Worker-75: Building] WARN  o.apache.maven.project.MavenProject - Direct modification of testCompileSourceRoots through add() is deprecated and will not work in Maven 4.0.0. Please use the add/remove methods instead. If you're using a plugin that causes this warning, please upgrade to the latest version and report an issue if the warning persists. To disable these warnings, set -Dmaven.project.sourceRoots.warningsDisabled=true on the command line, in the .mvn/maven.config file, or in project POM properties.
2026-09-02 14:03:47,016 [Worker-74: Building] INFO  o.a.m.s.f.DefaultMavenResourcesFiltering - Copying 1 resource from src\main\resources to target\classes
2026-09-02 14:03:47,028 [Worker-74: Building] INFO  o.a.m.s.f.DefaultMavenResourcesFiltering - Copying 0 resource from src\main\resources to target\classes
2026-09-02 14:03:47,030 [Worker-74: Building] INFO  o.a.m.s.f.DefaultMavenResourcesFiltering - skip non existing resourceDirectory D:\RestAPI\StudentManagement\src\test\resources
2026-09-02 14:03:47,031 [Worker-74: Building] WARN  o.apache.maven.project.MavenProject - Direct modification of compileSourceRoots through clear() is deprecated and will not work in Maven 4.0.0. Please use the add/remove methods instead. If you're using a plugin that causes this warning, please upgrade to the latest version and report an issue if the warning persists. To disable these warnings, set -Dmaven.project.sourceRoots.warningsDisabled=true on the command line, in the .mvn/maven.config file, or in project POM properties.
2026-09-02 14:03:47,031 [Worker-74: Building] WARN  o.apache.maven.project.MavenProject - Direct modification of compileSourceRoots through add() is deprecated and will not work in Maven 4.0.0. Please use the add/remove methods instead. If you're using a plugin that causes this warning, please upgrade to the latest version and report an issue if the warning persists. To disable these warnings, set -Dmaven.project.sourceRoots.warningsDisabled=true on the command line, in the .mvn/maven.config file, or in project POM properties.
2026-09-02 14:03:47,031 [Worker-74: Building] WARN  o.apache.maven.project.MavenProject - Direct modification of testCompileSourceRoots through clear() is deprecated and will not work in Maven 4.0.0. Please use the add/remove methods instead. If you're using a plugin that causes this warning, please upgrade to the latest version and report an issue if the warning persists. To disable these warnings, set -Dmaven.project.sourceRoots.warningsDisabled=true on the command line, in the .mvn/maven.config file, or in project POM properties.
2026-09-02 14:03:47,031 [Worker-74: Building] WARN  o.apache.maven.project.MavenProject - Direct modification of testCompileSourceRoots through add() is deprecated and will not work in Maven 4.0.0. Please use the add/remove methods instead. If you're using a plugin that causes this warning, please upgrade to the latest version and report an issue if the warning persists. To disable these warnings, set -Dmaven.project.sourceRoots.warningsDisabled=true on the command line, in the .mvn/maven.config file, or in project POM properties.
2026-09-02 14:07:39,398 [Worker-70: Building] INFO  o.a.m.s.f.DefaultMavenResourcesFiltering - Copying 1 resource from src\main\resources to target\classes
2026-09-02 14:07:39,407 [Worker-70: Building] INFO  o.a.m.s.f.DefaultMavenResourcesFiltering - Copying 0 resource from src\main\resources to target\classes
2026-09-02 14:07:39,412 [Worker-70: Building] INFO  o.a.m.s.f.DefaultMavenResourcesFiltering - skip non existing resourceDirectory D:\RestAPI\StudentManagement\src\test\resources
2026-09-02 14:07:39,413 [Worker-70: Building] WARN  o.apache.maven.project.MavenProject - Direct modification of compileSourceRoots through clear() is deprecated and will not work in Maven 4.0.0. Please use the add/remove methods instead. If you're using a plugin that causes this warning, please upgrade to the latest version and report an issue if the warning persists. To disable these warnings, set -Dmaven.project.sourceRoots.warningsDisabled=true on the command line, in the .mvn/maven.config file, or in project POM properties.
2026-09-02 14:07:39,413 [Worker-70: Building] WARN  o.apache.maven.project.MavenProject - Direct modification of compileSourceRoots through add() is deprecated and will not work in Maven 4.0.0. Please use the add/remove methods instead. If you're using a plugin that causes this warning, please upgrade to the latest version and report an issue if the warning persists. To disable these warnings, set -Dmaven.project.sourceRoots.warningsDisabled=true on the command line, in the .mvn/maven.config file, or in project POM properties.
2026-09-02 14:07:39,414 [Worker-70: Building] WARN  o.apache.maven.project.MavenProject - Direct modification of testCompileSourceRoots through clear() is deprecated and will not work in Maven 4.0.0. Please use the add/remove methods instead. If you're using a plugin that causes this warning, please upgrade to the latest version and report an issue if the warning persists. To disable these warnings, set -Dmaven.project.sourceRoots.warningsDisabled=true on the command line, in the .mvn/maven.config file, or in project POM properties.
2026-09-02 14:07:39,414 [Worker-70: Building] WARN  o.apache.maven.project.MavenProject - Direct modification of testCompileSourceRoots through add() is deprecated and will not work in Maven 4.0.0. Please use the add/remove methods instead. If you're using a plugin that causes this warning, please upgrade to the latest version and report an issue if the warning persists. To disable these warnings, set -Dmaven.project.sourceRoots.warningsDisabled=true on the command line, in the .mvn/maven.config file, or in project POM properties.
2026-09-02 14:14:59,657 [Worker-80: Building] INFO  o.a.m.s.f.DefaultMavenResourcesFiltering - Copying 1 resource from src\main\resources to target\classes
2026-09-02 14:14:59,664 [Worker-80: Building] INFO  o.a.m.s.f.DefaultMavenResourcesFiltering - Copying 0 resource from src\main\resources to target\classes
2026-09-02 14:14:59,667 [Worker-80: Building] INFO  o.a.m.s.f.DefaultMavenResourcesFiltering - skip non existing resourceDirectory D:\RestAPI\StudentManagement\src\test\resources
2026-09-02 14:14:59,667 [Worker-80: Building] WARN  o.apache.maven.project.MavenProject - Direct modification of compileSourceRoots through clear() is deprecated and will not work in Maven 4.0.0. Please use the add/remove methods instead. If you're using a plugin that causes this warning, please upgrade to the latest version and report an issue if the warning persists. To disable these warnings, set -Dmaven.project.sourceRoots.warningsDisabled=true on the command line, in the .mvn/maven.config file, or in project POM properties.
2026-09-02 14:14:59,668 [Worker-80: Building] WARN  o.apache.maven.project.MavenProject - Direct modification of compileSourceRoots through add() is deprecated and will not work in Maven 4.0.0. Please use the add/remove methods instead. If you're using a plugin that causes this warning, please upgrade to the latest version and report an issue if the warning persists. To disable these warnings, set -Dmaven.project.sourceRoots.warningsDisabled=true on the command line, in the .mvn/maven.config file, or in project POM properties.
2026-09-02 14:14:59,668 [Worker-80: Building] WARN  o.apache.maven.project.MavenProject - Direct modification of testCompileSourceRoots through clear() is deprecated and will not work in Maven 4.0.0. Please use the add/remove methods instead. If you're using a plugin that causes this warning, please upgrade to the latest version and report an issue if the warning persists. To disable these warnings, set -Dmaven.project.sourceRoots.warningsDisabled=true on the command line, in the .mvn/maven.config file, or in project POM properties.
2026-09-02 14:14:59,668 [Worker-80: Building] WARN  o.apache.maven.project.MavenProject - Direct modification of testCompileSourceRoots through add() is deprecated and will not work in Maven 4.0.0. Please use the add/remove methods instead. If you're using a plugin that causes this warning, please upgrade to the latest version and report an issue if the warning persists. To disable these warnings, set -Dmaven.project.sourceRoots.warningsDisabled=true on the command line, in the .mvn/maven.config file, or in project POM properties.
2026-09-02 14:16:52,980 [Worker-83: Building] INFO  o.a.m.s.f.DefaultMavenResourcesFiltering - Copying 1 resource from src\main\resources to target\classes
2026-09-02 14:16:52,985 [Worker-83: Building] INFO  o.a.m.s.f.DefaultMavenResourcesFiltering - Copying 0 resource from src\main\resources to target\classes
2026-09-02 14:16:52,987 [Worker-83: Building] INFO  o.a.m.s.f.DefaultMavenResourcesFiltering - skip non existing resourceDirectory D:\RestAPI\StudentManagement\src\test\resources
2026-09-02 14:16:52,987 [Worker-83: Building] WARN  o.apache.maven.project.MavenProject - Direct modification of compileSourceRoots through clear() is deprecated and will not work in Maven 4.0.0. Please use the add/remove methods instead. If you're using a plugin that causes this warning, please upgrade to the latest version and report an issue if the warning persists. To disable these warnings, set -Dmaven.project.sourceRoots.warningsDisabled=true on the command line, in the .mvn/maven.config file, or in project POM properties.
2026-09-02 14:16:52,988 [Worker-83: Building] WARN  o.apache.maven.project.MavenProject - Direct modification of compileSourceRoots through add() is deprecated and will not work in Maven 4.0.0. Please use the add/remove methods instead. If you're using a plugin that causes this warning, please upgrade to the latest version and report an issue if the warning persists. To disable these warnings, set -Dmaven.project.sourceRoots.warningsDisabled=true on the command line, in the .mvn/maven.config file, or in project POM properties.
2026-09-02 14:16:52,988 [Worker-83: Building] WARN  o.apache.maven.project.MavenProject - Direct modification of testCompileSourceRoots through clear() is deprecated and will not work in Maven 4.0.0. Please use the add/remove methods instead. If you're using a plugin that causes this warning, please upgrade to the latest version and report an issue if the warning persists. To disable these warnings, set -Dmaven.project.sourceRoots.warningsDisabled=true on the command line, in the .mvn/maven.config file, or in project POM properties.
2026-09-02 14:16:52,988 [Worker-83: Building] WARN  o.apache.maven.project.MavenProject - Direct modification of testCompileSourceRoots through add() is deprecated and will not work in Maven 4.0.0. Please use the add/remove methods instead. If you're using a plugin that causes this warning, please upgrade to the latest version and report an issue if the warning persists. To disable these warnings, set -Dmaven.project.sourceRoots.warningsDisabled=true on the command line, in the .mvn/maven.config file, or in project POM properties.
2026-09-02 14:16:59,953 [Worker-83: Building] INFO  o.a.m.s.f.DefaultMavenResourcesFiltering - Copying 1 resource from src\main\resources to target\classes
2026-09-02 14:16:59,958 [Worker-83: Building] INFO  o.a.m.s.f.DefaultMavenResourcesFiltering - Copying 0 resource from src\main\resources to target\classes
2026-09-02 14:16:59,959 [Worker-83: Building] INFO  o.a.m.s.f.DefaultMavenResourcesFiltering - skip non existing resourceDirectory D:\RestAPI\StudentManagement\src\test\resources
2026-09-02 14:16:59,960 [Worker-83: Building] WARN  o.apache.maven.project.MavenProject - Direct modification of compileSourceRoots through clear() is deprecated and will not work in Maven 4.0.0. Please use the add/remove methods instead. If you're using a plugin that causes this warning, please upgrade to the latest version and report an issue if the warning persists. To disable these warnings, set -Dmaven.project.sourceRoots.warningsDisabled=true on the command line, in the .mvn/maven.config file, or in project POM properties.
2026-09-02 14:16:59,960 [Worker-83: Building] WARN  o.apache.maven.project.MavenProject - Direct modification of compileSourceRoots through add() is deprecated and will not work in Maven 4.0.0. Please use the add/remove methods instead. If you're using a plugin that causes this warning, please upgrade to the latest version and report an issue if the warning persists. To disable these warnings, set -Dmaven.project.sourceRoots.warningsDisabled=true on the command line, in the .mvn/maven.config file, or in project POM properties.
2026-09-02 14:16:59,961 [Worker-83: Building] WARN  o.apache.maven.project.MavenProject - Direct modification of testCompileSourceRoots through clear() is deprecated and will not work in Maven 4.0.0. Please use the add/remove methods instead. If you're using a plugin that causes this warning, please upgrade to the latest version and report an issue if the warning persists. To disable these warnings, set -Dmaven.project.sourceRoots.warningsDisabled=true on the command line, in the .mvn/maven.config file, or in project POM properties.
2026-09-02 14:16:59,961 [Worker-83: Building] WARN  o.apache.maven.project.MavenProject - Direct modification of testCompileSourceRoots through add() is deprecated and will not work in Maven 4.0.0. Please use the add/remove methods instead. If you're using a plugin that causes this warning, please upgrade to the latest version and report an issue if the warning persists. To disable these warnings, set -Dmaven.project.sourceRoots.warningsDisabled=true on the command line, in the .mvn/maven.config file, or in project POM properties.
2026-09-02 14:18:08,704 [Worker-78: Building] INFO  o.a.m.s.f.DefaultMavenResourcesFiltering - Copying 1 resource from src\main\resources to target\classes
2026-09-02 14:18:08,710 [Worker-78: Building] INFO  o.a.m.s.f.DefaultMavenResourcesFiltering - Copying 0 resource from src\main\resources to target\classes
2026-09-02 14:18:08,712 [Worker-78: Building] INFO  o.a.m.s.f.DefaultMavenResourcesFiltering - skip non existing resourceDirectory D:\RestAPI\StudentManagement\src\test\resources
2026-09-02 14:18:08,712 [Worker-78: Building] WARN  o.apache.maven.project.MavenProject - Direct modification of compileSourceRoots through clear() is deprecated and will not work in Maven 4.0.0. Please use the add/remove methods instead. If you're using a plugin that causes this warning, please upgrade to the latest version and report an issue if the warning persists. To disable these warnings, set -Dmaven.project.sourceRoots.warningsDisabled=true on the command line, in the .mvn/maven.config file, or in project POM properties.
2026-09-02 14:18:08,713 [Worker-78: Building] WARN  o.apache.maven.project.MavenProject - Direct modification of compileSourceRoots through add() is deprecated and will not work in Maven 4.0.0. Please use the add/remove methods instead. If you're using a plugin that causes this warning, please upgrade to the latest version and report an issue if the warning persists. To disable these warnings, set -Dmaven.project.sourceRoots.warningsDisabled=true on the command line, in the .mvn/maven.config file, or in project POM properties.
2026-09-02 14:18:08,713 [Worker-78: Building] WARN  o.apache.maven.project.MavenProject - Direct modification of testCompileSourceRoots through clear() is deprecated and will not work in Maven 4.0.0. Please use the add/remove methods instead. If you're using a plugin that causes this warning, please upgrade to the latest version and report an issue if the warning persists. To disable these warnings, set -Dmaven.project.sourceRoots.warningsDisabled=true on the command line, in the .mvn/maven.config file, or in project POM properties.
2026-09-02 14:18:08,713 [Worker-78: Building] WARN  o.apache.maven.project.MavenProject - Direct modification of testCompileSourceRoots through add() is deprecated and will not work in Maven 4.0.0. Please use the add/remove methods instead. If you're using a plugin that causes this warning, please upgrade to the latest version and report an issue if the warning persists. To disable these warnings, set -Dmaven.project.sourceRoots.warningsDisabled=true on the command line, in the .mvn/maven.config file, or in project POM properties.
2026-09-02 14:20:08,376 [Worker-82: Building] INFO  o.a.m.s.f.DefaultMavenResourcesFiltering - Copying 1 resource from src\main\resources to target\classes
2026-09-02 14:20:08,384 [Worker-82: Building] INFO  o.a.m.s.f.DefaultMavenResourcesFiltering - Copying 0 resource from src\main\resources to target\classes
2026-09-02 14:20:08,390 [Worker-82: Building] INFO  o.a.m.s.f.DefaultMavenResourcesFiltering - skip non existing resourceDirectory D:\RestAPI\StudentManagement\src\test\resources
2026-09-02 14:20:08,390 [Worker-82: Building] WARN  o.apache.maven.project.MavenProject - Direct modification of compileSourceRoots through clear() is deprecated and will not work in Maven 4.0.0. Please use the add/remove methods instead. If you're using a plugin that causes this warning, please upgrade to the latest version and report an issue if the warning persists. To disable these warnings, set -Dmaven.project.sourceRoots.warningsDisabled=true on the command line, in the .mvn/maven.config file, or in project POM properties.
2026-09-02 14:20:08,391 [Worker-82: Building] WARN  o.apache.maven.project.MavenProject - Direct modification of compileSourceRoots through add() is deprecated and will not work in Maven 4.0.0. Please use the add/remove methods instead. If you're using a plugin that causes this warning, please upgrade to the latest version and report an issue if the warning persists. To disable these warnings, set -Dmaven.project.sourceRoots.warningsDisabled=true on the command line, in the .mvn/maven.config file, or in project POM properties.
2026-09-02 14:20:08,391 [Worker-82: Building] WARN  o.apache.maven.project.MavenProject - Direct modification of testCompileSourceRoots through clear() is deprecated and will not work in Maven 4.0.0. Please use the add/remove methods instead. If you're using a plugin that causes this warning, please upgrade to the latest version and report an issue if the warning persists. To disable these warnings, set -Dmaven.project.sourceRoots.warningsDisabled=true on the command line, in the .mvn/maven.config file, or in project POM properties.
2026-09-02 14:20:08,391 [Worker-82: Building] WARN  o.apache.maven.project.MavenProject - Direct modification of testCompileSourceRoots through add() is deprecated and will not work in Maven 4.0.0. Please use the add/remove methods instead. If you're using a plugin that causes this warning, please upgrade to the latest version and report an issue if the warning persists. To disable these warnings, set -Dmaven.project.sourceRoots.warningsDisabled=true on the command line, in the .mvn/maven.config file, or in project POM properties.
2026-09-02 14:20:58,002 [Worker-82: Building] INFO  o.a.m.s.f.DefaultMavenResourcesFiltering - Copying 1 resource from src\main\resources to target\classes
2026-09-02 14:20:58,009 [Worker-82: Building] INFO  o.a.m.s.f.DefaultMavenResourcesFiltering - Copying 0 resource from src\main\resources to target\classes
2026-09-02 14:20:58,013 [Worker-82: Building] INFO  o.a.m.s.f.DefaultMavenResourcesFiltering - skip non existing resourceDirectory D:\RestAPI\StudentManagement\src\test\resources
2026-09-02 14:20:58,013 [Worker-82: Building] WARN  o.apache.maven.project.MavenProject - Direct modification of compileSourceRoots through clear() is deprecated and will not work in Maven 4.0.0. Please use the add/remove methods instead. If you're using a plugin that causes this warning, please upgrade to the latest version and report an issue if the warning persists. To disable these warnings, set -Dmaven.project.sourceRoots.warningsDisabled=true on the command line, in the .mvn/maven.config file, or in project POM properties.
2026-09-02 14:20:58,014 [Worker-82: Building] WARN  o.apache.maven.project.MavenProject - Direct modification of compileSourceRoots through add() is deprecated and will not work in Maven 4.0.0. Please use the add/remove methods instead. If you're using a plugin that causes this warning, please upgrade to the latest version and report an issue if the warning persists. To disable these warnings, set -Dmaven.project.sourceRoots.warningsDisabled=true on the command line, in the .mvn/maven.config file, or in project POM properties.
2026-09-02 14:20:58,014 [Worker-82: Building] WARN  o.apache.maven.project.MavenProject - Direct modification of testCompileSourceRoots through clear() is deprecated and will not work in Maven 4.0.0. Please use the add/remove methods instead. If you're using a plugin that causes this warning, please upgrade to the latest version and report an issue if the warning persists. To disable these warnings, set -Dmaven.project.sourceRoots.warningsDisabled=true on the command line, in the .mvn/maven.config file, or in project POM properties.
2026-09-02 14:20:58,014 [Worker-82: Building] WARN  o.apache.maven.project.MavenProject - Direct modification of testCompileSourceRoots through add() is deprecated and will not work in Maven 4.0.0. Please use the add/remove methods instead. If you're using a plugin that causes this warning, please upgrade to the latest version and report an issue if the warning persists. To disable these warnings, set -Dmaven.project.sourceRoots.warningsDisabled=true on the command line, in the .mvn/maven.config file, or in project POM properties.
2026-09-02 14:21:05,351 [Worker-70: Building] INFO  o.a.m.s.f.DefaultMavenResourcesFiltering - Copying 1 resource from src\main\resources to target\classes
2026-09-02 14:21:05,354 [Worker-70: Building] INFO  o.a.m.s.f.DefaultMavenResourcesFiltering - Copying 0 resource from src\main\resources to target\classes
2026-09-02 14:21:05,356 [Worker-70: Building] INFO  o.a.m.s.f.DefaultMavenResourcesFiltering - skip non existing resourceDirectory D:\RestAPI\StudentManagement\src\test\resources
2026-09-02 14:21:05,356 [Worker-70: Building] WARN  o.apache.maven.project.MavenProject - Direct modification of compileSourceRoots through clear() is deprecated and will not work in Maven 4.0.0. Please use the add/remove methods instead. If you're using a plugin that causes this warning, please upgrade to the latest version and report an issue if the warning persists. To disable these warnings, set -Dmaven.project.sourceRoots.warningsDisabled=true on the command line, in the .mvn/maven.config file, or in project POM properties.
2026-09-02 14:21:05,356 [Worker-70: Building] WARN  o.apache.maven.project.MavenProject - Direct modification of compileSourceRoots through add() is deprecated and will not work in Maven 4.0.0. Please use the add/remove methods instead. If you're using a plugin that causes this warning, please upgrade to the latest version and report an issue if the warning persists. To disable these warnings, set -Dmaven.project.sourceRoots.warningsDisabled=true on the command line, in the .mvn/maven.config file, or in project POM properties.
2026-09-02 14:21:05,357 [Worker-70: Building] WARN  o.apache.maven.project.MavenProject - Direct modification of testCompileSourceRoots through clear() is deprecated and will not work in Maven 4.0.0. Please use the add/remove methods instead. If you're using a plugin that causes this warning, please upgrade to the latest version and report an issue if the warning persists. To disable these warnings, set -Dmaven.project.sourceRoots.warningsDisabled=true on the command line, in the .mvn/maven.config file, or in project POM properties.
2026-09-02 14:21:05,357 [Worker-70: Building] WARN  o.apache.maven.project.MavenProject - Direct modification of testCompileSourceRoots through add() is deprecated and will not work in Maven 4.0.0. Please use the add/remove methods instead. If you're using a plugin that causes this warning, please upgrade to the latest version and report an issue if the warning persists. To disable these warnings, set -Dmaven.project.sourceRoots.warningsDisabled=true on the command line, in the .mvn/maven.config file, or in project POM properties.
2026-09-02 14:25:36,325 [Worker-80: Building] INFO  o.a.m.s.f.DefaultMavenResourcesFiltering - Copying 1 resource from src\main\resources to target\classes
2026-09-02 14:25:36,328 [Worker-80: Building] INFO  o.a.m.s.f.DefaultMavenResourcesFiltering - Copying 0 resource from src\main\resources to target\classes
2026-09-02 14:25:36,329 [Worker-80: Building] INFO  o.a.m.s.f.DefaultMavenResourcesFiltering - skip non existing resourceDirectory D:\RestAPI\StudentManagement\src\test\resources
2026-09-02 14:25:36,329 [Worker-80: Building] WARN  o.apache.maven.project.MavenProject - Direct modification of compileSourceRoots through clear() is deprecated and will not work in Maven 4.0.0. Please use the add/remove methods instead. If you're using a plugin that causes this warning, please upgrade to the latest version and report an issue if the warning persists. To disable these warnings, set -Dmaven.project.sourceRoots.warningsDisabled=true on the command line, in the .mvn/maven.config file, or in project POM properties.
2026-09-02 14:25:36,330 [Worker-80: Building] WARN  o.apache.maven.project.MavenProject - Direct modification of compileSourceRoots through add() is deprecated and will not work in Maven 4.0.0. Please use the add/remove methods instead. If you're using a plugin that causes this warning, please upgrade to the latest version and report an issue if the warning persists. To disable these warnings, set -Dmaven.project.sourceRoots.warningsDisabled=true on the command line, in the .mvn/maven.config file, or in project POM properties.
2026-09-02 14:25:36,330 [Worker-80: Building] WARN  o.apache.maven.project.MavenProject - Direct modification of testCompileSourceRoots through clear() is deprecated and will not work in Maven 4.0.0. Please use the add/remove methods instead. If you're using a plugin that causes this warning, please upgrade to the latest version and report an issue if the warning persists. To disable these warnings, set -Dmaven.project.sourceRoots.warningsDisabled=true on the command line, in the .mvn/maven.config file, or in project POM properties.
2026-09-02 14:25:36,330 [Worker-80: Building] WARN  o.apache.maven.project.MavenProject - Direct modification of testCompileSourceRoots through add() is deprecated and will not work in Maven 4.0.0. Please use the add/remove methods instead. If you're using a plugin that causes this warning, please upgrade to the latest version and report an issue if the warning persists. To disable these warnings, set -Dmaven.project.sourceRoots.warningsDisabled=true on the command line, in the .mvn/maven.config file, or in project POM properties.
2026-09-02 14:29:43,624 [Worker-80: Building] INFO  o.a.m.s.f.DefaultMavenResourcesFiltering - Copying 1 resource from src\main\resources to target\classes
2026-09-02 14:29:43,632 [Worker-80: Building] INFO  o.a.m.s.f.DefaultMavenResourcesFiltering - Copying 0 resource from src\main\resources to target\classes
2026-09-02 14:29:43,636 [Worker-80: Building] INFO  o.a.m.s.f.DefaultMavenResourcesFiltering - skip non existing resourceDirectory D:\RestAPI\StudentManagement\src\test\resources
2026-09-02 14:29:43,637 [Worker-80: Building] WARN  o.apache.maven.project.MavenProject - Direct modification of compileSourceRoots through clear() is deprecated and will not work in Maven 4.0.0. Please use the add/remove methods instead. If you're using a plugin that causes this warning, please upgrade to the latest version and report an issue if the warning persists. To disable these warnings, set -Dmaven.project.sourceRoots.warningsDisabled=true on the command line, in the .mvn/maven.config file, or in project POM properties.
2026-09-02 14:29:43,637 [Worker-80: Building] WARN  o.apache.maven.project.MavenProject - Direct modification of compileSourceRoots through add() is deprecated and will not work in Maven 4.0.0. Please use the add/remove methods instead. If you're using a plugin that causes this warning, please upgrade to the latest version and report an issue if the warning persists. To disable these warnings, set -Dmaven.project.sourceRoots.warningsDisabled=true on the command line, in the .mvn/maven.config file, or in project POM properties.
2026-09-02 14:29:43,637 [Worker-80: Building] WARN  o.apache.maven.project.MavenProject - Direct modification of testCompileSourceRoots through clear() is deprecated and will not work in Maven 4.0.0. Please use the add/remove methods instead. If you're using a plugin that causes this warning, please upgrade to the latest version and report an issue if the warning persists. To disable these warnings, set -Dmaven.project.sourceRoots.warningsDisabled=true on the command line, in the .mvn/maven.config file, or in project POM properties.
2026-09-02 14:29:43,638 [Worker-80: Building] WARN  o.apache.maven.project.MavenProject - Direct modification of testCompileSourceRoots through add() is deprecated and will not work in Maven 4.0.0. Please use the add/remove methods instead. If you're using a plugin that causes this warning, please upgrade to the latest version and report an issue if the warning persists. To disable these warnings, set -Dmaven.project.sourceRoots.warningsDisabled=true on the command line, in the .mvn/maven.config file, or in project POM properties.
2026-09-02 14:30:53,679 [Worker-87: Building] INFO  o.a.m.s.f.DefaultMavenResourcesFiltering - Copying 1 resource from src\main\resources to target\classes
2026-09-02 14:30:53,683 [Worker-87: Building] INFO  o.a.m.s.f.DefaultMavenResourcesFiltering - Copying 0 resource from src\main\resources to target\classes
2026-09-02 14:30:53,685 [Worker-87: Building] INFO  o.a.m.s.f.DefaultMavenResourcesFiltering - skip non existing resourceDirectory D:\RestAPI\StudentManagement\src\test\resources
2026-09-02 14:30:53,685 [Worker-87: Building] WARN  o.apache.maven.project.MavenProject - Direct modification of compileSourceRoots through clear() is deprecated and will not work in Maven 4.0.0. Please use the add/remove methods instead. If you're using a plugin that causes this warning, please upgrade to the latest version and report an issue if the warning persists. To disable these warnings, set -Dmaven.project.sourceRoots.warningsDisabled=true on the command line, in the .mvn/maven.config file, or in project POM properties.
2026-09-02 14:30:53,685 [Worker-87: Building] WARN  o.apache.maven.project.MavenProject - Direct modification of compileSourceRoots through add() is deprecated and will not work in Maven 4.0.0. Please use the add/remove methods instead. If you're using a plugin that causes this warning, please upgrade to the latest version and report an issue if the warning persists. To disable these warnings, set -Dmaven.project.sourceRoots.warningsDisabled=true on the command line, in the .mvn/maven.config file, or in project POM properties.
2026-09-02 14:30:53,686 [Worker-87: Building] WARN  o.apache.maven.project.MavenProject - Direct modification of testCompileSourceRoots through clear() is deprecated and will not work in Maven 4.0.0. Please use the add/remove methods instead. If you're using a plugin that causes this warning, please upgrade to the latest version and report an issue if the warning persists. To disable these warnings, set -Dmaven.project.sourceRoots.warningsDisabled=true on the command line, in the .mvn/maven.config file, or in project POM properties.
2026-09-02 14:30:53,686 [Worker-87: Building] WARN  o.apache.maven.project.MavenProject - Direct modification of testCompileSourceRoots through add() is deprecated and will not work in Maven 4.0.0. Please use the add/remove methods instead. If you're using a plugin that causes this warning, please upgrade to the latest version and report an issue if the warning persists. To disable these warnings, set -Dmaven.project.sourceRoots.warningsDisabled=true on the command line, in the .mvn/maven.config file, or in project POM properties.
2026-09-02 14:34:52,731 [Worker-86: Building] INFO  o.a.m.s.f.DefaultMavenResourcesFiltering - Copying 1 resource from src\main\resources to target\classes
2026-09-02 14:34:52,738 [Worker-86: Building] INFO  o.a.m.s.f.DefaultMavenResourcesFiltering - Copying 0 resource from src\main\resources to target\classes
2026-09-02 14:34:52,741 [Worker-86: Building] INFO  o.a.m.s.f.DefaultMavenResourcesFiltering - skip non existing resourceDirectory D:\RestAPI\StudentManagement\src\test\resources
2026-09-02 14:34:52,741 [Worker-86: Building] WARN  o.apache.maven.project.MavenProject - Direct modification of compileSourceRoots through clear() is deprecated and will not work in Maven 4.0.0. Please use the add/remove methods instead. If you're using a plugin that causes this warning, please upgrade to the latest version and report an issue if the warning persists. To disable these warnings, set -Dmaven.project.sourceRoots.warningsDisabled=true on the command line, in the .mvn/maven.config file, or in project POM properties.
2026-09-02 14:34:52,741 [Worker-86: Building] WARN  o.apache.maven.project.MavenProject - Direct modification of compileSourceRoots through add() is deprecated and will not work in Maven 4.0.0. Please use the add/remove methods instead. If you're using a plugin that causes this warning, please upgrade to the latest version and report an issue if the warning persists. To disable these warnings, set -Dmaven.project.sourceRoots.warningsDisabled=true on the command line, in the .mvn/maven.config file, or in project POM properties.
2026-09-02 14:34:52,742 [Worker-86: Building] WARN  o.apache.maven.project.MavenProject - Direct modification of testCompileSourceRoots through clear() is deprecated and will not work in Maven 4.0.0. Please use the add/remove methods instead. If you're using a plugin that causes this warning, please upgrade to the latest version and report an issue if the warning persists. To disable these warnings, set -Dmaven.project.sourceRoots.warningsDisabled=true on the command line, in the .mvn/maven.config file, or in project POM properties.
2026-09-02 14:34:52,742 [Worker-86: Building] WARN  o.apache.maven.project.MavenProject - Direct modification of testCompileSourceRoots through add() is deprecated and will not work in Maven 4.0.0. Please use the add/remove methods instead. If you're using a plugin that causes this warning, please upgrade to the latest version and report an issue if the warning persists. To disable these warnings, set -Dmaven.project.sourceRoots.warningsDisabled=true on the command line, in the .mvn/maven.config file, or in project POM properties.
2026-09-02 14:35:36,109 [Worker-84: Building] INFO  o.a.m.s.f.DefaultMavenResourcesFiltering - Copying 1 resource from src\main\resources to target\classes
2026-09-02 14:35:36,112 [Worker-84: Building] INFO  o.a.m.s.f.DefaultMavenResourcesFiltering - Copying 0 resource from src\main\resources to target\classes
2026-09-02 14:35:36,114 [Worker-84: Building] INFO  o.a.m.s.f.DefaultMavenResourcesFiltering - skip non existing resourceDirectory D:\RestAPI\StudentManagement\src\test\resources
2026-09-02 14:35:36,114 [Worker-84: Building] WARN  o.apache.maven.project.MavenProject - Direct modification of compileSourceRoots through clear() is deprecated and will not work in Maven 4.0.0. Please use the add/remove methods instead. If you're using a plugin that causes this warning, please upgrade to the latest version and report an issue if the warning persists. To disable these warnings, set -Dmaven.project.sourceRoots.warningsDisabled=true on the command line, in the .mvn/maven.config file, or in project POM properties.
2026-09-02 14:35:36,114 [Worker-84: Building] WARN  o.apache.maven.project.MavenProject - Direct modification of compileSourceRoots through add() is deprecated and will not work in Maven 4.0.0. Please use the add/remove methods instead. If you're using a plugin that causes this warning, please upgrade to the latest version and report an issue if the warning persists. To disable these warnings, set -Dmaven.project.sourceRoots.warningsDisabled=true on the command line, in the .mvn/maven.config file, or in project POM properties.
2026-09-02 14:35:36,114 [Worker-84: Building] WARN  o.apache.maven.project.MavenProject - Direct modification of testCompileSourceRoots through clear() is deprecated and will not work in Maven 4.0.0. Please use the add/remove methods instead. If you're using a plugin that causes this warning, please upgrade to the latest version and report an issue if the warning persists. To disable these warnings, set -Dmaven.project.sourceRoots.warningsDisabled=true on the command line, in the .mvn/maven.config file, or in project POM properties.
2026-09-02 14:35:36,114 [Worker-84: Building] WARN  o.apache.maven.project.MavenProject - Direct modification of testCompileSourceRoots through add() is deprecated and will not work in Maven 4.0.0. Please use the add/remove methods instead. If you're using a plugin that causes this warning, please upgrade to the latest version and report an issue if the warning persists. To disable these warnings, set -Dmaven.project.sourceRoots.warningsDisabled=true on the command line, in the .mvn/maven.config file, or in project POM properties.
2026-09-02 14:36:05,198 [Worker-87: Building] INFO  o.a.m.s.f.DefaultMavenResourcesFiltering - Copying 1 resource from src\main\resources to target\classes
2026-09-02 14:36:05,204 [Worker-87: Building] INFO  o.a.m.s.f.DefaultMavenResourcesFiltering - Copying 0 resource from src\main\resources to target\classes
2026-09-02 14:36:05,206 [Worker-87: Building] INFO  o.a.m.s.f.DefaultMavenResourcesFiltering - skip non existing resourceDirectory D:\RestAPI\StudentManagement\src\test\resources
2026-09-02 14:36:05,207 [Worker-87: Building] WARN  o.apache.maven.project.MavenProject - Direct modification of compileSourceRoots through clear() is deprecated and will not work in Maven 4.0.0. Please use the add/remove methods instead. If you're using a plugin that causes this warning, please upgrade to the latest version and report an issue if the warning persists. To disable these warnings, set -Dmaven.project.sourceRoots.warningsDisabled=true on the command line, in the .mvn/maven.config file, or in project POM properties.
2026-09-02 14:36:05,207 [Worker-87: Building] WARN  o.apache.maven.project.MavenProject - Direct modification of compileSourceRoots through add() is deprecated and will not work in Maven 4.0.0. Please use the add/remove methods instead. If you're using a plugin that causes this warning, please upgrade to the latest version and report an issue if the warning persists. To disable these warnings, set -Dmaven.project.sourceRoots.warningsDisabled=true on the command line, in the .mvn/maven.config file, or in project POM properties.
2026-09-02 14:36:05,208 [Worker-87: Building] WARN  o.apache.maven.project.MavenProject - Direct modification of testCompileSourceRoots through clear() is deprecated and will not work in Maven 4.0.0. Please use the add/remove methods instead. If you're using a plugin that causes this warning, please upgrade to the latest version and report an issue if the warning persists. To disable these warnings, set -Dmaven.project.sourceRoots.warningsDisabled=true on the command line, in the .mvn/maven.config file, or in project POM properties.
2026-09-02 14:36:05,208 [Worker-87: Building] WARN  o.apache.maven.project.MavenProject - Direct modification of testCompileSourceRoots through add() is deprecated and will not work in Maven 4.0.0. Please use the add/remove methods instead. If you're using a plugin that causes this warning, please upgrade to the latest version and report an issue if the warning persists. To disable these warnings, set -Dmaven.project.sourceRoots.warningsDisabled=true on the command line, in the .mvn/maven.config file, or in project POM properties.
2026-09-02 14:42:10,649 [Worker-90: Building] INFO  o.a.m.s.f.DefaultMavenResourcesFiltering - Copying 1 resource from src\main\resources to target\classes
2026-09-02 14:42:10,653 [Worker-90: Building] INFO  o.a.m.s.f.DefaultMavenResourcesFiltering - Copying 0 resource from src\main\resources to target\classes
2026-09-02 14:42:10,655 [Worker-90: Building] INFO  o.a.m.s.f.DefaultMavenResourcesFiltering - skip non existing resourceDirectory D:\RestAPI\StudentManagement\src\test\resources
2026-09-02 14:42:10,655 [Worker-90: Building] WARN  o.apache.maven.project.MavenProject - Direct modification of compileSourceRoots through clear() is deprecated and will not work in Maven 4.0.0. Please use the add/remove methods instead. If you're using a plugin that causes this warning, please upgrade to the latest version and report an issue if the warning persists. To disable these warnings, set -Dmaven.project.sourceRoots.warningsDisabled=true on the command line, in the .mvn/maven.config file, or in project POM properties.
2026-09-02 14:42:10,655 [Worker-90: Building] WARN  o.apache.maven.project.MavenProject - Direct modification of compileSourceRoots through add() is deprecated and will not work in Maven 4.0.0. Please use the add/remove methods instead. If you're using a plugin that causes this warning, please upgrade to the latest version and report an issue if the warning persists. To disable these warnings, set -Dmaven.project.sourceRoots.warningsDisabled=true on the command line, in the .mvn/maven.config file, or in project POM properties.
2026-09-02 14:42:10,655 [Worker-90: Building] WARN  o.apache.maven.project.MavenProject - Direct modification of testCompileSourceRoots through clear() is deprecated and will not work in Maven 4.0.0. Please use the add/remove methods instead. If you're using a plugin that causes this warning, please upgrade to the latest version and report an issue if the warning persists. To disable these warnings, set -Dmaven.project.sourceRoots.warningsDisabled=true on the command line, in the .mvn/maven.config file, or in project POM properties.
2026-09-02 14:42:10,656 [Worker-90: Building] WARN  o.apache.maven.project.MavenProject - Direct modification of testCompileSourceRoots through add() is deprecated and will not work in Maven 4.0.0. Please use the add/remove methods instead. If you're using a plugin that causes this warning, please upgrade to the latest version and report an issue if the warning persists. To disable these warnings, set -Dmaven.project.sourceRoots.warningsDisabled=true on the command line, in the .mvn/maven.config file, or in project POM properties.
2026-09-02 14:43:40,142 [Worker-90: Building] INFO  o.a.m.s.f.DefaultMavenResourcesFiltering - Copying 1 resource from src\main\resources to target\classes
2026-09-02 14:43:40,151 [Worker-90: Building] INFO  o.a.m.s.f.DefaultMavenResourcesFiltering - Copying 0 resource from src\main\resources to target\classes
2026-09-02 14:43:40,153 [Worker-90: Building] INFO  o.a.m.s.f.DefaultMavenResourcesFiltering - skip non existing resourceDirectory D:\RestAPI\StudentManagement\src\test\resources
2026-09-02 14:43:40,153 [Worker-90: Building] WARN  o.apache.maven.project.MavenProject - Direct modification of compileSourceRoots through clear() is deprecated and will not work in Maven 4.0.0. Please use the add/remove methods instead. If you're using a plugin that causes this warning, please upgrade to the latest version and report an issue if the warning persists. To disable these warnings, set -Dmaven.project.sourceRoots.warningsDisabled=true on the command line, in the .mvn/maven.config file, or in project POM properties.
2026-09-02 14:43:40,154 [Worker-90: Building] WARN  o.apache.maven.project.MavenProject - Direct modification of compileSourceRoots through add() is deprecated and will not work in Maven 4.0.0. Please use the add/remove methods instead. If you're using a plugin that causes this warning, please upgrade to the latest version and report an issue if the warning persists. To disable these warnings, set -Dmaven.project.sourceRoots.warningsDisabled=true on the command line, in the .mvn/maven.config file, or in project POM properties.
2026-09-02 14:43:40,154 [Worker-90: Building] WARN  o.apache.maven.project.MavenProject - Direct modification of testCompileSourceRoots through clear() is deprecated and will not work in Maven 4.0.0. Please use the add/remove methods instead. If you're using a plugin that causes this warning, please upgrade to the latest version and report an issue if the warning persists. To disable these warnings, set -Dmaven.project.sourceRoots.warningsDisabled=true on the command line, in the .mvn/maven.config file, or in project POM properties.
2026-09-02 14:43:40,154 [Worker-90: Building] WARN  o.apache.maven.project.MavenProject - Direct modification of testCompileSourceRoots through add() is deprecated and will not work in Maven 4.0.0. Please use the add/remove methods instead. If you're using a plugin that causes this warning, please upgrade to the latest version and report an issue if the warning persists. To disable these warnings, set -Dmaven.project.sourceRoots.warningsDisabled=true on the command line, in the .mvn/maven.config file, or in project POM properties.
2026-09-02 14:44:08,405 [Worker-89: Building] INFO  o.a.m.s.f.DefaultMavenResourcesFiltering - Copying 1 resource from src\main\resources to target\classes
2026-09-02 14:44:08,411 [Worker-89: Building] INFO  o.a.m.s.f.DefaultMavenResourcesFiltering - Copying 0 resource from src\main\resources to target\classes
2026-09-02 14:44:08,413 [Worker-89: Building] INFO  o.a.m.s.f.DefaultMavenResourcesFiltering - skip non existing resourceDirectory D:\RestAPI\StudentManagement\src\test\resources
2026-09-02 14:44:08,413 [Worker-89: Building] WARN  o.apache.maven.project.MavenProject - Direct modification of compileSourceRoots through clear() is deprecated and will not work in Maven 4.0.0. Please use the add/remove methods instead. If you're using a plugin that causes this warning, please upgrade to the latest version and report an issue if the warning persists. To disable these warnings, set -Dmaven.project.sourceRoots.warningsDisabled=true on the command line, in the .mvn/maven.config file, or in project POM properties.
2026-09-02 14:44:08,414 [Worker-89: Building] WARN  o.apache.maven.project.MavenProject - Direct modification of compileSourceRoots through add() is deprecated and will not work in Maven 4.0.0. Please use the add/remove methods instead. If you're using a plugin that causes this warning, please upgrade to the latest version and report an issue if the warning persists. To disable these warnings, set -Dmaven.project.sourceRoots.warningsDisabled=true on the command line, in the .mvn/maven.config file, or in project POM properties.
2026-09-02 14:44:08,414 [Worker-89: Building] WARN  o.apache.maven.project.MavenProject - Direct modification of testCompileSourceRoots through clear() is deprecated and will not work in Maven 4.0.0. Please use the add/remove methods instead. If you're using a plugin that causes this warning, please upgrade to the latest version and report an issue if the warning persists. To disable these warnings, set -Dmaven.project.sourceRoots.warningsDisabled=true on the command line, in the .mvn/maven.config file, or in project POM properties.
2026-09-02 14:44:08,414 [Worker-89: Building] WARN  o.apache.maven.project.MavenProject - Direct modification of testCompileSourceRoots through add() is deprecated and will not work in Maven 4.0.0. Please use the add/remove methods instead. If you're using a plugin that causes this warning, please upgrade to the latest version and report an issue if the warning persists. To disable these warnings, set -Dmaven.project.sourceRoots.warningsDisabled=true on the command line, in the .mvn/maven.config file, or in project POM properties.
2026-09-02 14:44:54,864 [Worker-89: Building] INFO  o.a.m.s.f.DefaultMavenResourcesFiltering - Copying 1 resource from src\main\resources to target\classes
2026-09-02 14:44:54,868 [Worker-89: Building] INFO  o.a.m.s.f.DefaultMavenResourcesFiltering - Copying 0 resource from src\main\resources to target\classes
2026-09-02 14:44:54,870 [Worker-89: Building] INFO  o.a.m.s.f.DefaultMavenResourcesFiltering - skip non existing resourceDirectory D:\RestAPI\StudentManagement\src\test\resources
2026-09-02 14:44:54,870 [Worker-89: Building] WARN  o.apache.maven.project.MavenProject - Direct modification of compileSourceRoots through clear() is deprecated and will not work in Maven 4.0.0. Please use the add/remove methods instead. If you're using a plugin that causes this warning, please upgrade to the latest version and report an issue if the warning persists. To disable these warnings, set -Dmaven.project.sourceRoots.warningsDisabled=true on the command line, in the .mvn/maven.config file, or in project POM properties.
2026-09-02 14:44:54,870 [Worker-89: Building] WARN  o.apache.maven.project.MavenProject - Direct modification of compileSourceRoots through add() is deprecated and will not work in Maven 4.0.0. Please use the add/remove methods instead. If you're using a plugin that causes this warning, please upgrade to the latest version and report an issue if the warning persists. To disable these warnings, set -Dmaven.project.sourceRoots.warningsDisabled=true on the command line, in the .mvn/maven.config file, or in project POM properties.
2026-09-02 14:44:54,870 [Worker-89: Building] WARN  o.apache.maven.project.MavenProject - Direct modification of testCompileSourceRoots through clear() is deprecated and will not work in Maven 4.0.0. Please use the add/remove methods instead. If you're using a plugin that causes this warning, please upgrade to the latest version and report an issue if the warning persists. To disable these warnings, set -Dmaven.project.sourceRoots.warningsDisabled=true on the command line, in the .mvn/maven.config file, or in project POM properties.
2026-09-02 14:44:54,870 [Worker-89: Building] WARN  o.apache.maven.project.MavenProject - Direct modification of testCompileSourceRoots through add() is deprecated and will not work in Maven 4.0.0. Please use the add/remove methods instead. If you're using a plugin that causes this warning, please upgrade to the latest version and report an issue if the warning persists. To disable these warnings, set -Dmaven.project.sourceRoots.warningsDisabled=true on the command line, in the .mvn/maven.config file, or in project POM properties.
2026-09-02 14:45:52,371 [Worker-89: Building] INFO  o.a.m.s.f.DefaultMavenResourcesFiltering - Copying 1 resource from src\main\resources to target\classes
2026-09-02 14:45:52,377 [Worker-89: Building] INFO  o.a.m.s.f.DefaultMavenResourcesFiltering - Copying 0 resource from src\main\resources to target\classes
2026-09-02 14:45:52,380 [Worker-89: Building] INFO  o.a.m.s.f.DefaultMavenResourcesFiltering - skip non existing resourceDirectory D:\RestAPI\StudentManagement\src\test\resources
2026-09-02 14:45:52,381 [Worker-89: Building] WARN  o.apache.maven.project.MavenProject - Direct modification of compileSourceRoots through clear() is deprecated and will not work in Maven 4.0.0. Please use the add/remove methods instead. If you're using a plugin that causes this warning, please upgrade to the latest version and report an issue if the warning persists. To disable these warnings, set -Dmaven.project.sourceRoots.warningsDisabled=true on the command line, in the .mvn/maven.config file, or in project POM properties.
2026-09-02 14:45:52,381 [Worker-89: Building] WARN  o.apache.maven.project.MavenProject - Direct modification of compileSourceRoots through add() is deprecated and will not work in Maven 4.0.0. Please use the add/remove methods instead. If you're using a plugin that causes this warning, please upgrade to the latest version and report an issue if the warning persists. To disable these warnings, set -Dmaven.project.sourceRoots.warningsDisabled=true on the command line, in the .mvn/maven.config file, or in project POM properties.
2026-09-02 14:45:52,381 [Worker-89: Building] WARN  o.apache.maven.project.MavenProject - Direct modification of testCompileSourceRoots through clear() is deprecated and will not work in Maven 4.0.0. Please use the add/remove methods instead. If you're using a plugin that causes this warning, please upgrade to the latest version and report an issue if the warning persists. To disable these warnings, set -Dmaven.project.sourceRoots.warningsDisabled=true on the command line, in the .mvn/maven.config file, or in project POM properties.
2026-09-02 14:45:52,382 [Worker-89: Building] WARN  o.apache.maven.project.MavenProject - Direct modification of testCompileSourceRoots through add() is deprecated and will not work in Maven 4.0.0. Please use the add/remove methods instead. If you're using a plugin that causes this warning, please upgrade to the latest version and report an issue if the warning persists. To disable these warnings, set -Dmaven.project.sourceRoots.warningsDisabled=true on the command line, in the .mvn/maven.config file, or in project POM properties.
2026-09-02 14:47:05,004 [Worker-84: Building] INFO  o.a.m.s.f.DefaultMavenResourcesFiltering - Copying 1 resource from src\main\resources to target\classes
2026-09-02 14:47:05,013 [Worker-84: Building] INFO  o.a.m.s.f.DefaultMavenResourcesFiltering - Copying 0 resource from src\main\resources to target\classes
2026-09-02 14:47:05,014 [Worker-84: Building] INFO  o.a.m.s.f.DefaultMavenResourcesFiltering - skip non existing resourceDirectory D:\RestAPI\StudentManagement\src\test\resources
2026-09-02 14:47:05,014 [Worker-84: Building] WARN  o.apache.maven.project.MavenProject - Direct modification of compileSourceRoots through clear() is deprecated and will not work in Maven 4.0.0. Please use the add/remove methods instead. If you're using a plugin that causes this warning, please upgrade to the latest version and report an issue if the warning persists. To disable these warnings, set -Dmaven.project.sourceRoots.warningsDisabled=true on the command line, in the .mvn/maven.config file, or in project POM properties.
2026-09-02 14:47:05,014 [Worker-84: Building] WARN  o.apache.maven.project.MavenProject - Direct modification of compileSourceRoots through add() is deprecated and will not work in Maven 4.0.0. Please use the add/remove methods instead. If you're using a plugin that causes this warning, please upgrade to the latest version and report an issue if the warning persists. To disable these warnings, set -Dmaven.project.sourceRoots.warningsDisabled=true on the command line, in the .mvn/maven.config file, or in project POM properties.
2026-09-02 14:47:05,014 [Worker-84: Building] WARN  o.apache.maven.project.MavenProject - Direct modification of testCompileSourceRoots through clear() is deprecated and will not work in Maven 4.0.0. Please use the add/remove methods instead. If you're using a plugin that causes this warning, please upgrade to the latest version and report an issue if the warning persists. To disable these warnings, set -Dmaven.project.sourceRoots.warningsDisabled=true on the command line, in the .mvn/maven.config file, or in project POM properties.
2026-09-02 14:47:05,014 [Worker-84: Building] WARN  o.apache.maven.project.MavenProject - Direct modification of testCompileSourceRoots through add() is deprecated and will not work in Maven 4.0.0. Please use the add/remove methods instead. If you're using a plugin that causes this warning, please upgrade to the latest version and report an issue if the warning persists. To disable these warnings, set -Dmaven.project.sourceRoots.warningsDisabled=true on the command line, in the .mvn/maven.config file, or in project POM properties.
2026-09-02 14:52:03,342 [Worker-93: Building] INFO  o.a.m.s.f.DefaultMavenResourcesFiltering - Copying 1 resource from src\main\resources to target\classes
2026-09-02 14:52:03,346 [Worker-93: Building] INFO  o.a.m.s.f.DefaultMavenResourcesFiltering - Copying 0 resource from src\main\resources to target\classes
2026-09-02 14:52:03,348 [Worker-93: Building] INFO  o.a.m.s.f.DefaultMavenResourcesFiltering - skip non existing resourceDirectory D:\RestAPI\StudentManagement\src\test\resources
2026-09-02 14:52:03,348 [Worker-93: Building] WARN  o.apache.maven.project.MavenProject - Direct modification of compileSourceRoots through clear() is deprecated and will not work in Maven 4.0.0. Please use the add/remove methods instead. If you're using a plugin that causes this warning, please upgrade to the latest version and report an issue if the warning persists. To disable these warnings, set -Dmaven.project.sourceRoots.warningsDisabled=true on the command line, in the .mvn/maven.config file, or in project POM properties.
2026-09-02 14:52:03,348 [Worker-93: Building] WARN  o.apache.maven.project.MavenProject - Direct modification of compileSourceRoots through add() is deprecated and will not work in Maven 4.0.0. Please use the add/remove methods instead. If you're using a plugin that causes this warning, please upgrade to the latest version and report an issue if the warning persists. To disable these warnings, set -Dmaven.project.sourceRoots.warningsDisabled=true on the command line, in the .mvn/maven.config file, or in project POM properties.
2026-09-02 14:52:03,348 [Worker-93: Building] WARN  o.apache.maven.project.MavenProject - Direct modification of testCompileSourceRoots through clear() is deprecated and will not work in Maven 4.0.0. Please use the add/remove methods instead. If you're using a plugin that causes this warning, please upgrade to the latest version and report an issue if the warning persists. To disable these warnings, set -Dmaven.project.sourceRoots.warningsDisabled=true on the command line, in the .mvn/maven.config file, or in project POM properties.
2026-09-02 14:52:03,348 [Worker-93: Building] WARN  o.apache.maven.project.MavenProject - Direct modification of testCompileSourceRoots through add() is deprecated and will not work in Maven 4.0.0. Please use the add/remove methods instead. If you're using a plugin that causes this warning, please upgrade to the latest version and report an issue if the warning persists. To disable these warnings, set -Dmaven.project.sourceRoots.warningsDisabled=true on the command line, in the .mvn/maven.config file, or in project POM properties.
2026-09-02 15:13:12,247 [Worker-94: Building] INFO  o.a.m.s.f.DefaultMavenResourcesFiltering - Copying 1 resource from src\main\resources to target\classes
2026-09-02 15:13:12,259 [Worker-94: Building] INFO  o.a.m.s.f.DefaultMavenResourcesFiltering - Copying 0 resource from src\main\resources to target\classes
2026-09-02 15:13:12,261 [Worker-94: Building] INFO  o.a.m.s.f.DefaultMavenResourcesFiltering - skip non existing resourceDirectory D:\RestAPI\StudentManagement\src\test\resources
2026-09-02 15:13:12,262 [Worker-94: Building] WARN  o.apache.maven.project.MavenProject - Direct modification of compileSourceRoots through clear() is deprecated and will not work in Maven 4.0.0. Please use the add/remove methods instead. If you're using a plugin that causes this warning, please upgrade to the latest version and report an issue if the warning persists. To disable these warnings, set -Dmaven.project.sourceRoots.warningsDisabled=true on the command line, in the .mvn/maven.config file, or in project POM properties.
2026-09-02 15:13:12,262 [Worker-94: Building] WARN  o.apache.maven.project.MavenProject - Direct modification of compileSourceRoots through add() is deprecated and will not work in Maven 4.0.0. Please use the add/remove methods instead. If you're using a plugin that causes this warning, please upgrade to the latest version and report an issue if the warning persists. To disable these warnings, set -Dmaven.project.sourceRoots.warningsDisabled=true on the command line, in the .mvn/maven.config file, or in project POM properties.
2026-09-02 15:13:12,262 [Worker-94: Building] WARN  o.apache.maven.project.MavenProject - Direct modification of testCompileSourceRoots through clear() is deprecated and will not work in Maven 4.0.0. Please use the add/remove methods instead. If you're using a plugin that causes this warning, please upgrade to the latest version and report an issue if the warning persists. To disable these warnings, set -Dmaven.project.sourceRoots.warningsDisabled=true on the command line, in the .mvn/maven.config file, or in project POM properties.
2026-09-02 15:13:12,263 [Worker-94: Building] WARN  o.apache.maven.project.MavenProject - Direct modification of testCompileSourceRoots through add() is deprecated and will not work in Maven 4.0.0. Please use the add/remove methods instead. If you're using a plugin that causes this warning, please upgrade to the latest version and report an issue if the warning persists. To disable these warnings, set -Dmaven.project.sourceRoots.warningsDisabled=true on the command line, in the .mvn/maven.config file, or in project POM properties.
2026-09-02 15:16:28,303 [Worker-95: Building] INFO  o.a.m.s.f.DefaultMavenResourcesFiltering - Copying 1 resource from src\main\resources to target\classes
2026-09-02 15:16:28,334 [Worker-95: Building] INFO  o.a.m.s.f.DefaultMavenResourcesFiltering - Copying 0 resource from src\main\resources to target\classes
2026-09-02 15:16:28,336 [Worker-95: Building] INFO  o.a.m.s.f.DefaultMavenResourcesFiltering - skip non existing resourceDirectory D:\RestAPI\StudentManagement\src\test\resources
2026-09-02 15:16:28,336 [Worker-95: Building] WARN  o.apache.maven.project.MavenProject - Direct modification of compileSourceRoots through clear() is deprecated and will not work in Maven 4.0.0. Please use the add/remove methods instead. If you're using a plugin that causes this warning, please upgrade to the latest version and report an issue if the warning persists. To disable these warnings, set -Dmaven.project.sourceRoots.warningsDisabled=true on the command line, in the .mvn/maven.config file, or in project POM properties.
2026-09-02 15:16:28,336 [Worker-95: Building] WARN  o.apache.maven.project.MavenProject - Direct modification of compileSourceRoots through add() is deprecated and will not work in Maven 4.0.0. Please use the add/remove methods instead. If you're using a plugin that causes this warning, please upgrade to the latest version and report an issue if the warning persists. To disable these warnings, set -Dmaven.project.sourceRoots.warningsDisabled=true on the command line, in the .mvn/maven.config file, or in project POM properties.
2026-09-02 15:16:28,337 [Worker-95: Building] WARN  o.apache.maven.project.MavenProject - Direct modification of testCompileSourceRoots through clear() is deprecated and will not work in Maven 4.0.0. Please use the add/remove methods instead. If you're using a plugin that causes this warning, please upgrade to the latest version and report an issue if the warning persists. To disable these warnings, set -Dmaven.project.sourceRoots.warningsDisabled=true on the command line, in the .mvn/maven.config file, or in project POM properties.
2026-09-02 15:16:28,337 [Worker-95: Building] WARN  o.apache.maven.project.MavenProject - Direct modification of testCompileSourceRoots through add() is deprecated and will not work in Maven 4.0.0. Please use the add/remove methods instead. If you're using a plugin that causes this warning, please upgrade to the latest version and report an issue if the warning persists. To disable these warnings, set -Dmaven.project.sourceRoots.warningsDisabled=true on the command line, in the .mvn/maven.config file, or in project POM properties.
2026-09-02 15:20:53,388 [Worker-93: Building] INFO  o.a.m.s.f.DefaultMavenResourcesFiltering - Copying 1 resource from src\main\resources to target\classes
2026-09-02 15:20:53,392 [Worker-93: Building] INFO  o.a.m.s.f.DefaultMavenResourcesFiltering - Copying 0 resource from src\main\resources to target\classes
2026-09-02 15:20:53,394 [Worker-93: Building] INFO  o.a.m.s.f.DefaultMavenResourcesFiltering - skip non existing resourceDirectory D:\RestAPI\StudentManagement\src\test\resources
2026-09-02 15:20:53,395 [Worker-93: Building] WARN  o.apache.maven.project.MavenProject - Direct modification of compileSourceRoots through clear() is deprecated and will not work in Maven 4.0.0. Please use the add/remove methods instead. If you're using a plugin that causes this warning, please upgrade to the latest version and report an issue if the warning persists. To disable these warnings, set -Dmaven.project.sourceRoots.warningsDisabled=true on the command line, in the .mvn/maven.config file, or in project POM properties.
2026-09-02 15:20:53,395 [Worker-93: Building] WARN  o.apache.maven.project.MavenProject - Direct modification of compileSourceRoots through add() is deprecated and will not work in Maven 4.0.0. Please use the add/remove methods instead. If you're using a plugin that causes this warning, please upgrade to the latest version and report an issue if the warning persists. To disable these warnings, set -Dmaven.project.sourceRoots.warningsDisabled=true on the command line, in the .mvn/maven.config file, or in project POM properties.
2026-09-02 15:20:53,395 [Worker-93: Building] WARN  o.apache.maven.project.MavenProject - Direct modification of testCompileSourceRoots through clear() is deprecated and will not work in Maven 4.0.0. Please use the add/remove methods instead. If you're using a plugin that causes this warning, please upgrade to the latest version and report an issue if the warning persists. To disable these warnings, set -Dmaven.project.sourceRoots.warningsDisabled=true on the command line, in the .mvn/maven.config file, or in project POM properties.
2026-09-02 15:20:53,395 [Worker-93: Building] WARN  o.apache.maven.project.MavenProject - Direct modification of testCompileSourceRoots through add() is deprecated and will not work in Maven 4.0.0. Please use the add/remove methods instead. If you're using a plugin that causes this warning, please upgrade to the latest version and report an issue if the warning persists. To disable these warnings, set -Dmaven.project.sourceRoots.warningsDisabled=true on the command line, in the .mvn/maven.config file, or in project POM properties.
2026-09-02 15:21:05,376 [Worker-97: Building] INFO  o.a.m.s.f.DefaultMavenResourcesFiltering - Copying 1 resource from src\main\resources to target\classes
2026-09-02 15:21:05,397 [Worker-97: Building] INFO  o.a.m.s.f.DefaultMavenResourcesFiltering - Copying 0 resource from src\main\resources to target\classes
2026-09-02 15:21:05,400 [Worker-97: Building] INFO  o.a.m.s.f.DefaultMavenResourcesFiltering - skip non existing resourceDirectory D:\RestAPI\StudentManagement\src\test\resources
2026-09-02 15:21:05,400 [Worker-97: Building] WARN  o.apache.maven.project.MavenProject - Direct modification of compileSourceRoots through clear() is deprecated and will not work in Maven 4.0.0. Please use the add/remove methods instead. If you're using a plugin that causes this warning, please upgrade to the latest version and report an issue if the warning persists. To disable these warnings, set -Dmaven.project.sourceRoots.warningsDisabled=true on the command line, in the .mvn/maven.config file, or in project POM properties.
2026-09-02 15:21:05,400 [Worker-97: Building] WARN  o.apache.maven.project.MavenProject - Direct modification of compileSourceRoots through add() is deprecated and will not work in Maven 4.0.0. Please use the add/remove methods instead. If you're using a plugin that causes this warning, please upgrade to the latest version and report an issue if the warning persists. To disable these warnings, set -Dmaven.project.sourceRoots.warningsDisabled=true on the command line, in the .mvn/maven.config file, or in project POM properties.
2026-09-02 15:21:05,400 [Worker-97: Building] WARN  o.apache.maven.project.MavenProject - Direct modification of testCompileSourceRoots through clear() is deprecated and will not work in Maven 4.0.0. Please use the add/remove methods instead. If you're using a plugin that causes this warning, please upgrade to the latest version and report an issue if the warning persists. To disable these warnings, set -Dmaven.project.sourceRoots.warningsDisabled=true on the command line, in the .mvn/maven.config file, or in project POM properties.
2026-09-02 15:21:05,400 [Worker-97: Building] WARN  o.apache.maven.project.MavenProject - Direct modification of testCompileSourceRoots through add() is deprecated and will not work in Maven 4.0.0. Please use the add/remove methods instead. If you're using a plugin that causes this warning, please upgrade to the latest version and report an issue if the warning persists. To disable these warnings, set -Dmaven.project.sourceRoots.warningsDisabled=true on the command line, in the .mvn/maven.config file, or in project POM properties.
2026-09-02 15:25:22,944 [Worker-97: Building] INFO  o.a.m.s.f.DefaultMavenResourcesFiltering - Copying 1 resource from src\main\resources to target\classes
2026-09-02 15:25:22,950 [Worker-97: Building] INFO  o.a.m.s.f.DefaultMavenResourcesFiltering - Copying 0 resource from src\main\resources to target\classes
2026-09-02 15:25:22,953 [Worker-97: Building] INFO  o.a.m.s.f.DefaultMavenResourcesFiltering - skip non existing resourceDirectory D:\RestAPI\StudentManagement\src\test\resources
2026-09-02 15:25:22,953 [Worker-97: Building] WARN  o.apache.maven.project.MavenProject - Direct modification of compileSourceRoots through clear() is deprecated and will not work in Maven 4.0.0. Please use the add/remove methods instead. If you're using a plugin that causes this warning, please upgrade to the latest version and report an issue if the warning persists. To disable these warnings, set -Dmaven.project.sourceRoots.warningsDisabled=true on the command line, in the .mvn/maven.config file, or in project POM properties.
2026-09-02 15:25:22,953 [Worker-97: Building] WARN  o.apache.maven.project.MavenProject - Direct modification of compileSourceRoots through add() is deprecated and will not work in Maven 4.0.0. Please use the add/remove methods instead. If you're using a plugin that causes this warning, please upgrade to the latest version and report an issue if the warning persists. To disable these warnings, set -Dmaven.project.sourceRoots.warningsDisabled=true on the command line, in the .mvn/maven.config file, or in project POM properties.
2026-09-02 15:25:22,954 [Worker-97: Building] WARN  o.apache.maven.project.MavenProject - Direct modification of testCompileSourceRoots through clear() is deprecated and will not work in Maven 4.0.0. Please use the add/remove methods instead. If you're using a plugin that causes this warning, please upgrade to the latest version and report an issue if the warning persists. To disable these warnings, set -Dmaven.project.sourceRoots.warningsDisabled=true on the command line, in the .mvn/maven.config file, or in project POM properties.
2026-09-02 15:25:22,954 [Worker-97: Building] WARN  o.apache.maven.project.MavenProject - Direct modification of testCompileSourceRoots through add() is deprecated and will not work in Maven 4.0.0. Please use the add/remove methods instead. If you're using a plugin that causes this warning, please upgrade to the latest version and report an issue if the warning persists. To disable these warnings, set -Dmaven.project.sourceRoots.warningsDisabled=true on the command line, in the .mvn/maven.config file, or in project POM properties.
2026-09-02 15:25:33,621 [Worker-97: Building] INFO  o.a.m.s.f.DefaultMavenResourcesFiltering - Copying 1 resource from src\main\resources to target\classes
2026-09-02 15:25:33,627 [Worker-97: Building] INFO  o.a.m.s.f.DefaultMavenResourcesFiltering - Copying 0 resource from src\main\resources to target\classes
2026-09-02 15:25:33,629 [Worker-97: Building] INFO  o.a.m.s.f.DefaultMavenResourcesFiltering - skip non existing resourceDirectory D:\RestAPI\StudentManagement\src\test\resources
2026-09-02 15:25:33,629 [Worker-97: Building] WARN  o.apache.maven.project.MavenProject - Direct modification of compileSourceRoots through clear() is deprecated and will not work in Maven 4.0.0. Please use the add/remove methods instead. If you're using a plugin that causes this warning, please upgrade to the latest version and report an issue if the warning persists. To disable these warnings, set -Dmaven.project.sourceRoots.warningsDisabled=true on the command line, in the .mvn/maven.config file, or in project POM properties.
2026-09-02 15:25:33,629 [Worker-97: Building] WARN  o.apache.maven.project.MavenProject - Direct modification of compileSourceRoots through add() is deprecated and will not work in Maven 4.0.0. Please use the add/remove methods instead. If you're using a plugin that causes this warning, please upgrade to the latest version and report an issue if the warning persists. To disable these warnings, set -Dmaven.project.sourceRoots.warningsDisabled=true on the command line, in the .mvn/maven.config file, or in project POM properties.
2026-09-02 15:25:33,630 [Worker-97: Building] WARN  o.apache.maven.project.MavenProject - Direct modification of testCompileSourceRoots through clear() is deprecated and will not work in Maven 4.0.0. Please use the add/remove methods instead. If you're using a plugin that causes this warning, please upgrade to the latest version and report an issue if the warning persists. To disable these warnings, set -Dmaven.project.sourceRoots.warningsDisabled=true on the command line, in the .mvn/maven.config file, or in project POM properties.
2026-09-02 15:25:33,630 [Worker-97: Building] WARN  o.apache.maven.project.MavenProject - Direct modification of testCompileSourceRoots through add() is deprecated and will not work in Maven 4.0.0. Please use the add/remove methods instead. If you're using a plugin that causes this warning, please upgrade to the latest version and report an issue if the warning persists. To disable these warnings, set -Dmaven.project.sourceRoots.warningsDisabled=true on the command line, in the .mvn/maven.config file, or in project POM properties.
2026-09-02 15:27:20,799 [Worker-93: Building] INFO  o.a.m.s.f.DefaultMavenResourcesFiltering - Copying 1 resource from src\main\resources to target\classes
2026-09-02 15:27:20,806 [Worker-93: Building] INFO  o.a.m.s.f.DefaultMavenResourcesFiltering - Copying 0 resource from src\main\resources to target\classes
2026-09-02 15:27:20,809 [Worker-93: Building] INFO  o.a.m.s.f.DefaultMavenResourcesFiltering - skip non existing resourceDirectory D:\RestAPI\StudentManagement\src\test\resources
2026-09-02 15:27:20,810 [Worker-93: Building] WARN  o.apache.maven.project.MavenProject - Direct modification of compileSourceRoots through clear() is deprecated and will not work in Maven 4.0.0. Please use the add/remove methods instead. If you're using a plugin that causes this warning, please upgrade to the latest version and report an issue if the warning persists. To disable these warnings, set -Dmaven.project.sourceRoots.warningsDisabled=true on the command line, in the .mvn/maven.config file, or in project POM properties.
2026-09-02 15:27:20,810 [Worker-93: Building] WARN  o.apache.maven.project.MavenProject - Direct modification of compileSourceRoots through add() is deprecated and will not work in Maven 4.0.0. Please use the add/remove methods instead. If you're using a plugin that causes this warning, please upgrade to the latest version and report an issue if the warning persists. To disable these warnings, set -Dmaven.project.sourceRoots.warningsDisabled=true on the command line, in the .mvn/maven.config file, or in project POM properties.
2026-09-02 15:27:20,811 [Worker-93: Building] WARN  o.apache.maven.project.MavenProject - Direct modification of testCompileSourceRoots through clear() is deprecated and will not work in Maven 4.0.0. Please use the add/remove methods instead. If you're using a plugin that causes this warning, please upgrade to the latest version and report an issue if the warning persists. To disable these warnings, set -Dmaven.project.sourceRoots.warningsDisabled=true on the command line, in the .mvn/maven.config file, or in project POM properties.
2026-09-02 15:27:20,811 [Worker-93: Building] WARN  o.apache.maven.project.MavenProject - Direct modification of testCompileSourceRoots through add() is deprecated and will not work in Maven 4.0.0. Please use the add/remove methods instead. If you're using a plugin that causes this warning, please upgrade to the latest version and report an issue if the warning persists. To disable these warnings, set -Dmaven.project.sourceRoots.warningsDisabled=true on the command line, in the .mvn/maven.config file, or in project POM properties.
2026-09-02 15:29:05,323 [Worker-94: Building] INFO  o.a.m.s.f.DefaultMavenResourcesFiltering - Copying 1 resource from src\main\resources to target\classes
2026-09-02 15:29:05,332 [Worker-94: Building] INFO  o.a.m.s.f.DefaultMavenResourcesFiltering - Copying 0 resource from src\main\resources to target\classes
2026-09-02 15:29:05,335 [Worker-94: Building] INFO  o.a.m.s.f.DefaultMavenResourcesFiltering - skip non existing resourceDirectory D:\RestAPI\StudentManagement\src\test\resources
2026-09-02 15:29:05,335 [Worker-94: Building] WARN  o.apache.maven.project.MavenProject - Direct modification of compileSourceRoots through clear() is deprecated and will not work in Maven 4.0.0. Please use the add/remove methods instead. If you're using a plugin that causes this warning, please upgrade to the latest version and report an issue if the warning persists. To disable these warnings, set -Dmaven.project.sourceRoots.warningsDisabled=true on the command line, in the .mvn/maven.config file, or in project POM properties.
2026-09-02 15:29:05,336 [Worker-94: Building] WARN  o.apache.maven.project.MavenProject - Direct modification of compileSourceRoots through add() is deprecated and will not work in Maven 4.0.0. Please use the add/remove methods instead. If you're using a plugin that causes this warning, please upgrade to the latest version and report an issue if the warning persists. To disable these warnings, set -Dmaven.project.sourceRoots.warningsDisabled=true on the command line, in the .mvn/maven.config file, or in project POM properties.
2026-09-02 15:29:05,336 [Worker-94: Building] WARN  o.apache.maven.project.MavenProject - Direct modification of testCompileSourceRoots through clear() is deprecated and will not work in Maven 4.0.0. Please use the add/remove methods instead. If you're using a plugin that causes this warning, please upgrade to the latest version and report an issue if the warning persists. To disable these warnings, set -Dmaven.project.sourceRoots.warningsDisabled=true on the command line, in the .mvn/maven.config file, or in project POM properties.
2026-09-02 15:29:05,336 [Worker-94: Building] WARN  o.apache.maven.project.MavenProject - Direct modification of testCompileSourceRoots through add() is deprecated and will not work in Maven 4.0.0. Please use the add/remove methods instead. If you're using a plugin that causes this warning, please upgrade to the latest version and report an issue if the warning persists. To disable these warnings, set -Dmaven.project.sourceRoots.warningsDisabled=true on the command line, in the .mvn/maven.config file, or in project POM properties.
2026-09-02 15:31:43,437 [Worker-93: Building] INFO  o.a.m.s.f.DefaultMavenResourcesFiltering - Copying 1 resource from src\main\resources to target\classes
2026-09-02 15:31:43,445 [Worker-93: Building] INFO  o.a.m.s.f.DefaultMavenResourcesFiltering - Copying 0 resource from src\main\resources to target\classes
2026-09-02 15:31:43,447 [Worker-93: Building] INFO  o.a.m.s.f.DefaultMavenResourcesFiltering - skip non existing resourceDirectory D:\RestAPI\StudentManagement\src\test\resources
2026-09-02 15:31:43,448 [Worker-93: Building] WARN  o.apache.maven.project.MavenProject - Direct modification of compileSourceRoots through clear() is deprecated and will not work in Maven 4.0.0. Please use the add/remove methods instead. If you're using a plugin that causes this warning, please upgrade to the latest version and report an issue if the warning persists. To disable these warnings, set -Dmaven.project.sourceRoots.warningsDisabled=true on the command line, in the .mvn/maven.config file, or in project POM properties.
2026-09-02 15:31:43,448 [Worker-93: Building] WARN  o.apache.maven.project.MavenProject - Direct modification of compileSourceRoots through add() is deprecated and will not work in Maven 4.0.0. Please use the add/remove methods instead. If you're using a plugin that causes this warning, please upgrade to the latest version and report an issue if the warning persists. To disable these warnings, set -Dmaven.project.sourceRoots.warningsDisabled=true on the command line, in the .mvn/maven.config file, or in project POM properties.
2026-09-02 15:31:43,448 [Worker-93: Building] WARN  o.apache.maven.project.MavenProject - Direct modification of testCompileSourceRoots through clear() is deprecated and will not work in Maven 4.0.0. Please use the add/remove methods instead. If you're using a plugin that causes this warning, please upgrade to the latest version and report an issue if the warning persists. To disable these warnings, set -Dmaven.project.sourceRoots.warningsDisabled=true on the command line, in the .mvn/maven.config file, or in project POM properties.
2026-09-02 15:31:43,449 [Worker-93: Building] WARN  o.apache.maven.project.MavenProject - Direct modification of testCompileSourceRoots through add() is deprecated and will not work in Maven 4.0.0. Please use the add/remove methods instead. If you're using a plugin that causes this warning, please upgrade to the latest version and report an issue if the warning persists. To disable these warnings, set -Dmaven.project.sourceRoots.warningsDisabled=true on the command line, in the .mvn/maven.config file, or in project POM properties.
2026-09-02 15:36:00,267 [Worker-96: Building] INFO  o.a.m.s.f.DefaultMavenResourcesFiltering - Copying 1 resource from src\main\resources to target\classes
2026-09-02 15:36:00,273 [Worker-96: Building] INFO  o.a.m.s.f.DefaultMavenResourcesFiltering - Copying 0 resource from src\main\resources to target\classes
2026-09-02 15:36:00,275 [Worker-96: Building] INFO  o.a.m.s.f.DefaultMavenResourcesFiltering - skip non existing resourceDirectory D:\RestAPI\StudentManagement\src\test\resources
2026-09-02 15:36:00,275 [Worker-96: Building] WARN  o.apache.maven.project.MavenProject - Direct modification of compileSourceRoots through clear() is deprecated and will not work in Maven 4.0.0. Please use the add/remove methods instead. If you're using a plugin that causes this warning, please upgrade to the latest version and report an issue if the warning persists. To disable these warnings, set -Dmaven.project.sourceRoots.warningsDisabled=true on the command line, in the .mvn/maven.config file, or in project POM properties.
2026-09-02 15:36:00,275 [Worker-96: Building] WARN  o.apache.maven.project.MavenProject - Direct modification of compileSourceRoots through add() is deprecated and will not work in Maven 4.0.0. Please use the add/remove methods instead. If you're using a plugin that causes this warning, please upgrade to the latest version and report an issue if the warning persists. To disable these warnings, set -Dmaven.project.sourceRoots.warningsDisabled=true on the command line, in the .mvn/maven.config file, or in project POM properties.
2026-09-02 15:36:00,275 [Worker-96: Building] WARN  o.apache.maven.project.MavenProject - Direct modification of testCompileSourceRoots through clear() is deprecated and will not work in Maven 4.0.0. Please use the add/remove methods instead. If you're using a plugin that causes this warning, please upgrade to the latest version and report an issue if the warning persists. To disable these warnings, set -Dmaven.project.sourceRoots.warningsDisabled=true on the command line, in the .mvn/maven.config file, or in project POM properties.
2026-09-02 15:36:00,275 [Worker-96: Building] WARN  o.apache.maven.project.MavenProject - Direct modification of testCompileSourceRoots through add() is deprecated and will not work in Maven 4.0.0. Please use the add/remove methods instead. If you're using a plugin that causes this warning, please upgrade to the latest version and report an issue if the warning persists. To disable these warnings, set -Dmaven.project.sourceRoots.warningsDisabled=true on the command line, in the .mvn/maven.config file, or in project POM properties.
2026-09-02 15:42:55,951 [Worker-95: Building] INFO  o.a.m.s.f.DefaultMavenResourcesFiltering - Copying 1 resource from src\main\resources to target\classes
2026-09-02 15:42:55,957 [Worker-95: Building] INFO  o.a.m.s.f.DefaultMavenResourcesFiltering - Copying 0 resource from src\main\resources to target\classes
2026-09-02 15:42:55,959 [Worker-95: Building] INFO  o.a.m.s.f.DefaultMavenResourcesFiltering - skip non existing resourceDirectory D:\RestAPI\StudentManagement\src\test\resources
2026-09-02 15:42:55,960 [Worker-95: Building] WARN  o.apache.maven.project.MavenProject - Direct modification of compileSourceRoots through clear() is deprecated and will not work in Maven 4.0.0. Please use the add/remove methods instead. If you're using a plugin that causes this warning, please upgrade to the latest version and report an issue if the warning persists. To disable these warnings, set -Dmaven.project.sourceRoots.warningsDisabled=true on the command line, in the .mvn/maven.config file, or in project POM properties.
2026-09-02 15:42:55,960 [Worker-95: Building] WARN  o.apache.maven.project.MavenProject - Direct modification of compileSourceRoots through add() is deprecated and will not work in Maven 4.0.0. Please use the add/remove methods instead. If you're using a plugin that causes this warning, please upgrade to the latest version and report an issue if the warning persists. To disable these warnings, set -Dmaven.project.sourceRoots.warningsDisabled=true on the command line, in the .mvn/maven.config file, or in project POM properties.
2026-09-02 15:42:55,960 [Worker-95: Building] WARN  o.apache.maven.project.MavenProject - Direct modification of testCompileSourceRoots through clear() is deprecated and will not work in Maven 4.0.0. Please use the add/remove methods instead. If you're using a plugin that causes this warning, please upgrade to the latest version and report an issue if the warning persists. To disable these warnings, set -Dmaven.project.sourceRoots.warningsDisabled=true on the command line, in the .mvn/maven.config file, or in project POM properties.
2026-09-02 15:42:55,961 [Worker-95: Building] WARN  o.apache.maven.project.MavenProject - Direct modification of testCompileSourceRoots through add() is deprecated and will not work in Maven 4.0.0. Please use the add/remove methods instead. If you're using a plugin that causes this warning, please upgrade to the latest version and report an issue if the warning persists. To disable these warnings, set -Dmaven.project.sourceRoots.warningsDisabled=true on the command line, in the .mvn/maven.config file, or in project POM properties.
2026-09-02 15:46:07,836 [Worker-96: Building] INFO  o.a.m.s.f.DefaultMavenResourcesFiltering - Copying 1 resource from src\main\resources to target\classes
2026-09-02 15:46:07,845 [Worker-96: Building] INFO  o.a.m.s.f.DefaultMavenResourcesFiltering - Copying 0 resource from src\main\resources to target\classes
2026-09-02 15:46:07,847 [Worker-96: Building] INFO  o.a.m.s.f.DefaultMavenResourcesFiltering - skip non existing resourceDirectory D:\RestAPI\StudentManagement\src\test\resources
2026-09-02 15:46:07,847 [Worker-96: Building] WARN  o.apache.maven.project.MavenProject - Direct modification of compileSourceRoots through clear() is deprecated and will not work in Maven 4.0.0. Please use the add/remove methods instead. If you're using a plugin that causes this warning, please upgrade to the latest version and report an issue if the warning persists. To disable these warnings, set -Dmaven.project.sourceRoots.warningsDisabled=true on the command line, in the .mvn/maven.config file, or in project POM properties.
2026-09-02 15:46:07,847 [Worker-96: Building] WARN  o.apache.maven.project.MavenProject - Direct modification of compileSourceRoots through add() is deprecated and will not work in Maven 4.0.0. Please use the add/remove methods instead. If you're using a plugin that causes this warning, please upgrade to the latest version and report an issue if the warning persists. To disable these warnings, set -Dmaven.project.sourceRoots.warningsDisabled=true on the command line, in the .mvn/maven.config file, or in project POM properties.
2026-09-02 15:46:07,847 [Worker-96: Building] WARN  o.apache.maven.project.MavenProject - Direct modification of testCompileSourceRoots through clear() is deprecated and will not work in Maven 4.0.0. Please use the add/remove methods instead. If you're using a plugin that causes this warning, please upgrade to the latest version and report an issue if the warning persists. To disable these warnings, set -Dmaven.project.sourceRoots.warningsDisabled=true on the command line, in the .mvn/maven.config file, or in project POM properties.
2026-09-02 15:46:07,848 [Worker-96: Building] WARN  o.apache.maven.project.MavenProject - Direct modification of testCompileSourceRoots through add() is deprecated and will not work in Maven 4.0.0. Please use the add/remove methods instead. If you're using a plugin that causes this warning, please upgrade to the latest version and report an issue if the warning persists. To disable these warnings, set -Dmaven.project.sourceRoots.warningsDisabled=true on the command line, in the .mvn/maven.config file, or in project POM properties.
2026-09-02 15:58:28,600 [Worker-98: Building] INFO  o.a.m.s.f.DefaultMavenResourcesFiltering - Copying 1 resource from src\main\resources to target\classes
2026-09-02 15:58:28,606 [Worker-98: Building] INFO  o.a.m.s.f.DefaultMavenResourcesFiltering - Copying 0 resource from src\main\resources to target\classes
2026-09-02 15:58:28,610 [Worker-98: Building] INFO  o.a.m.s.f.DefaultMavenResourcesFiltering - skip non existing resourceDirectory D:\RestAPI\StudentManagement\src\test\resources
2026-09-02 15:58:28,610 [Worker-98: Building] WARN  o.apache.maven.project.MavenProject - Direct modification of compileSourceRoots through clear() is deprecated and will not work in Maven 4.0.0. Please use the add/remove methods instead. If you're using a plugin that causes this warning, please upgrade to the latest version and report an issue if the warning persists. To disable these warnings, set -Dmaven.project.sourceRoots.warningsDisabled=true on the command line, in the .mvn/maven.config file, or in project POM properties.
2026-09-02 15:58:28,610 [Worker-98: Building] WARN  o.apache.maven.project.MavenProject - Direct modification of compileSourceRoots through add() is deprecated and will not work in Maven 4.0.0. Please use the add/remove methods instead. If you're using a plugin that causes this warning, please upgrade to the latest version and report an issue if the warning persists. To disable these warnings, set -Dmaven.project.sourceRoots.warningsDisabled=true on the command line, in the .mvn/maven.config file, or in project POM properties.
2026-09-02 15:58:28,610 [Worker-98: Building] WARN  o.apache.maven.project.MavenProject - Direct modification of testCompileSourceRoots through clear() is deprecated and will not work in Maven 4.0.0. Please use the add/remove methods instead. If you're using a plugin that causes this warning, please upgrade to the latest version and report an issue if the warning persists. To disable these warnings, set -Dmaven.project.sourceRoots.warningsDisabled=true on the command line, in the .mvn/maven.config file, or in project POM properties.
2026-09-02 15:58:28,611 [Worker-98: Building] WARN  o.apache.maven.project.MavenProject - Direct modification of testCompileSourceRoots through add() is deprecated and will not work in Maven 4.0.0. Please use the add/remove methods instead. If you're using a plugin that causes this warning, please upgrade to the latest version and report an issue if the warning persists. To disable these warnings, set -Dmaven.project.sourceRoots.warningsDisabled=true on the command line, in the .mvn/maven.config file, or in project POM properties.
2026-09-02 16:16:50,003 [Worker-104: Building] INFO  o.a.m.s.f.DefaultMavenResourcesFiltering - Copying 1 resource from src\main\resources to target\classes
2026-09-02 16:16:50,012 [Worker-104: Building] INFO  o.a.m.s.f.DefaultMavenResourcesFiltering - Copying 0 resource from src\main\resources to target\classes
2026-09-02 16:16:50,013 [Worker-104: Building] INFO  o.a.m.s.f.DefaultMavenResourcesFiltering - skip non existing resourceDirectory D:\RestAPI\StudentManagement\src\test\resources
2026-09-02 16:16:50,013 [Worker-104: Building] WARN  o.apache.maven.project.MavenProject - Direct modification of compileSourceRoots through clear() is deprecated and will not work in Maven 4.0.0. Please use the add/remove methods instead. If you're using a plugin that causes this warning, please upgrade to the latest version and report an issue if the warning persists. To disable these warnings, set -Dmaven.project.sourceRoots.warningsDisabled=true on the command line, in the .mvn/maven.config file, or in project POM properties.
2026-09-02 16:16:50,014 [Worker-104: Building] WARN  o.apache.maven.project.MavenProject - Direct modification of compileSourceRoots through add() is deprecated and will not work in Maven 4.0.0. Please use the add/remove methods instead. If you're using a plugin that causes this warning, please upgrade to the latest version and report an issue if the warning persists. To disable these warnings, set -Dmaven.project.sourceRoots.warningsDisabled=true on the command line, in the .mvn/maven.config file, or in project POM properties.
2026-09-02 16:16:50,014 [Worker-104: Building] WARN  o.apache.maven.project.MavenProject - Direct modification of testCompileSourceRoots through clear() is deprecated and will not work in Maven 4.0.0. Please use the add/remove methods instead. If you're using a plugin that causes this warning, please upgrade to the latest version and report an issue if the warning persists. To disable these warnings, set -Dmaven.project.sourceRoots.warningsDisabled=true on the command line, in the .mvn/maven.config file, or in project POM properties.
2026-09-02 16:16:50,014 [Worker-104: Building] WARN  o.apache.maven.project.MavenProject - Direct modification of testCompileSourceRoots through add() is deprecated and will not work in Maven 4.0.0. Please use the add/remove methods instead. If you're using a plugin that causes this warning, please upgrade to the latest version and report an issue if the warning persists. To disable these warnings, set -Dmaven.project.sourceRoots.warningsDisabled=true on the command line, in the .mvn/maven.config file, or in project POM properties.
2026-09-02 16:24:05,199 [Worker-109: Building] INFO  o.a.m.s.f.DefaultMavenResourcesFiltering - Copying 1 resource from src\main\resources to target\classes
2026-09-02 16:24:05,206 [Worker-109: Building] INFO  o.a.m.s.f.DefaultMavenResourcesFiltering - Copying 0 resource from src\main\resources to target\classes
2026-09-02 16:24:05,208 [Worker-109: Building] INFO  o.a.m.s.f.DefaultMavenResourcesFiltering - skip non existing resourceDirectory D:\RestAPI\StudentManagement\src\test\resources
2026-09-02 16:24:05,209 [Worker-109: Building] WARN  o.apache.maven.project.MavenProject - Direct modification of compileSourceRoots through clear() is deprecated and will not work in Maven 4.0.0. Please use the add/remove methods instead. If you're using a plugin that causes this warning, please upgrade to the latest version and report an issue if the warning persists. To disable these warnings, set -Dmaven.project.sourceRoots.warningsDisabled=true on the command line, in the .mvn/maven.config file, or in project POM properties.
2026-09-02 16:24:05,209 [Worker-109: Building] WARN  o.apache.maven.project.MavenProject - Direct modification of compileSourceRoots through add() is deprecated and will not work in Maven 4.0.0. Please use the add/remove methods instead. If you're using a plugin that causes this warning, please upgrade to the latest version and report an issue if the warning persists. To disable these warnings, set -Dmaven.project.sourceRoots.warningsDisabled=true on the command line, in the .mvn/maven.config file, or in project POM properties.
2026-09-02 16:24:05,209 [Worker-109: Building] WARN  o.apache.maven.project.MavenProject - Direct modification of testCompileSourceRoots through clear() is deprecated and will not work in Maven 4.0.0. Please use the add/remove methods instead. If you're using a plugin that causes this warning, please upgrade to the latest version and report an issue if the warning persists. To disable these warnings, set -Dmaven.project.sourceRoots.warningsDisabled=true on the command line, in the .mvn/maven.config file, or in project POM properties.
2026-09-02 16:24:05,210 [Worker-109: Building] WARN  o.apache.maven.project.MavenProject - Direct modification of testCompileSourceRoots through add() is deprecated and will not work in Maven 4.0.0. Please use the add/remove methods instead. If you're using a plugin that causes this warning, please upgrade to the latest version and report an issue if the warning persists. To disable these warnings, set -Dmaven.project.sourceRoots.warningsDisabled=true on the command line, in the .mvn/maven.config file, or in project POM properties.
2026-09-02 16:25:02,709 [Worker-109: Building] INFO  o.a.m.s.f.DefaultMavenResourcesFiltering - Copying 1 resource from src\main\resources to target\classes
2026-09-02 16:25:02,713 [Worker-109: Building] INFO  o.a.m.s.f.DefaultMavenResourcesFiltering - Copying 0 resource from src\main\resources to target\classes
2026-09-02 16:25:02,715 [Worker-109: Building] INFO  o.a.m.s.f.DefaultMavenResourcesFiltering - skip non existing resourceDirectory D:\RestAPI\StudentManagement\src\test\resources
2026-09-02 16:25:02,715 [Worker-109: Building] WARN  o.apache.maven.project.MavenProject - Direct modification of compileSourceRoots through clear() is deprecated and will not work in Maven 4.0.0. Please use the add/remove methods instead. If you're using a plugin that causes this warning, please upgrade to the latest version and report an issue if the warning persists. To disable these warnings, set -Dmaven.project.sourceRoots.warningsDisabled=true on the command line, in the .mvn/maven.config file, or in project POM properties.
2026-09-02 16:25:02,715 [Worker-109: Building] WARN  o.apache.maven.project.MavenProject - Direct modification of compileSourceRoots through add() is deprecated and will not work in Maven 4.0.0. Please use the add/remove methods instead. If you're using a plugin that causes this warning, please upgrade to the latest version and report an issue if the warning persists. To disable these warnings, set -Dmaven.project.sourceRoots.warningsDisabled=true on the command line, in the .mvn/maven.config file, or in project POM properties.
2026-09-02 16:25:02,715 [Worker-109: Building] WARN  o.apache.maven.project.MavenProject - Direct modification of testCompileSourceRoots through clear() is deprecated and will not work in Maven 4.0.0. Please use the add/remove methods instead. If you're using a plugin that causes this warning, please upgrade to the latest version and report an issue if the warning persists. To disable these warnings, set -Dmaven.project.sourceRoots.warningsDisabled=true on the command line, in the .mvn/maven.config file, or in project POM properties.
2026-09-02 16:25:02,716 [Worker-109: Building] WARN  o.apache.maven.project.MavenProject - Direct modification of testCompileSourceRoots through add() is deprecated and will not work in Maven 4.0.0. Please use the add/remove methods instead. If you're using a plugin that causes this warning, please upgrade to the latest version and report an issue if the warning persists. To disable these warnings, set -Dmaven.project.sourceRoots.warningsDisabled=true on the command line, in the .mvn/maven.config file, or in project POM properties.
2026-09-02 16:40:15,310 [Worker-114: Building] INFO  o.a.m.s.f.DefaultMavenResourcesFiltering - Copying 1 resource from src\main\resources to target\classes
2026-09-02 16:40:15,326 [Worker-114: Building] INFO  o.a.m.s.f.DefaultMavenResourcesFiltering - Copying 0 resource from src\main\resources to target\classes
2026-09-02 16:40:15,328 [Worker-114: Building] INFO  o.a.m.s.f.DefaultMavenResourcesFiltering - skip non existing resourceDirectory D:\RestAPI\StudentManagement\src\test\resources
2026-09-02 16:40:15,328 [Worker-114: Building] WARN  o.apache.maven.project.MavenProject - Direct modification of compileSourceRoots through clear() is deprecated and will not work in Maven 4.0.0. Please use the add/remove methods instead. If you're using a plugin that causes this warning, please upgrade to the latest version and report an issue if the warning persists. To disable these warnings, set -Dmaven.project.sourceRoots.warningsDisabled=true on the command line, in the .mvn/maven.config file, or in project POM properties.
2026-09-02 16:40:15,329 [Worker-114: Building] WARN  o.apache.maven.project.MavenProject - Direct modification of compileSourceRoots through add() is deprecated and will not work in Maven 4.0.0. Please use the add/remove methods instead. If you're using a plugin that causes this warning, please upgrade to the latest version and report an issue if the warning persists. To disable these warnings, set -Dmaven.project.sourceRoots.warningsDisabled=true on the command line, in the .mvn/maven.config file, or in project POM properties.
2026-09-02 16:40:15,329 [Worker-114: Building] WARN  o.apache.maven.project.MavenProject - Direct modification of testCompileSourceRoots through clear() is deprecated and will not work in Maven 4.0.0. Please use the add/remove methods instead. If you're using a plugin that causes this warning, please upgrade to the latest version and report an issue if the warning persists. To disable these warnings, set -Dmaven.project.sourceRoots.warningsDisabled=true on the command line, in the .mvn/maven.config file, or in project POM properties.
2026-09-02 16:40:15,329 [Worker-114: Building] WARN  o.apache.maven.project.MavenProject - Direct modification of testCompileSourceRoots through add() is deprecated and will not work in Maven 4.0.0. Please use the add/remove methods instead. If you're using a plugin that causes this warning, please upgrade to the latest version and report an issue if the warning persists. To disable these warnings, set -Dmaven.project.sourceRoots.warningsDisabled=true on the command line, in the .mvn/maven.config file, or in project POM properties.
2026-09-02 16:43:41,757 [Worker-117: Building] INFO  o.a.m.s.f.DefaultMavenResourcesFiltering - Copying 1 resource from src\main\resources to target\classes
2026-09-02 16:43:41,763 [Worker-117: Building] INFO  o.a.m.s.f.DefaultMavenResourcesFiltering - Copying 0 resource from src\main\resources to target\classes
2026-09-02 16:43:41,766 [Worker-117: Building] INFO  o.a.m.s.f.DefaultMavenResourcesFiltering - skip non existing resourceDirectory D:\RestAPI\StudentManagement\src\test\resources
2026-09-02 16:43:41,766 [Worker-117: Building] WARN  o.apache.maven.project.MavenProject - Direct modification of compileSourceRoots through clear() is deprecated and will not work in Maven 4.0.0. Please use the add/remove methods instead. If you're using a plugin that causes this warning, please upgrade to the latest version and report an issue if the warning persists. To disable these warnings, set -Dmaven.project.sourceRoots.warningsDisabled=true on the command line, in the .mvn/maven.config file, or in project POM properties.
2026-09-02 16:43:41,766 [Worker-117: Building] WARN  o.apache.maven.project.MavenProject - Direct modification of compileSourceRoots through add() is deprecated and will not work in Maven 4.0.0. Please use the add/remove methods instead. If you're using a plugin that causes this warning, please upgrade to the latest version and report an issue if the warning persists. To disable these warnings, set -Dmaven.project.sourceRoots.warningsDisabled=true on the command line, in the .mvn/maven.config file, or in project POM properties.
2026-09-02 16:43:41,767 [Worker-117: Building] WARN  o.apache.maven.project.MavenProject - Direct modification of testCompileSourceRoots through clear() is deprecated and will not work in Maven 4.0.0. Please use the add/remove methods instead. If you're using a plugin that causes this warning, please upgrade to the latest version and report an issue if the warning persists. To disable these warnings, set -Dmaven.project.sourceRoots.warningsDisabled=true on the command line, in the .mvn/maven.config file, or in project POM properties.
2026-09-02 16:43:41,767 [Worker-117: Building] WARN  o.apache.maven.project.MavenProject - Direct modification of testCompileSourceRoots through add() is deprecated and will not work in Maven 4.0.0. Please use the add/remove methods instead. If you're using a plugin that causes this warning, please upgrade to the latest version and report an issue if the warning persists. To disable these warnings, set -Dmaven.project.sourceRoots.warningsDisabled=true on the command line, in the .mvn/maven.config file, or in project POM properties.
2026-09-02 16:45:37,335 [Worker-106: Building] INFO  o.a.m.s.f.DefaultMavenResourcesFiltering - Copying 1 resource from src\main\resources to target\classes
2026-09-02 16:45:37,340 [Worker-106: Building] INFO  o.a.m.s.f.DefaultMavenResourcesFiltering - Copying 0 resource from src\main\resources to target\classes
2026-09-02 16:45:37,341 [Worker-106: Building] INFO  o.a.m.s.f.DefaultMavenResourcesFiltering - skip non existing resourceDirectory D:\RestAPI\StudentManagement\src\test\resources
2026-09-02 16:45:37,342 [Worker-106: Building] WARN  o.apache.maven.project.MavenProject - Direct modification of compileSourceRoots through clear() is deprecated and will not work in Maven 4.0.0. Please use the add/remove methods instead. If you're using a plugin that causes this warning, please upgrade to the latest version and report an issue if the warning persists. To disable these warnings, set -Dmaven.project.sourceRoots.warningsDisabled=true on the command line, in the .mvn/maven.config file, or in project POM properties.
2026-09-02 16:45:37,342 [Worker-106: Building] WARN  o.apache.maven.project.MavenProject - Direct modification of compileSourceRoots through add() is deprecated and will not work in Maven 4.0.0. Please use the add/remove methods instead. If you're using a plugin that causes this warning, please upgrade to the latest version and report an issue if the warning persists. To disable these warnings, set -Dmaven.project.sourceRoots.warningsDisabled=true on the command line, in the .mvn/maven.config file, or in project POM properties.
2026-09-02 16:45:37,342 [Worker-106: Building] WARN  o.apache.maven.project.MavenProject - Direct modification of testCompileSourceRoots through clear() is deprecated and will not work in Maven 4.0.0. Please use the add/remove methods instead. If you're using a plugin that causes this warning, please upgrade to the latest version and report an issue if the warning persists. To disable these warnings, set -Dmaven.project.sourceRoots.warningsDisabled=true on the command line, in the .mvn/maven.config file, or in project POM properties.
2026-09-02 16:45:37,342 [Worker-106: Building] WARN  o.apache.maven.project.MavenProject - Direct modification of testCompileSourceRoots through add() is deprecated and will not work in Maven 4.0.0. Please use the add/remove methods instead. If you're using a plugin that causes this warning, please upgrade to the latest version and report an issue if the warning persists. To disable these warnings, set -Dmaven.project.sourceRoots.warningsDisabled=true on the command line, in the .mvn/maven.config file, or in project POM properties.
2026-09-02 16:47:19,171 [Worker-117: Building] INFO  o.a.m.s.f.DefaultMavenResourcesFiltering - Copying 1 resource from src\main\resources to target\classes
2026-09-02 16:47:19,175 [Worker-117: Building] INFO  o.a.m.s.f.DefaultMavenResourcesFiltering - Copying 0 resource from src\main\resources to target\classes
2026-09-02 16:47:19,177 [Worker-117: Building] INFO  o.a.m.s.f.DefaultMavenResourcesFiltering - skip non existing resourceDirectory D:\RestAPI\StudentManagement\src\test\resources
2026-09-02 16:47:19,177 [Worker-117: Building] WARN  o.apache.maven.project.MavenProject - Direct modification of compileSourceRoots through clear() is deprecated and will not work in Maven 4.0.0. Please use the add/remove methods instead. If you're using a plugin that causes this warning, please upgrade to the latest version and report an issue if the warning persists. To disable these warnings, set -Dmaven.project.sourceRoots.warningsDisabled=true on the command line, in the .mvn/maven.config file, or in project POM properties.
2026-09-02 16:47:19,177 [Worker-117: Building] WARN  o.apache.maven.project.MavenProject - Direct modification of compileSourceRoots through add() is deprecated and will not work in Maven 4.0.0. Please use the add/remove methods instead. If you're using a plugin that causes this warning, please upgrade to the latest version and report an issue if the warning persists. To disable these warnings, set -Dmaven.project.sourceRoots.warningsDisabled=true on the command line, in the .mvn/maven.config file, or in project POM properties.
2026-09-02 16:47:19,178 [Worker-117: Building] WARN  o.apache.maven.project.MavenProject - Direct modification of testCompileSourceRoots through clear() is deprecated and will not work in Maven 4.0.0. Please use the add/remove methods instead. If you're using a plugin that causes this warning, please upgrade to the latest version and report an issue if the warning persists. To disable these warnings, set -Dmaven.project.sourceRoots.warningsDisabled=true on the command line, in the .mvn/maven.config file, or in project POM properties.
2026-09-02 16:47:19,178 [Worker-117: Building] WARN  o.apache.maven.project.MavenProject - Direct modification of testCompileSourceRoots through add() is deprecated and will not work in Maven 4.0.0. Please use the add/remove methods instead. If you're using a plugin that causes this warning, please upgrade to the latest version and report an issue if the warning persists. To disable these warnings, set -Dmaven.project.sourceRoots.warningsDisabled=true on the command line, in the .mvn/maven.config file, or in project POM properties.
2026-09-02 16:52:33,846 [Worker-117: Building] INFO  o.a.m.s.f.DefaultMavenResourcesFiltering - Copying 1 resource from src\main\resources to target\classes
2026-09-02 16:52:33,851 [Worker-117: Building] INFO  o.a.m.s.f.DefaultMavenResourcesFiltering - Copying 0 resource from src\main\resources to target\classes
2026-09-02 16:52:33,853 [Worker-117: Building] INFO  o.a.m.s.f.DefaultMavenResourcesFiltering - skip non existing resourceDirectory D:\RestAPI\StudentManagement\src\test\resources
2026-09-02 16:52:33,853 [Worker-117: Building] WARN  o.apache.maven.project.MavenProject - Direct modification of compileSourceRoots through clear() is deprecated and will not work in Maven 4.0.0. Please use the add/remove methods instead. If you're using a plugin that causes this warning, please upgrade to the latest version and report an issue if the warning persists. To disable these warnings, set -Dmaven.project.sourceRoots.warningsDisabled=true on the command line, in the .mvn/maven.config file, or in project POM properties.
2026-09-02 16:52:33,853 [Worker-117: Building] WARN  o.apache.maven.project.MavenProject - Direct modification of compileSourceRoots through add() is deprecated and will not work in Maven 4.0.0. Please use the add/remove methods instead. If you're using a plugin that causes this warning, please upgrade to the latest version and report an issue if the warning persists. To disable these warnings, set -Dmaven.project.sourceRoots.warningsDisabled=true on the command line, in the .mvn/maven.config file, or in project POM properties.
2026-09-02 16:52:33,853 [Worker-117: Building] WARN  o.apache.maven.project.MavenProject - Direct modification of testCompileSourceRoots through clear() is deprecated and will not work in Maven 4.0.0. Please use the add/remove methods instead. If you're using a plugin that causes this warning, please upgrade to the latest version and report an issue if the warning persists. To disable these warnings, set -Dmaven.project.sourceRoots.warningsDisabled=true on the command line, in the .mvn/maven.config file, or in project POM properties.
2026-09-02 16:52:33,853 [Worker-117: Building] WARN  o.apache.maven.project.MavenProject - Direct modification of testCompileSourceRoots through add() is deprecated and will not work in Maven 4.0.0. Please use the add/remove methods instead. If you're using a plugin that causes this warning, please upgrade to the latest version and report an issue if the warning persists. To disable these warnings, set -Dmaven.project.sourceRoots.warningsDisabled=true on the command line, in the .mvn/maven.config file, or in project POM properties.
2026-09-02 16:55:12,538 [Worker-116: Building] INFO  o.a.m.s.f.DefaultMavenResourcesFiltering - Copying 1 resource from src\main\resources to target\classes
2026-09-02 16:55:12,545 [Worker-116: Building] INFO  o.a.m.s.f.DefaultMavenResourcesFiltering - Copying 0 resource from src\main\resources to target\classes
2026-09-02 16:55:12,548 [Worker-116: Building] INFO  o.a.m.s.f.DefaultMavenResourcesFiltering - skip non existing resourceDirectory D:\RestAPI\StudentManagement\src\test\resources
2026-09-02 16:55:12,549 [Worker-116: Building] WARN  o.apache.maven.project.MavenProject - Direct modification of compileSourceRoots through clear() is deprecated and will not work in Maven 4.0.0. Please use the add/remove methods instead. If you're using a plugin that causes this warning, please upgrade to the latest version and report an issue if the warning persists. To disable these warnings, set -Dmaven.project.sourceRoots.warningsDisabled=true on the command line, in the .mvn/maven.config file, or in project POM properties.
2026-09-02 16:55:12,549 [Worker-116: Building] WARN  o.apache.maven.project.MavenProject - Direct modification of compileSourceRoots through add() is deprecated and will not work in Maven 4.0.0. Please use the add/remove methods instead. If you're using a plugin that causes this warning, please upgrade to the latest version and report an issue if the warning persists. To disable these warnings, set -Dmaven.project.sourceRoots.warningsDisabled=true on the command line, in the .mvn/maven.config file, or in project POM properties.
2026-09-02 16:55:12,550 [Worker-116: Building] WARN  o.apache.maven.project.MavenProject - Direct modification of testCompileSourceRoots through clear() is deprecated and will not work in Maven 4.0.0. Please use the add/remove methods instead. If you're using a plugin that causes this warning, please upgrade to the latest version and report an issue if the warning persists. To disable these warnings, set -Dmaven.project.sourceRoots.warningsDisabled=true on the command line, in the .mvn/maven.config file, or in project POM properties.
2026-09-02 16:55:12,550 [Worker-116: Building] WARN  o.apache.maven.project.MavenProject - Direct modification of testCompileSourceRoots through add() is deprecated and will not work in Maven 4.0.0. Please use the add/remove methods instead. If you're using a plugin that causes this warning, please upgrade to the latest version and report an issue if the warning persists. To disable these warnings, set -Dmaven.project.sourceRoots.warningsDisabled=true on the command line, in the .mvn/maven.config file, or in project POM properties.
2026-09-02 17:03:29,519 [Worker-115: Building] INFO  o.a.m.s.f.DefaultMavenResourcesFiltering - Copying 1 resource from src\main\resources to target\classes
2026-09-02 17:03:29,524 [Worker-115: Building] INFO  o.a.m.s.f.DefaultMavenResourcesFiltering - Copying 0 resource from src\main\resources to target\classes
2026-09-02 17:03:29,526 [Worker-115: Building] INFO  o.a.m.s.f.DefaultMavenResourcesFiltering - skip non existing resourceDirectory D:\RestAPI\StudentManagement\src\test\resources
2026-09-02 17:03:29,526 [Worker-115: Building] WARN  o.apache.maven.project.MavenProject - Direct modification of compileSourceRoots through clear() is deprecated and will not work in Maven 4.0.0. Please use the add/remove methods instead. If you're using a plugin that causes this warning, please upgrade to the latest version and report an issue if the warning persists. To disable these warnings, set -Dmaven.project.sourceRoots.warningsDisabled=true on the command line, in the .mvn/maven.config file, or in project POM properties.
2026-09-02 17:03:29,526 [Worker-115: Building] WARN  o.apache.maven.project.MavenProject - Direct modification of compileSourceRoots through add() is deprecated and will not work in Maven 4.0.0. Please use the add/remove methods instead. If you're using a plugin that causes this warning, please upgrade to the latest version and report an issue if the warning persists. To disable these warnings, set -Dmaven.project.sourceRoots.warningsDisabled=true on the command line, in the .mvn/maven.config file, or in project POM properties.
2026-09-02 17:03:29,527 [Worker-115: Building] WARN  o.apache.maven.project.MavenProject - Direct modification of testCompileSourceRoots through clear() is deprecated and will not work in Maven 4.0.0. Please use the add/remove methods instead. If you're using a plugin that causes this warning, please upgrade to the latest version and report an issue if the warning persists. To disable these warnings, set -Dmaven.project.sourceRoots.warningsDisabled=true on the command line, in the .mvn/maven.config file, or in project POM properties.
2026-09-02 17:03:29,527 [Worker-115: Building] WARN  o.apache.maven.project.MavenProject - Direct modification of testCompileSourceRoots through add() is deprecated and will not work in Maven 4.0.0. Please use the add/remove methods instead. If you're using a plugin that causes this warning, please upgrade to the latest version and report an issue if the warning persists. To disable these warnings, set -Dmaven.project.sourceRoots.warningsDisabled=true on the command line, in the .mvn/maven.config file, or in project POM properties.
2026-09-02 17:09:36,526 [Worker-116: Building] INFO  o.a.m.s.f.DefaultMavenResourcesFiltering - Copying 1 resource from src\main\resources to target\classes
2026-09-02 17:09:36,533 [Worker-116: Building] INFO  o.a.m.s.f.DefaultMavenResourcesFiltering - Copying 0 resource from src\main\resources to target\classes
2026-09-02 17:09:36,535 [Worker-116: Building] INFO  o.a.m.s.f.DefaultMavenResourcesFiltering - skip non existing resourceDirectory D:\RestAPI\StudentManagement\src\test\resources
2026-09-02 17:09:36,536 [Worker-116: Building] WARN  o.apache.maven.project.MavenProject - Direct modification of compileSourceRoots through clear() is deprecated and will not work in Maven 4.0.0. Please use the add/remove methods instead. If you're using a plugin that causes this warning, please upgrade to the latest version and report an issue if the warning persists. To disable these warnings, set -Dmaven.project.sourceRoots.warningsDisabled=true on the command line, in the .mvn/maven.config file, or in project POM properties.
2026-09-02 17:09:36,536 [Worker-116: Building] WARN  o.apache.maven.project.MavenProject - Direct modification of compileSourceRoots through add() is deprecated and will not work in Maven 4.0.0. Please use the add/remove methods instead. If you're using a plugin that causes this warning, please upgrade to the latest version and report an issue if the warning persists. To disable these warnings, set -Dmaven.project.sourceRoots.warningsDisabled=true on the command line, in the .mvn/maven.config file, or in project POM properties.
2026-09-02 17:09:36,537 [Worker-116: Building] WARN  o.apache.maven.project.MavenProject - Direct modification of testCompileSourceRoots through clear() is deprecated and will not work in Maven 4.0.0. Please use the add/remove methods instead. If you're using a plugin that causes this warning, please upgrade to the latest version and report an issue if the warning persists. To disable these warnings, set -Dmaven.project.sourceRoots.warningsDisabled=true on the command line, in the .mvn/maven.config file, or in project POM properties.
2026-09-02 17:09:36,537 [Worker-116: Building] WARN  o.apache.maven.project.MavenProject - Direct modification of testCompileSourceRoots through add() is deprecated and will not work in Maven 4.0.0. Please use the add/remove methods instead. If you're using a plugin that causes this warning, please upgrade to the latest version and report an issue if the warning persists. To disable these warnings, set -Dmaven.project.sourceRoots.warningsDisabled=true on the command line, in the .mvn/maven.config file, or in project POM properties.
2026-09-02 17:09:43,944 [Worker-109: Building] INFO  o.a.m.s.f.DefaultMavenResourcesFiltering - Copying 1 resource from src\main\resources to target\classes
2026-09-02 17:09:43,950 [Worker-109: Building] INFO  o.a.m.s.f.DefaultMavenResourcesFiltering - Copying 0 resource from src\main\resources to target\classes
2026-09-02 17:09:43,954 [Worker-109: Building] INFO  o.a.m.s.f.DefaultMavenResourcesFiltering - skip non existing resourceDirectory D:\RestAPI\StudentManagement\src\test\resources
2026-09-02 17:09:43,954 [Worker-109: Building] WARN  o.apache.maven.project.MavenProject - Direct modification of compileSourceRoots through clear() is deprecated and will not work in Maven 4.0.0. Please use the add/remove methods instead. If you're using a plugin that causes this warning, please upgrade to the latest version and report an issue if the warning persists. To disable these warnings, set -Dmaven.project.sourceRoots.warningsDisabled=true on the command line, in the .mvn/maven.config file, or in project POM properties.
2026-09-02 17:09:43,954 [Worker-109: Building] WARN  o.apache.maven.project.MavenProject - Direct modification of compileSourceRoots through add() is deprecated and will not work in Maven 4.0.0. Please use the add/remove methods instead. If you're using a plugin that causes this warning, please upgrade to the latest version and report an issue if the warning persists. To disable these warnings, set -Dmaven.project.sourceRoots.warningsDisabled=true on the command line, in the .mvn/maven.config file, or in project POM properties.
2026-09-02 17:09:43,954 [Worker-109: Building] WARN  o.apache.maven.project.MavenProject - Direct modification of testCompileSourceRoots through clear() is deprecated and will not work in Maven 4.0.0. Please use the add/remove methods instead. If you're using a plugin that causes this warning, please upgrade to the latest version and report an issue if the warning persists. To disable these warnings, set -Dmaven.project.sourceRoots.warningsDisabled=true on the command line, in the .mvn/maven.config file, or in project POM properties.
2026-09-02 17:09:43,955 [Worker-109: Building] WARN  o.apache.maven.project.MavenProject - Direct modification of testCompileSourceRoots through add() is deprecated and will not work in Maven 4.0.0. Please use the add/remove methods instead. If you're using a plugin that causes this warning, please upgrade to the latest version and report an issue if the warning persists. To disable these warnings, set -Dmaven.project.sourceRoots.warningsDisabled=true on the command line, in the .mvn/maven.config file, or in project POM properties.
2026-09-02 17:23:03,202 [Worker-122: Building] INFO  o.a.m.s.f.DefaultMavenResourcesFiltering - Copying 1 resource from src\main\resources to target\classes
2026-09-02 17:23:03,210 [Worker-122: Building] INFO  o.a.m.s.f.DefaultMavenResourcesFiltering - Copying 0 resource from src\main\resources to target\classes
2026-09-02 17:23:03,215 [Worker-122: Building] INFO  o.a.m.s.f.DefaultMavenResourcesFiltering - skip non existing resourceDirectory D:\RestAPI\StudentManagement\src\test\resources
2026-09-02 17:23:03,215 [Worker-122: Building] WARN  o.apache.maven.project.MavenProject - Direct modification of compileSourceRoots through clear() is deprecated and will not work in Maven 4.0.0. Please use the add/remove methods instead. If you're using a plugin that causes this warning, please upgrade to the latest version and report an issue if the warning persists. To disable these warnings, set -Dmaven.project.sourceRoots.warningsDisabled=true on the command line, in the .mvn/maven.config file, or in project POM properties.
2026-09-02 17:23:03,216 [Worker-122: Building] WARN  o.apache.maven.project.MavenProject - Direct modification of compileSourceRoots through add() is deprecated and will not work in Maven 4.0.0. Please use the add/remove methods instead. If you're using a plugin that causes this warning, please upgrade to the latest version and report an issue if the warning persists. To disable these warnings, set -Dmaven.project.sourceRoots.warningsDisabled=true on the command line, in the .mvn/maven.config file, or in project POM properties.
2026-09-02 17:23:03,216 [Worker-122: Building] WARN  o.apache.maven.project.MavenProject - Direct modification of testCompileSourceRoots through clear() is deprecated and will not work in Maven 4.0.0. Please use the add/remove methods instead. If you're using a plugin that causes this warning, please upgrade to the latest version and report an issue if the warning persists. To disable these warnings, set -Dmaven.project.sourceRoots.warningsDisabled=true on the command line, in the .mvn/maven.config file, or in project POM properties.
2026-09-02 17:23:03,217 [Worker-122: Building] WARN  o.apache.maven.project.MavenProject - Direct modification of testCompileSourceRoots through add() is deprecated and will not work in Maven 4.0.0. Please use the add/remove methods instead. If you're using a plugin that causes this warning, please upgrade to the latest version and report an issue if the warning persists. To disable these warnings, set -Dmaven.project.sourceRoots.warningsDisabled=true on the command line, in the .mvn/maven.config file, or in project POM properties.
2026-09-02 17:35:56,121 [Worker-120: Building] INFO  o.a.m.s.f.DefaultMavenResourcesFiltering - Copying 1 resource from src\main\resources to target\classes
2026-09-02 17:35:56,129 [Worker-120: Building] INFO  o.a.m.s.f.DefaultMavenResourcesFiltering - Copying 0 resource from src\main\resources to target\classes
2026-09-02 17:35:56,132 [Worker-120: Building] INFO  o.a.m.s.f.DefaultMavenResourcesFiltering - skip non existing resourceDirectory D:\RestAPI\StudentManagement\src\test\resources
2026-09-02 17:35:56,132 [Worker-120: Building] WARN  o.apache.maven.project.MavenProject - Direct modification of compileSourceRoots through clear() is deprecated and will not work in Maven 4.0.0. Please use the add/remove methods instead. If you're using a plugin that causes this warning, please upgrade to the latest version and report an issue if the warning persists. To disable these warnings, set -Dmaven.project.sourceRoots.warningsDisabled=true on the command line, in the .mvn/maven.config file, or in project POM properties.
2026-09-02 17:35:56,133 [Worker-120: Building] WARN  o.apache.maven.project.MavenProject - Direct modification of compileSourceRoots through add() is deprecated and will not work in Maven 4.0.0. Please use the add/remove methods instead. If you're using a plugin that causes this warning, please upgrade to the latest version and report an issue if the warning persists. To disable these warnings, set -Dmaven.project.sourceRoots.warningsDisabled=true on the command line, in the .mvn/maven.config file, or in project POM properties.
2026-09-02 17:35:56,133 [Worker-120: Building] WARN  o.apache.maven.project.MavenProject - Direct modification of testCompileSourceRoots through clear() is deprecated and will not work in Maven 4.0.0. Please use the add/remove methods instead. If you're using a plugin that causes this warning, please upgrade to the latest version and report an issue if the warning persists. To disable these warnings, set -Dmaven.project.sourceRoots.warningsDisabled=true on the command line, in the .mvn/maven.config file, or in project POM properties.
2026-09-02 17:35:56,133 [Worker-120: Building] WARN  o.apache.maven.project.MavenProject - Direct modification of testCompileSourceRoots through add() is deprecated and will not work in Maven 4.0.0. Please use the add/remove methods instead. If you're using a plugin that causes this warning, please upgrade to the latest version and report an issue if the warning persists. To disable these warnings, set -Dmaven.project.sourceRoots.warningsDisabled=true on the command line, in the .mvn/maven.config file, or in project POM properties.
2026-09-02 17:38:22,655 [Worker-124: Building] INFO  o.a.m.s.f.DefaultMavenResourcesFiltering - Copying 1 resource from src\main\resources to target\classes
2026-09-02 17:38:22,684 [Worker-124: Building] INFO  o.a.m.s.f.DefaultMavenResourcesFiltering - Copying 0 resource from src\main\resources to target\classes
2026-09-02 17:38:22,686 [Worker-124: Building] INFO  o.a.m.s.f.DefaultMavenResourcesFiltering - skip non existing resourceDirectory D:\RestAPI\StudentManagement\src\test\resources
2026-09-02 17:38:22,687 [Worker-124: Building] WARN  o.apache.maven.project.MavenProject - Direct modification of compileSourceRoots through clear() is deprecated and will not work in Maven 4.0.0. Please use the add/remove methods instead. If you're using a plugin that causes this warning, please upgrade to the latest version and report an issue if the warning persists. To disable these warnings, set -Dmaven.project.sourceRoots.warningsDisabled=true on the command line, in the .mvn/maven.config file, or in project POM properties.
2026-09-02 17:38:22,687 [Worker-124: Building] WARN  o.apache.maven.project.MavenProject - Direct modification of compileSourceRoots through add() is deprecated and will not work in Maven 4.0.0. Please use the add/remove methods instead. If you're using a plugin that causes this warning, please upgrade to the latest version and report an issue if the warning persists. To disable these warnings, set -Dmaven.project.sourceRoots.warningsDisabled=true on the command line, in the .mvn/maven.config file, or in project POM properties.
2026-09-02 17:38:22,687 [Worker-124: Building] WARN  o.apache.maven.project.MavenProject - Direct modification of testCompileSourceRoots through clear() is deprecated and will not work in Maven 4.0.0. Please use the add/remove methods instead. If you're using a plugin that causes this warning, please upgrade to the latest version and report an issue if the warning persists. To disable these warnings, set -Dmaven.project.sourceRoots.warningsDisabled=true on the command line, in the .mvn/maven.config file, or in project POM properties.
2026-09-02 17:38:22,687 [Worker-124: Building] WARN  o.apache.maven.project.MavenProject - Direct modification of testCompileSourceRoots through add() is deprecated and will not work in Maven 4.0.0. Please use the add/remove methods instead. If you're using a plugin that causes this warning, please upgrade to the latest version and report an issue if the warning persists. To disable these warnings, set -Dmaven.project.sourceRoots.warningsDisabled=true on the command line, in the .mvn/maven.config file, or in project POM properties.
2026-09-02 17:45:58,699 [Worker-118: Building] INFO  o.a.m.s.f.DefaultMavenResourcesFiltering - Copying 1 resource from src\main\resources to target\classes
2026-09-02 17:45:58,713 [Worker-118: Building] INFO  o.a.m.s.f.DefaultMavenResourcesFiltering - Copying 0 resource from src\main\resources to target\classes
2026-09-02 17:45:58,715 [Worker-118: Building] INFO  o.a.m.s.f.DefaultMavenResourcesFiltering - skip non existing resourceDirectory D:\RestAPI\StudentManagement\src\test\resources
2026-09-02 17:45:58,715 [Worker-118: Building] WARN  o.apache.maven.project.MavenProject - Direct modification of compileSourceRoots through clear() is deprecated and will not work in Maven 4.0.0. Please use the add/remove methods instead. If you're using a plugin that causes this warning, please upgrade to the latest version and report an issue if the warning persists. To disable these warnings, set -Dmaven.project.sourceRoots.warningsDisabled=true on the command line, in the .mvn/maven.config file, or in project POM properties.
2026-09-02 17:45:58,715 [Worker-118: Building] WARN  o.apache.maven.project.MavenProject - Direct modification of compileSourceRoots through add() is deprecated and will not work in Maven 4.0.0. Please use the add/remove methods instead. If you're using a plugin that causes this warning, please upgrade to the latest version and report an issue if the warning persists. To disable these warnings, set -Dmaven.project.sourceRoots.warningsDisabled=true on the command line, in the .mvn/maven.config file, or in project POM properties.
2026-09-02 17:45:58,716 [Worker-118: Building] WARN  o.apache.maven.project.MavenProject - Direct modification of testCompileSourceRoots through clear() is deprecated and will not work in Maven 4.0.0. Please use the add/remove methods instead. If you're using a plugin that causes this warning, please upgrade to the latest version and report an issue if the warning persists. To disable these warnings, set -Dmaven.project.sourceRoots.warningsDisabled=true on the command line, in the .mvn/maven.config file, or in project POM properties.
2026-09-02 17:45:58,716 [Worker-118: Building] WARN  o.apache.maven.project.MavenProject - Direct modification of testCompileSourceRoots through add() is deprecated and will not work in Maven 4.0.0. Please use the add/remove methods instead. If you're using a plugin that causes this warning, please upgrade to the latest version and report an issue if the warning persists. To disable these warnings, set -Dmaven.project.sourceRoots.warningsDisabled=true on the command line, in the .mvn/maven.config file, or in project POM properties.
2026-09-02 17:46:25,631 [Worker-124: Building] INFO  o.a.m.s.f.DefaultMavenResourcesFiltering - Copying 1 resource from src\main\resources to target\classes
2026-09-02 17:46:25,656 [Worker-124: Building] INFO  o.a.m.s.f.DefaultMavenResourcesFiltering - Copying 0 resource from src\main\resources to target\classes
2026-09-02 17:46:25,663 [Worker-124: Building] INFO  o.a.m.s.f.DefaultMavenResourcesFiltering - skip non existing resourceDirectory D:\RestAPI\StudentManagement\src\test\resources
2026-09-02 17:46:25,664 [Worker-124: Building] WARN  o.apache.maven.project.MavenProject - Direct modification of compileSourceRoots through clear() is deprecated and will not work in Maven 4.0.0. Please use the add/remove methods instead. If you're using a plugin that causes this warning, please upgrade to the latest version and report an issue if the warning persists. To disable these warnings, set -Dmaven.project.sourceRoots.warningsDisabled=true on the command line, in the .mvn/maven.config file, or in project POM properties.
2026-09-02 17:46:25,664 [Worker-124: Building] WARN  o.apache.maven.project.MavenProject - Direct modification of compileSourceRoots through add() is deprecated and will not work in Maven 4.0.0. Please use the add/remove methods instead. If you're using a plugin that causes this warning, please upgrade to the latest version and report an issue if the warning persists. To disable these warnings, set -Dmaven.project.sourceRoots.warningsDisabled=true on the command line, in the .mvn/maven.config file, or in project POM properties.
2026-09-02 17:46:25,664 [Worker-124: Building] WARN  o.apache.maven.project.MavenProject - Direct modification of testCompileSourceRoots through clear() is deprecated and will not work in Maven 4.0.0. Please use the add/remove methods instead. If you're using a plugin that causes this warning, please upgrade to the latest version and report an issue if the warning persists. To disable these warnings, set -Dmaven.project.sourceRoots.warningsDisabled=true on the command line, in the .mvn/maven.config file, or in project POM properties.
2026-09-02 17:46:25,664 [Worker-124: Building] WARN  o.apache.maven.project.MavenProject - Direct modification of testCompileSourceRoots through add() is deprecated and will not work in Maven 4.0.0. Please use the add/remove methods instead. If you're using a plugin that causes this warning, please upgrade to the latest version and report an issue if the warning persists. To disable these warnings, set -Dmaven.project.sourceRoots.warningsDisabled=true on the command line, in the .mvn/maven.config file, or in project POM properties.
2026-09-02 17:54:35,825 [Worker-120: Building] INFO  o.a.m.s.f.DefaultMavenResourcesFiltering - Copying 1 resource from src\main\resources to target\classes
2026-09-02 17:54:35,832 [Worker-120: Building] INFO  o.a.m.s.f.DefaultMavenResourcesFiltering - Copying 0 resource from src\main\resources to target\classes
2026-09-02 17:54:35,835 [Worker-120: Building] INFO  o.a.m.s.f.DefaultMavenResourcesFiltering - skip non existing resourceDirectory D:\RestAPI\StudentManagement\src\test\resources
2026-09-02 17:54:35,835 [Worker-120: Building] WARN  o.apache.maven.project.MavenProject - Direct modification of compileSourceRoots through clear() is deprecated and will not work in Maven 4.0.0. Please use the add/remove methods instead. If you're using a plugin that causes this warning, please upgrade to the latest version and report an issue if the warning persists. To disable these warnings, set -Dmaven.project.sourceRoots.warningsDisabled=true on the command line, in the .mvn/maven.config file, or in project POM properties.
2026-09-02 17:54:35,836 [Worker-120: Building] WARN  o.apache.maven.project.MavenProject - Direct modification of compileSourceRoots through add() is deprecated and will not work in Maven 4.0.0. Please use the add/remove methods instead. If you're using a plugin that causes this warning, please upgrade to the latest version and report an issue if the warning persists. To disable these warnings, set -Dmaven.project.sourceRoots.warningsDisabled=true on the command line, in the .mvn/maven.config file, or in project POM properties.
2026-09-02 17:54:35,836 [Worker-120: Building] WARN  o.apache.maven.project.MavenProject - Direct modification of testCompileSourceRoots through clear() is deprecated and will not work in Maven 4.0.0. Please use the add/remove methods instead. If you're using a plugin that causes this warning, please upgrade to the latest version and report an issue if the warning persists. To disable these warnings, set -Dmaven.project.sourceRoots.warningsDisabled=true on the command line, in the .mvn/maven.config file, or in project POM properties.
2026-09-02 17:54:35,837 [Worker-120: Building] WARN  o.apache.maven.project.MavenProject - Direct modification of testCompileSourceRoots through add() is deprecated and will not work in Maven 4.0.0. Please use the add/remove methods instead. If you're using a plugin that causes this warning, please upgrade to the latest version and report an issue if the warning persists. To disable these warnings, set -Dmaven.project.sourceRoots.warningsDisabled=true on the command line, in the .mvn/maven.config file, or in project POM properties.
2026-09-02 18:07:56,420 [Worker-118: Building] INFO  o.a.m.s.f.DefaultMavenResourcesFiltering - Copying 1 resource from src\main\resources to target\classes
2026-09-02 18:07:56,427 [Worker-118: Building] INFO  o.a.m.s.f.DefaultMavenResourcesFiltering - Copying 0 resource from src\main\resources to target\classes
2026-09-02 18:07:56,429 [Worker-118: Building] INFO  o.a.m.s.f.DefaultMavenResourcesFiltering - skip non existing resourceDirectory D:\RestAPI\StudentManagement\src\test\resources
2026-09-02 18:07:56,430 [Worker-118: Building] WARN  o.apache.maven.project.MavenProject - Direct modification of compileSourceRoots through clear() is deprecated and will not work in Maven 4.0.0. Please use the add/remove methods instead. If you're using a plugin that causes this warning, please upgrade to the latest version and report an issue if the warning persists. To disable these warnings, set -Dmaven.project.sourceRoots.warningsDisabled=true on the command line, in the .mvn/maven.config file, or in project POM properties.
2026-09-02 18:07:56,430 [Worker-118: Building] WARN  o.apache.maven.project.MavenProject - Direct modification of compileSourceRoots through add() is deprecated and will not work in Maven 4.0.0. Please use the add/remove methods instead. If you're using a plugin that causes this warning, please upgrade to the latest version and report an issue if the warning persists. To disable these warnings, set -Dmaven.project.sourceRoots.warningsDisabled=true on the command line, in the .mvn/maven.config file, or in project POM properties.
2026-09-02 18:07:56,430 [Worker-118: Building] WARN  o.apache.maven.project.MavenProject - Direct modification of testCompileSourceRoots through clear() is deprecated and will not work in Maven 4.0.0. Please use the add/remove methods instead. If you're using a plugin that causes this warning, please upgrade to the latest version and report an issue if the warning persists. To disable these warnings, set -Dmaven.project.sourceRoots.warningsDisabled=true on the command line, in the .mvn/maven.config file, or in project POM properties.
2026-09-02 18:07:56,431 [Worker-118: Building] WARN  o.apache.maven.project.MavenProject - Direct modification of testCompileSourceRoots through add() is deprecated and will not work in Maven 4.0.0. Please use the add/remove methods instead. If you're using a plugin that causes this warning, please upgrade to the latest version and report an issue if the warning persists. To disable these warnings, set -Dmaven.project.sourceRoots.warningsDisabled=true on the command line, in the .mvn/maven.config file, or in project POM properties.
2026-09-02 18:35:56,318 [Worker-125: Building] INFO  o.a.m.s.f.DefaultMavenResourcesFiltering - Copying 1 resource from src\main\resources to target\classes
2026-09-02 18:35:56,335 [Worker-125: Building] INFO  o.a.m.s.f.DefaultMavenResourcesFiltering - Copying 0 resource from src\main\resources to target\classes
2026-09-02 18:35:56,336 [Worker-125: Building] INFO  o.a.m.s.f.DefaultMavenResourcesFiltering - skip non existing resourceDirectory D:\RestAPI\StudentManagement\src\test\resources
2026-09-02 18:35:56,336 [Worker-125: Building] WARN  o.apache.maven.project.MavenProject - Direct modification of compileSourceRoots through clear() is deprecated and will not work in Maven 4.0.0. Please use the add/remove methods instead. If you're using a plugin that causes this warning, please upgrade to the latest version and report an issue if the warning persists. To disable these warnings, set -Dmaven.project.sourceRoots.warningsDisabled=true on the command line, in the .mvn/maven.config file, or in project POM properties.
2026-09-02 18:35:56,337 [Worker-125: Building] WARN  o.apache.maven.project.MavenProject - Direct modification of compileSourceRoots through add() is deprecated and will not work in Maven 4.0.0. Please use the add/remove methods instead. If you're using a plugin that causes this warning, please upgrade to the latest version and report an issue if the warning persists. To disable these warnings, set -Dmaven.project.sourceRoots.warningsDisabled=true on the command line, in the .mvn/maven.config file, or in project POM properties.
2026-09-02 18:35:56,337 [Worker-125: Building] WARN  o.apache.maven.project.MavenProject - Direct modification of testCompileSourceRoots through clear() is deprecated and will not work in Maven 4.0.0. Please use the add/remove methods instead. If you're using a plugin that causes this warning, please upgrade to the latest version and report an issue if the warning persists. To disable these warnings, set -Dmaven.project.sourceRoots.warningsDisabled=true on the command line, in the .mvn/maven.config file, or in project POM properties.
2026-09-02 18:35:56,337 [Worker-125: Building] WARN  o.apache.maven.project.MavenProject - Direct modification of testCompileSourceRoots through add() is deprecated and will not work in Maven 4.0.0. Please use the add/remove methods instead. If you're using a plugin that causes this warning, please upgrade to the latest version and report an issue if the warning persists. To disable these warnings, set -Dmaven.project.sourceRoots.warningsDisabled=true on the command line, in the .mvn/maven.config file, or in project POM properties.
